Instance	H	Inv	n	m	ID	ReplPolicy	DeliPolicy	Best_known	Inv_ret	Inv_cus	Concentrator_cost	Assignment_cost	Area	LB	Average_inv	obj_mean	objsd	obj_min	Time	CCLIRP	NominalOptimum	IRP_DP	PoolN	CCLIRP_60
abs1n10	3	 high	10	2	1	ML	 US	4248.3804	338.98	1949.4	1550	476	102097.5	2402.1266	0.308182	4308.1768	41.0972	4248.38	4	4314.38	4294.38	4882.6396	50	4248.38
abs1n10	3	 high	10	3	1	ML	 US	4722.4204	331.42	1962.0	1820	631	102097.5	2921.4529	0.308182	4775.6372	42.5114	4722.42	6	4744.42	4734.42	5358.126	50	4722.42
abs1n15	3	 high	15	2	1	ML	 US	4802.1699	373.17	2513.4	1024	1306	125773.0	2539.0906	0.285	4880.9758	36.2769	4802.57	6	5216.57	5175.57	5699.2315	50	4802.57
abs1n15	3	 high	15	3	1	ML	 US	5289.53	330.83	2555.7	1746	718	125773.0	2928.0319	0.285	5338.7373	19.681	5289.53	10	5351.53	5344.53	5535.0506	49	5289.53
abs1n20	3	 high	20	2	1	ML	 US	6242.75	452.97	3339.9	1822	1071	143179.5	2792.8426	0.287619	6353.5676	35.6919	6271.87	14	6685.87	6633.03	6990.6202	50	6271.87
abs1n15	3	 high	15	4	1	ML	 US	5657.94	456.04	2412.3	1878	985	125773.0	3321.3847	0.285	5683.0822	13.2945	5658.34	26	5731.34	5724.34	6280.8048	50	5658.34
abs1n10	3	 high	10	4	1	ML	 US	5237.4204	225.52	2052.9	2668	291	102097.5	3437.5131	0.308182	5256.1856	14.5122	5237.42	15	5237.42	5237.42	5434.0542	50	5237.42
abs1n20	3	 high	20	3	1	ML	 US	6899.41	463.55	3347.7	2374	964	143179.5	3352.8313	0.287619	6974.6876	19.339	6947.25	44	7150.25	7082.41	8187.3286	50	6947.41
abs1n25	3	 high	25	2	1	ML	 US	7052.55	687.9	3763.8	2252	1285	188676.5	2819.3846	0.294615	7692.0816	5.1826	7683.7	25	7989.6999	7986.5598	7776.7947	50	7683.7
abs1n15	3	 high	15	5	1	ML	 US	6070.2998	450.8	2416.5	2374	899	125773.0	3713.4819	0.285	6126.9509	15.7651	6071.3	67	6140.3	6123.82	6359.943	35	6118.82
abs1n10	3	 high	10	5	1	ML	 US	5712.9907	223.39	2064.6	3064	361	102097.5	3960.6558	0.308182	5718.6045	3.9267	5712.99	75	5712.99	5712.99	6574.2186	31	5712.99
abs1n30	3	 high	30	2	1	ML	 US	10052.8	1050.99	6117.6	2687	818	201361.0	3491.127	0.285484	10616.5705	11.0767	10593.59	18	10674.59	10660.83	10880.85	42	10593.59
abs1n25	3	 high	25	3	1	ML	 US	7424.85	669.4	3807.9	2500	879	188676.5	3235.942	0.294615	7738.0408	29.399	7691.3	58	7857.3	7834.8799	7970.3897	50	7691.3
abs1n30	3	 high	30	3	1	ML	 US	10511.8	984.02	6215.4	2687	730	201361.0	4019.8905	0.285484	10575.4748	16.5846	10544.42	51	10618.42	10610.02	11276.6368	46	10544.42
abs1n20	3	 high	20	5	1	ML	 US	7699.1997	548.25	3243.0	3444	578	143179.5	4481.2428	0.287619	7733.1583	5.7114	7724.25	119	7813.25	7813.25	8352.7886	41	7724.25
abs1n25	3	 high	25	4	1	ML	 US	7818.93	534.85	3929.4	2892	639	188676.5	3652.4993	0.294615	7895.77	35.4826	7827.25	102	7996.25	7959.75	8208.1959	42	7827.93
abs1n20	3	 high	20	4	1	ML	 US	7451.82	443.73	3342.9	2914	851	143179.5	3917.7374	0.287619	7487.9195	15.1123	7453.63	150	7552.63	7537.92	7805.1064	44	7453.63
abs1n35	3	 high	35	2	1	ML	 US	9648.24	965.08	5969.7	1594	2218	188912.5	3286.2153	0.285833	9883.9996	22.2492	9843.78	50	10747.78	10723.3399	10277.436	47	9780.64
abs1n25	3	 high	25	5	1	ML	 US	8004.2412	556.24	3948.0	3112	519	188676.5	4067.9517	0.294615	8041.3135	23.0771	8004.24	161	8136.24	8129.24	9254.6069	34	8004.24
abs1n40	3	 high	40	2	1	ML	 US	10952.76	1179.44	6853.5	1624	3271	198950.0	3743.1678	0.291707	11121.9989	30.8534	11011.94	59	12927.94	11841.26	11012.7706	37	11039.44
abs1n35	3	 high	35	3	1	ML	 US	10121.9	954.98	5998.5	2299	1596	188912.5	3735.023	0.285833	10366.2916	15.8863	10333.48	137	10850.48	10848.28	11236.4293	31	10248.22
abs1n40	3	 high	40	3	1	ML	 US	11516.5	1160.84	6877.5	2438	2208	198950.0	4272.4017	0.291707	11616.0532	23.4749	11583.34	101	12684.34	11932.36	11582.5433	38	11590.04
abs1n35	3	 high	35	4	1	ML	 US	10424.24	890.94	6073.5	2890	1143	188912.5	4185.1297	0.285833	10822.3558	73.5535	10660.44	162	10997.44	10993.84	11224.5669	38	10768.84
abs1n35	3	 high	35	5	1	ML	 US	10831.94	854.98	6093.6	3286	911	188912.5	4633.4499	0.285833	10995.58	3.2004	10991.58	193	11146.58	11145.58	12254.7809	34	10994.58
abs1n40	3	 high	40	4	1	ML	 US	12014.06	1142.52	6891.3	3208	1090	198950.0	4802.9857	0.291707	12204.7107	101.5786	12024.82	240	12332.82	12326.22	12117.4486	30	12257.34
abs1n30	3	 high	30	4	1	ML	 US	10996.1006	1001.44	6216.6	3032	860	201361.0	4550.1393	0.285484	11031.6881	16.1593	11010.04	424	11110.04	11091.18	11028.2861	32	11010.04
abs1n45	3	 high	45	2	1	ML	 US	11447.71	1129.71	7371.0	1842	1564	205188.5	3846.5343	0.295435	11595.3024	52.8253	11447.71	329	11907.71	11897.6699	12400.7042	34	11447.71
abs1n5	3	 high	5	2	1	ML	 US	2027.7501	110.45	615.3	902	400	72215.0	876.33	0.265	2063.1234	19.1086	2027.75	0	2027.75	2023.29	2256.3179	35	2027.75
abs1n5	3	 high	5	3	1	ML	 US	2061.2703	87.17	638.1	936	400	72215.0	1091.205	0.265	2086.31	17.2507	2061.27	0	2061.27	2061.27	2066.965	40	2061.27
abs1n5	3	 high	5	4	1	ML	 US	2234.6504	126.35	600.3	1307	199	72215.0	1306.08	0.265	2239.7013	3.6868	2234.65	1	2234.65	2234.65	3058.5495	32	2234.65
abs1n50	3	 high	50	2	1	ML	 US	12127.7793	1137.14	7588.2	2262	1929	185596.0	4290.7625	0.299412	12258.677	31.3299	12177.34	201	12917.34	12911.28	13006.5605	27	12244.28
abs1n5	3	 high	5	5	1	ML	 US	2340.0803	89.54	635.4	1222	415	72215.0	1532.2642	0.265	2370.528	4.9595	2361.94	0	2361.94	2361.94	2764.1473	30	2361.94
abs2n10	3	 high	10	2	2	ML	 US	4437.7793	232.61	1650.3	2122	519	155639.0	2208.0141	0.314545	4501.1006	65.5773	4437.91	3	4523.91	4522.91	4996.8618	36	4437.91
abs1n30	3	 high	30	5	1	ML	 US	11593.4	992.2	6226.8	3570	924	201361.0	5077.4175	0.285484	11769.7236	109.3105	11621.0	523	11713.0	11618.14	12313.9384	32	11707.44
abs2n10	3	 high	10	3	2	ML	 US	5100.4893	287.39	1598.1	2766	547	155639.0	2872.9112	0.314545	5101.118	0.451	5100.49	17	5198.49	5197.99	5677.6204	30	5100.49
abs2n15	3	 high	15	2	2	ML	 US	4932.6606	343.28	2402.7	1511	956	127623.5	2111.3026	0.3075	4968.3781	27.97	4932.98	13	5213.98	5211.98	6794.5932	43	4932.98
abs2n15	3	 high	15	3	2	ML	 US	5150.5503	354.95	2406.6	1930	641	127623.5	2566.3689	0.3075	5203.6132	85.7424	5150.55	18	5333.55	5298.55	5897.3387	41	5150.55
abs1n45	3	 high	45	3	1	ML	 US	11911.35	1132.15	7371.0	2354	1621	205188.5	4351.4014	0.295435	12070.0528	80.8615	11944.15	397	12479.15	12456.77	12997.4017	29	12144.77
abs1n40	3	 high	40	5	1	ML	 US	12547.68	917.21	7138.8	3926	745	198950.0	5333.4018	0.291707	12765.3115	49.7113	12632.01	524	12727.01	12727.01	13449.8624	27	12641.27
abs2n20	3	 high	20	2	2	ML	 US	5979.5898	463.86	3312.6	1592	1139	149622.5	2302.0348	0.294762	6193.0492	21.6834	6166.46	10	6508.46	6484.64	7486.5899	39	6166.46
abs2n15	3	 high	15	4	2	ML	 US	5785.16	360.46	2390.7	2642	443	127623.5	3023.7451	0.3075	5818.0338	28.5437	5785.16	59	5836.16	5833.16	7036.8274	34	5785.16
abs2n20	3	 high	20	3	2	ML	 US	6224.1099	492.79	3339.0	1602	1059	149622.5	2617.3012	0.294762	6359.7239	37.1324	6260.79	19	6492.79	6475.2	6566.7062	36	6260.79
abs2n10	3	 high	10	4	2	ML	 US	5896.5493	190.85	1688.7	3466	645	155639.0	3537.8082	0.314545	5896.56	0.0228	5896.55	200	5990.55	5990.5499	6720.4248	24	5896.55
abs2n20	3	 high	20	4	2	ML	 US	6435.52	475.14	3315.9	2178	640	149622.5	2931.3596	0.294762	6508.8015	3.2069	6505.04	56	6609.04	6609.04	6955.1204	33	6505.04
abs1n45	3	 high	45	4	1	ML	 US	12362.67	1134.25	7372.2	2980	1250	205188.5	4857.4358	0.295435	12529.6279	63.5573	12439.45	513	12737.45	12723.37	13292.4973	33	12444.57
abs2n10	3	 high	10	5	2	ML	 US	6318.1294	168.43	1721.4	3741	776	155639.0	4206.7844	0.314545	6349.0244	33.5256	6330.83	251	6407.8299	6407.8299	7104.0205	36	6321.09
abs1n45	3	 high	45	5	1	ML	 US	12844.47	1135.07	7372.2	3522	1081	205188.5	5362.5948	0.295435	13082.6914	116.4952	12891.27	513	13110.27	13072.05	14705.2105	29	12862.15
abs2n25	3	 high	25	2	2	ML	 US	7647.13	565.07	4217.1	1636	1520	176786.0	3197.6004	0.312308	7743.7936	19.044	7713.17	29	7938.17	7901.29	8090.8621	50	7713.17
abs2n20	3	 high	20	5	2	ML	 US	6635.1099	416.1	3384.0	2207	764	149622.5	3250.0562	0.294762	6647.9616	14.0514	6636.1	63	6773.1	6762.28	7241.2642	37	6636.1
abs1n50	3	 high	50	3	1	ML	 US	12763.28	1172.45	7541.7	3278	931	185596.0	4992.2658	0.299412	12944.2485	69.4064	12834.15	510	12924.15	12907.26	14429.1773	33	12873.26
abs2n25	3	 high	25	3	2	ML	 US	8097.37	598.07	4181.7	2480	915	176786.0	3762.3541	0.312308	8140.3549	28.5256	8110.77	79	8175.77	8148.67	9427.8551	37	8126.67
abs2n30	3	 high	30	2	2	ML	 US	9156.11	949.32	5321.1	1878	2065	179408.0	3240.2597	0.297097	9470.7553	79.2529	9362.42	37	10214.42	10191.76	10009.2806	38	9362.42
abs1n50	3	 high	50	4	1	ML	 US	13398.0	1172.45	7543.5	4322	452	185596.0	5694.9249	0.299412	13916.9713	298.3716	13493.95	511	13489.95	13489.95	14796.1625	30	13493.95
abs2n30	3	 high	30	3	2	ML	 US	9584.21	730.0	5568.0	2398	1425	179408.0	3689.5515	0.297097	9746.0043	44.2309	9666.0	82	10122.0	10109.24	10163.5121	42	9671.62
abs2n35	3	 high	35	2	2	ML	 US	8844.89	852.08	4878.9	2734	1580	205402.5	3088.8841	0.300278	9576.0459	12.7969	9557.98	29	10045.98	10033.4199	9759.2512	37	9557.98
abs1n50	3	 high	50	5	1	ML	 US	14048.2	1142.76	7590.6	4738	726	185596.0	6396.0431	0.299412	14703.7186	513.4195	14140.36	511	14198.36	14182.46	16118.1508	29	14286.28
abs2n25	3	 high	25	4	2	ML	 US	8648.13	714.49	4049.1	3216	757	176786.0	4325.4708	0.312308	8747.6662	10.383	8732.59	202	8736.59	8726.17	9088.3506	37	8732.59
abs2n15	3	 high	15	5	2	ML	 US	6273.61	287.59	2470.5	2936	653	127623.5	3478.0414	0.3075	6338.5735	24.322	6294.09	385	6348.09	6347.15	7098.647	31	6294.09
abs2n35	3	 high	35	3	2	ML	 US	9204.59	719.97	5052.0	2557	1358	205402.5	3567.7561	0.300278	9336.0978	40.9938	9270.97	72	9688.97	9685.31	10090.8868	41	9272.11
abs2n40	3	 high	40	2	2	ML	 US	9550.5879	816.89	5383.2	2153	2630	210923.5	3326.2291	0.303659	10239.8418	395.6773	9795.09	76	10985.09	10979.71	10188.1283	28	10315.46
abs2n30	3	 high	30	4	2	ML	 US	9925.9014	865.99	5473.8	2674	1283	179408.0	4139.1752	0.297097	10007.8094	20.8552	9986.79	292	10297.79	10286.83	11534.8273	31	9989.83
abs2n40	3	 high	40	3	2	ML	 US	9900.51	949.87	5236.2	2612	2035	210923.5	3858.9287	0.303659	10015.6177	21.177	9994.07	132	10834.07	10819.07	10624.5207	35	9994.07
abs2n25	3	 high	25	5	2	ML	 US	9146.73	716.0	4063.2	3650	767	176786.0	4893.5024	0.312308	9198.2587	29.9952	9156.2	409	9197.2	9193.2	9812.5741	31	9156.2
abs2n45	3	 high	45	2	2	ML	 US	11012.29	1043.21	6843.9	1794	2789	204224.5	4152.5059	0.29587	11114.4134	26.5239	11031.11	118	12470.11	11795.25	11031.2636	35	11065.05
abs2n30	3	 high	30	5	2	ML	 US	10362.8	710.13	5606.1	3342	960	179408.0	4586.6442	0.297097	10570.9689	97.8177	10404.23	525	10618.23	10577.51	11262.8033	30	10404.23
abs2n45	3	 high	45	3	2	ML	 US	11582.39	1063.45	6830.1	2948	1334	204224.5	4770.2338	0.29587	11724.1819	61.1882	11628.55	267	12176.55	12164.29	12538.3204	32	11668.29
abs2n45	3	 high	45	4	2	ML	 US	12151.99	1050.81	6831.9	3706	812	204224.5	5390.6931	0.29587	12209.6861	22.6896	12170.71	248	12401.71	12381.87	12208.8848	31	12176.87
abs2n5	3	 high	5	2	2	ML	 US	1756.0701	64.69	602.7	859	228	49384.5	912.2454	0.261667	1808.2286	25.0762	1756.39	0	1756.39	1756.39	2103.4161	37	1756.39
abs2n5	3	 high	5	3	2	ML	 US	2156.6897	72.19	589.5	1446	67	49384.5	1203.7706	0.261667	2171.9872	9.947	2156.69	1	2174.69	2156.69	2230.6934	39	2156.69
abs2n5	3	 high	5	4	2	ML	 US	2386.3997	85.1	576.3	1496	229	49384.5	1502.7708	0.261667	2391.655	2.8193	2386.4	0	2386.4	2386.4	2924.8453	24	2386.4
abs2n5	3	 high	5	5	2	ML	 US	2594.0198	55.72	606.3	1516	416	49384.5	1804.3157	0.261667	2600.4876	4.5228	2594.02	1	2594.02	2594.02	2685.2602	29	2594.02
abs2n35	3	 high	35	4	2	ML	 US	9609.7275	697.23	5064.6	2977	1302	205402.5	4048.0971	0.300278	9734.6015	5.6185	9728.83	516	10042.83	10009.83	10228.0077	27	9728.83
abs3n10	3	 high	10	2	3	ML	 US	3755.1304	161.33	1608.9	1142	1057	118325.5	1541.1067	0.322727	3897.0187	81.0232	3755.23	5	3969.23	3899.29	3767.0039	30	3755.23
abs2n35	3	 high	35	5	2	ML	 US	10001.8	699.85	5058.6	3478	1059	205402.5	4525.5002	0.300278	10165.4748	43.9996	10127.45	520	10296.45	10291.45	11063.7125	29	10127.45
abs3n10	3	 high	10	3	3	ML	 US	4191.2495	190.15	1592.1	1402	1134	118325.5	1955.2437	0.322727	4291.5103	51.7837	4191.25	10	4319.25	4246.74	4214.051	31	4191.25
abs3n10	3	 high	10	4	3	ML	 US	4510.1494	223.07	1558.5	2036	719	118325.5	2377.8784	0.322727	4521.2934	12.398	4510.57	9	4536.57	4510.57	4991.9141	29	4510.57
abs3n15	3	 high	15	2	3	ML	 US	5557.4297	441.79	2742.0	1540	960	184494.0	2090.1101	0.32875	5661.1198	67.5531	5557.79	12	5684.79	5673.85	5559.9746	50	5557.79
abs2n40	3	 high	40	4	2	ML	 US	10430.7	711.63	5446.8	3175	1734	210923.5	4391.6282	0.303659	10551.9894	55.2132	10461.43	518	11069.43	11007.14	11039.145	34	10473.8
abs3n15	3	 high	15	3	3	ML	 US	5836.9897	436.99	2754.0	1858	829	184494.0	2557.1701	0.32875	5901.0842	46.5938	5836.99	31	5877.99	5877.99	6880.8137	45	5836.99
abs2n40	3	 high	40	5	2	ML	 US	10713.9	735.24	5449.5	3702	1343	210923.5	4925.3017	0.303659	10913.0853	60.0602	10849.74	519	11230.74	11226.74	11924.2625	30	10851.4
abs3n20	3	 high	20	2	3	ML	 US	6238.9898	517.4	3404.1	1760	1213	173451.0	2110.6229	0.300476	6736.9022	63.3644	6633.5	10	6895.5	6833.5	7831.955	45	6633.5
abs3n10	3	 high	10	5	3	ML	 US	4940.3696	222.31	1557.3	2346	804	118325.5	2792.0029	0.322727	4957.6685	8.8575	4945.61	87	4929.61	4929.61	5368.147	26	4945.61
abs2n50	3	 high	50	2	2	ML	 US	12433.62	1018.41	7756.5	2360	2095	222732.5	4623.8621	0.298824	12577.1509	29.937	12524.91	338	13229.91	13229.91	13184.6515	32	12524.91
abs3n20	3	 high	20	3	3	ML	 US	6487.3897	554.09	3402.3	1632	1200	173451.0	2514.0344	0.300476	6568.3111	72.4414	6487.39	19	6788.39	6723.39	7737.0348	44	6487.39
abs3n15	3	 high	15	4	3	ML	 US	6518.4897	505.45	2675.4	2064	1259	184494.0	3027.1862	0.32875	6531.5484	8.8868	6520.85	67	6504.85	6500.57	6606.3619	37	6521.81
abs3n15	3	 high	15	5	3	ML	 US	6892.4595	505.75	2678.1	2642	1043	184494.0	3493.1362	0.32875	6899.3223	4.9672	6892.85	60	6868.85	6865.64	7619.3122	31	6892.85
abs3n20	3	 high	20	4	3	ML	 US	7060.9297	577.83	3371.1	2373	791	173451.0	2917.4458	0.300476	7086.1963	22.1886	7060.93	45	7113.93	7107.29	7865.5965	35	7060.93
abs3n25	3	 high	25	2	3	ML	 US	8029.8911	708.87	4556.7	1956	1409	192264.0	3055.1582	0.313846	8390.694	321.4824	8030.57	26	8630.57	8552.57	8049.94	45	8030.57
abs3n25	3	 high	25	3	3	ML	 US	8629.85	711.11	4556.7	2814	661	192264.0	3699.9873	0.313846	8761.9373	37.0932	8691.81	53	8742.81	8647.87	9417.7917	41	8659.23
abs3n30	3	 high	30	2	3	ML	 US	9826.3115	987.08	6131.4	1801	1713	204549.0	3111.3113	0.307419	10289.9277	26.2523	10180.48	24	10634.48	10606.56	10382.9032	43	10180.48
abs3n20	3	 high	20	5	3	ML	 US	7434.31	562.23	3389.1	2716	829	173451.0	3322.1713	0.300476	7462.9021	28.813	7434.33	146	7496.33	7441.33	8612.6205	34	7436.33
abs2n45	3	 high	45	5	2	ML	 US	12805.1	1057.43	6840.3	4362	868	204224.5	6007.4447	0.29587	13158.8552	136.4304	12876.73	516	13127.73	13080.45	13977.0091	29	12881.45
abs3n25	3	 high	25	4	3	ML	 US	9251.77	702.43	4572.9	3542	520	192264.0	4347.2543	0.313846	9312.556	32.9545	9262.33	125	9338.33	9304.69	10845.1553	43	9262.59
abs2n50	3	 high	50	3	2	ML	 US	13118.32	1198.65	7517.7	3760	1295	222732.5	5314.0082	0.298824	13520.4475	101.4505	13354.35	510	13771.35	13770.95	14548.237	32	13354.95
abs3n30	3	 high	30	3	3	ML	 US	10037.21	1054.51	6139.8	1771	1640	204549.0	3472.2853	0.307419	10402.5772	28.9717	10329.31	35	10607.31	10590.31	10807.9525	47	10189.21
abs3n30	3	 high	30	4	3	ML	 US	10372.65	1051.15	6140.4	2470	896	204549.0	3834.0225	0.307419	10403.3071	18.9498	10377.55	46	10558.55	10541.55	10387.9159	41	10372.87
abs3n40	3	 high	40	2	3	ML	 US	11086.6914	1070.45	6905.7	1110	7699	195433.0	3377.0378	0.323659	11933.3865	24.1562	11696.15	26	16785.15	12114.6299	11693.3754	34	11457.69
abs3n35	3	 high	35	2	3	ML	 US	11334.81	1207.07	7069.5	2004	1393	195931.0	3954.1304	0.313056	11497.4151	60.4205	11357.57	104	11673.57	11500.93	11355.8977	39	11381.93
abs3n35	3	 high	35	3	3	ML	 US	11881.77	1192.69	7073.7	2947	853	195931.0	4557.4956	0.313056	12014.0037	44.1201	11935.39	87	12068.39	12042.39	11941.9129	35	11935.39
abs2n50	3	 high	50	4	2	ML	 US	13732.7	1011.78	7667.1	4434	897	222732.5	6005.6321	0.298824	14129.1328	143.817	13903.88	512	14009.88	14009.88	14677.1936	32	13906.26
abs3n40	3	 high	40	3	3	ML	 US	11296.69	1153.65	6833.1	2066	1882	195433.0	3728.0068	0.323659	11708.5784	25.5682	11664.75	74	11935.75	11921.73	11966.7486	38	11704.79
abs2n50	3	 high	50	5	2	ML	 US	14298.32	1015.22	7748.4	4750	1182	222732.5	6697.072	0.298824	14466.4007	105.9706	14347.62	511	14696.62	14651.62	16011.564	27	14937.77
abs3n35	3	 high	35	4	3	ML	 US	12462.91	1136.93	7154.1	3491	802	195931.0	5160.8608	0.313056	12536.1158	24.464	12497.03	206	12586.03	12565.35	13293.2377	31	12497.03
abs3n30	3	 high	30	5	3	ML	 US	10678.15	1027.71	6159.6	2870	845	204549.0	4195.3782	0.307419	10716.9225	29.5571	10678.31	255	10902.31	10892.3099	11435.9909	32	10678.31
abs3n45	3	 high	45	2	3	ML	 US	11926.76	1287.54	7749.6	638	7237	200749.0	3651.1769	0.32087	13197.2814	67.7328	11987.14	87	16912.14	13771.4499	11987.2465	37	13100.05
abs3n45	3	 high	45	3	3	ML	 US	12088.54	1226.31	7748.7	2421	1867	200749.0	3971.9653	0.32087	12655.0294	64.4827	12591.01	74	13265.01	13253.01	12762.2329	34	12538.01
abs3n25	3	 high	25	5	3	ML	 US	9801.3096	715.45	4577.7	3956	698	192264.0	4994.2187	0.313846	9864.2894	24.0857	9833.15	518	9948.15	9903.03	12025.2824	35	9833.15
abs3n5	3	 high	5	2	3	ML	 US	3290.7	160.1	828.6	1350	952	100922.0	2260.8544	0.395	3311.3847	13.5807	3290.7	0	3290.7	3290.7	3444.0252	30	3290.7
abs3n5	3	 high	5	3	3	ML	 US	3828.9597	90.76	874.2	2266	573	100922.0	2921.4816	0.395	3962.062	60.0471	3828.96	0	3803.96	3803.96	4086.0085	41	3828.96
abs3n45	3	 high	45	4	3	ML	 US	12370.24	1276.38	7729.2	2302	1633	200749.0	4292.7538	0.32087	12563.9681	82.5053	12399.58	123	12940.58	12927.2	13392.6473	27	12399.58
abs3n5	3	 high	5	4	3	ML	 US	4445.2202	121.22	855.0	3288	194	100922.0	3582.1088	0.395	4461.582	12.9361	4445.22	3	4458.22	4458.22	5469.504	20	4445.22
abs3n5	3	 high	5	5	3	ML	 US	4798.5903	110.69	855.9	3394	451	100922.0	4249.9956	0.395	4808.0761	6.7608	4798.59	2	4811.59	4798.59	5890.715	33	4798.59
abs4n10	3	 high	10	2	4	ML	 US	4051.8303	236.03	1576.8	1408	976	112460.5	2150.3969	0.257273	4171.1389	60.5782	4051.83	5	4196.83	4178.35	4586.814	38	4051.83
abs4n10	3	 high	10	3	4	ML	 US	4743.88	321.78	1481.1	2256	744	112460.5	2732.6353	0.257273	4756.114	12.2248	4743.88	21	4802.88	4783.88	5795.2143	25	4743.88
abs4n10	3	 high	10	4	4	ML	 US	5243.2705	300.74	1501.8	2902	553	112460.5	3320.5541	0.257273	5254.8745	10.9749	5243.54	28	5257.54	5257.54	5944.4718	29	5243.54
abs4n15	3	 high	15	2	4	ML	 US	4577.4604	300.78	2064.3	1862	653	125072.0	2174.917	0.251875	4786.5874	33.7244	4724.08	9	4880.08	4844.08	5249.7503	35	4724.08
abs4n10	3	 high	10	5	4	ML	 US	5717.3603	267.86	1534.5	3032	910	112460.5	3904.2127	0.257273	5720.7333	4.6545	5717.36	37	5744.36	5730.36	6331.1897	30	5717.36
abs4n15	3	 high	15	3	4	ML	 US	4944.26	299.14	2065.5	2058	614	125072.0	2609.8008	0.251875	4961.0326	12.7162	4946.64	21	5037.64	5020.52	5306.6162	35	4946.64
abs4n15	3	 high	15	4	4	ML	 US	5256.56	293.26	2076.3	2600	341	125072.0	3047.1141	0.251875	5260.9729	5.6446	5256.56	39	5311.56	5297.56	6236.4625	31	5256.56
abs3n50	3	 high	50	2	3	ML	 US	12482.3	1142.3	7849.5	2194	1724	210041.0	4027.4361	0.32098	12578.8048	56.8381	12498.8	224	12910.8	12910.46	12920.9147	33	12528.02
abs3n35	3	 high	35	5	3	ML	 US	13076.01	1175.57	7084.5	4222	693	195931.0	5767.9276	0.313056	13351.8663	131.0131	13150.07	525	13176.07	13121.69	13727.3686	30	13191.69
abs4n20	3	 high	20	2	4	ML	 US	6335.48	426.28	2773.2	2110	1268	182400.0	3092.0003	0.27	6347.7724	8.2422	6335.48	22	6577.48	6548.42	6954.045	45	6335.48
abs4n15	3	 high	15	5	4	ML	 US	5627.2407	292.74	2074.5	3126	177	125072.0	3485.2409	0.251875	5633.7982	6.0397	5627.24	86	5670.24	5668.64	6451.3073	34	5627.24
abs3n40	3	 high	40	4	3	ML	 US	11636.0	1098.17	6969.9	2162	1743	195433.0	4079.8317	0.323659	11716.9256	28.3469	11682.07	444	11974.07	11971.07	12178.9735	32	11682.07
abs4n20	3	 high	20	3	4	ML	 US	6873.98	437.38	2765.7	2918	942	182400.0	3766.4694	0.27	6947.6105	28.0978	6911.08	48	7063.08	7035.88	7478.4358	40	6913.88
abs3n45	3	 high	45	5	3	ML	 US	12648.18	1273.76	7736.4	2878	1106	200749.0	4615.3444	0.32087	12853.9906	32.3469	12802.16	330	12995.16	12976.18	13139.8562	34	12835.18
abs4n25	3	 high	25	2	4	ML	 US	7159.54	546.85	3951.0	1519	2078	175022.5	2839.6303	0.270769	7439.8584	125.9419	7327.85	27	8096.85	8093.19	8089.3088	38	7327.85
abs4n25	3	 high	25	3	4	ML	 US	7577.28	427.85	4056.9	2086	1459	175022.5	3263.1905	0.270769	7745.4246	45.439	7693.75	32	8029.75	8029.75	8266.6116	37	7693.75
abs3n40	3	 high	40	5	3	ML	 US	11909.4521	1069.97	6972.84	2665	1714	195433.0	4431.0146	0.323659	12188.0008	92.5203	12019.8119	518	12423.8119	12307.48	12725.1553	30	12109.09
abs4n30	3	 high	30	2	4	ML	 US	8223.26	621.47	4679.7	1851	1933	173807.0	3128.4744	0.268387	8525.8197	51.0296	8408.17	33	9086.17	9060.1	8998.9401	36	8433.92
abs4n25	3	 high	25	5	4	ML	 US	8247.542	442.26	4023.9	2826	1070	175022.5	4113.4483	0.270769	8250.7531	2.6801	8248.16	159	8363.16	8347.16	9116.2595	29	8248.16
abs3n50	3	 high	50	3	3	ML	 US	12902.1	1142.42	7849.5	3048	1372	210041.0	4548.6541	0.32098	13400.8913	124.9241	13189.92	510	13411.92	13411.92	14116.1273	30	13508.97
abs4n30	3	 high	30	3	4	ML	 US	8546.38	621.7	4698.0	2391	1525	173807.0	3610.5515	0.268387	8717.8232	26.7922	8678.7	95	9237.7	9177.66	9558.3288	37	8695.66
abs4n20	3	 high	20	4	4	ML	 US	7544.1704	476.92	2716.5	4010	452	182400.0	4441.8402	0.27	7623.8161	16.1753	7602.42	286	7656.42	7653.42	8080.7182	31	7579.33
abs3n50	3	 high	50	4	3	ML	 US	13281.3	1050.44	7871.1	3691	1194	210041.0	5070.9603	0.32098	13748.2331	94.0588	13612.54	512	13808.54	13748.08	14813.9277	29	13599.73
abs4n25	3	 high	25	4	4	ML	 US	7964.99	560.49	3941.7	2350	1410	175022.5	3686.7506	0.270769	8062.1688	56.2468	7994.19	244	8262.19	8242.64	8694.6047	41	8015.91
abs3n50	3	 high	50	5	3	ML	 US	13799.0	876.9	8057.7	3970	1283	210041.0	5593.812	0.32098	14182.3432	106.5424	14018.6	512	14187.6	14148.17	15089.8212	28	14331.62
abs4n35	3	 high	35	2	4	ML	 US	8572.62	734.28	5190.0	1678	1780	176871.0	3418.5741	0.2725	8680.5196	66.9534	8573.28	40	9383.28	9349.28	9779.4027	50	8573.28
abs4n35	3	 high	35	3	4	ML	 US	9143.4	734.2	5189.4	2470	1100	176871.0	3927.3531	0.2725	9271.8689	38.3006	9190.6	64	9493.6	9468.12	10145.613	38	9230.32
abs4n40	3	 high	40	2	4	ML	 US	9445.3086	803.01	5722.2	2161	2930	205643.5	3514.9719	0.277805	10501.8836	194.3958	10186.21	91	11618.2099	11606.9599	10339.8462	33	10075.19
abs4n40	3	 high	40	3	4	ML	 US	9703.89	918.22	5567.7	2606	1989	205643.5	3934.2391	0.277805	10394.8259	88.3844	10194.92	82	11081.92	11052.53	10507.0658	32	10196.4
abs4n40	3	 high	40	4	4	ML	 US	10184.19	925.66	5596.2	2870	1519	205643.5	4354.4238	0.277805	10543.6418	9.7383	10516.86	89	10911.86	10897.04	11141.0422	33	10536.04
abs4n30	3	 high	30	4	4	ML	 US	9035.54	552.7	4769.1	2557	1617	173807.0	4092.6287	0.268387	9174.3414	43.8152	9112.8	318	9497.8	9473.8	9432.7622	35	9133.78
abs4n20	3	 high	20	5	4	ML	 US	8002.23	419.83	2775.3	3958	985	182400.0	5118.1145	0.27	8096.5025	17.4643	8073.13	530	8138.13	8133.09	8633.7159	32	8090.76
abs4n45	3	 high	45	2	4	ML	 US	11395.09	924.65	7063.2	2126	1983	207204.5	4419.6183	0.278261	11470.2209	39.6894	11409.85	82	12097.85	12041.21	12429.2107	35	11435.49
abs4n35	3	 high	35	4	4	ML	 US	9632.32	789.1	5114.7	3145	968	176871.0	4437.3883	0.2725	9805.0114	22.4396	9746.8	387	10017.8	10013.52	10525.6206	28	9763.52
abs4n30	3	 high	30	5	4	ML	 US	9492.93	541.69	4769.7	3176	1380	173807.0	4575.6958	0.268387	9706.5412	98.2079	9583.39	537	9867.39	9867.39	9776.2944	26	9685.19
abs4n5	3	 high	5	2	4	ML	 US	2143.1499	62.65	427.5	1156	525	43736.5	1441.4231	0.258333	2156.805	10.7415	2143.15	0	2171.15	2144.55	2414.0509	32	2143.15
abs4n5	3	 high	5	3	4	ML	 US	2716.21	65.31	423.9	1246	981	43736.5	2007.3983	0.258333	2729.0633	12.3173	2716.21	1	2716.21	2716.21	3242.2155	21	2716.21
abs4n5	3	 high	5	4	4	ML	 US	3052.3499	69.75	414.6	2306	262	43736.5	2560.7963	0.258333	3058.4371	4.0275	3052.35	1	3052.35	3052.35	3387.4824	34	3052.35
abs4n5	3	 high	5	5	4	ML	 US	3741.8298	59.21	428.1	2682	573	43736.5	3152.1632	0.258333	3758.0543	11.5363	3742.31	1	3742.31	3742.31	2164.341	28	3742.31
abs5n10	3	 high	10	2	5	ML	 US	4113.4394	311.74	1952.7	1118	942	94256.0	2032.3667	0.374545	4247.3436	72.5689	4113.44	4	4324.44	4261.41	4887.0165	44	4113.44
abs5n10	3	 high	10	3	5	ML	 US	4407.0996	270.3	1984.8	1691	489	94256.0	2426.35	0.374545	4416.4111	5.6816	4407.1	5	4436.1	4407.1	5094.501	27	4407.1
abs4n45	3	 high	45	3	4	ML	 US	11838.09	1005.14	6955.2	3134	1312	207204.5	5016.9732	0.278261	12066.4826	22.9685	12042.34	287	12407.34	12392.3	12864.3548	31	12051.3
abs4n50	3	 high	50	2	4	ML	 US	13384.85	1358.45	8721.3	2082	1947	222896.5	5324.5226	0.281765	13477.8435	34.0959	13420.75	252	14109.7499	14109.7499	14329.183	31	13420.75
abs5n10	3	 high	10	5	5	ML	 US	4954.1196	313.02	1958.1	2242	440	94256.0	3214.3167	0.374545	4961.9561	3.8713	4954.12	16	4954.12	4954.12	6126.6639	31	4954.12
abs4n35	3	 high	35	5	4	ML	 US	10002.12	717.22	5227.8	3362	1160	176871.0	4948.8917	0.2725	10116.3726	35.3499	10027.02	500	10467.02	10204.68	10027.1493	31	10066.56
abs5n10	3	 high	10	4	5	ML	 US	4827.0396	263.84	1996.2	1840	722	94256.0	2820.3333	0.374545	4834.7	9.2437	4827.04	43	4822.04	4822.04	5173.2625	28	4827.04
abs5n15	3	 high	15	2	5	ML	 US	4522.0293	284.83	1930.2	1659	979	118284.0	2314.979	0.37375	4706.9555	101.0076	4522.03	15	4855.03	4784.03	5072.8695	31	4522.03
abs5n20	3	 high	20	2	5	ML	 US	7003.4092	629.01	3515.4	2192	957	172582.0	3734.3134	0.352857	7108.8856	67.3856	7003.41	33	7293.41	7273.39	7751.6756	50	7003.41
abs5n15	3	 high	15	3	5	ML	 US	5171.75	280.35	1934.4	2298	713	118284.0	2857.1535	0.37375	5188.9433	14.4219	5171.75	55	5226.75	5186.75	5398.2887	27	5171.75
abs4n40	3	 high	40	5	4	ML	 US	10491.41	776.25	5814.9	2870	1536	205643.5	4773.3852	0.277805	10653.9395	24.0431	10591.15	516	10997.15	10962.43	11380.4442	28	10612.93
abs4n50	3	 high	50	4	4	ML	 US	14679.9	1362.29	8722.5	3835	1225	222896.5	6601.3806	0.281765	14905.718	34.9191	14814.79	392	15146.79	15127.09	15538.8816	25	14868.09
abs5n20	3	 high	20	3	5	ML	 US	7711.0293	630.27	3515.4	2906	787	172582.0	4446.8302	0.352857	7858.1333	73.0075	7785.67	92	7838.67	7811.05	8024.9674	42	7835.41
abs4n45	3	 high	45	4	4	ML	 US	12392.09	926.25	7063.2	3288	1623	207204.5	5614.6792	0.278261	12718.9864	92.8402	12478.45	515	12901.45	12800.88	14018.678	30	12700.1
abs5n15	3	 high	15	4	5	ML	 US	5579.89	239.09	1972.8	2666	701	118284.0	3399.328	0.37375	5589.6733	10.5019	5579.89	208	5579.89	5567.31	6367.2706	30	5583.27
abs4n45	3	 high	45	5	4	ML	 US	12987.8	977.74	6977.4	4269	1077	207204.5	6210.982	0.278261	13414.0204	141.387	13187.14	514	13302.14	13258.04	14059.8091	30	13187.14
abs5n25	3	 high	25	2	5	ML	 US	8610.29	863.45	5034.3	1876	1055	165277.0	4556.5325	0.334615	8700.2309	46.7799	8625.75	42	8828.75	8765.53	9462.7478	45	8629.73
abs4n50	3	 high	50	3	4	ML	 US	14011.13	1357.03	8721.9	2967	1641	222896.5	5962.7945	0.281765	14146.86	50.5566	14018.93	512	14688.93	14666.19	15717.7518	34	14094.19
abs5n25	3	 high	25	3	5	ML	 US	9228.1104	865.75	5033.7	2862	606	165277.0	5179.562	0.334615	9401.1045	34.4612	9334.45	92	9368.45	9353.93	10041.0487	44	9334.45
abs5n20	3	 high	20	4	5	ML	 US	8344.418	515.7	3618.9	3670	610	172582.0	5162.638	0.352857	8380.4987	24.4938	8344.6	198	8414.6	8376.77	9011.8245	38	8346.44
abs5n30	3	 high	30	2	5	ML	 US	8115.87	801.89	4873.8	1588	1064	154354.0	3081.7503	0.33129	8228.6235	58.5504	8131.69	61	8328.69	8328.69	9022.7734	40	8131.6899
abs5n30	3	 high	30	3	5	ML	 US	8502.67	673.88	4977.0	2078	978	154354.0	3500.5122	0.33129	8708.6011	21.2022	8680.88	72	8706.88	8706.88	9187.9666	35	8589.65
abs4n50	3	 high	50	5	4	ML	 US	15386.83	1051.63	8965.8	4432	1229	222896.5	7238.7109	0.281765	15871.049	242.3641	15488.43	512	15679.43	15669.57	16400.7294	26	15503.57
abs5n30	3	 high	30	4	5	ML	 US	8910.07	661.96	4977.9	2550	858	154354.0	3918.1806	0.33129	9014.0787	1.3038	9011.86	141	9048.86	9045.86	9711.195	30	9011.86
abs5n35	3	 high	35	2	5	ML	 US	9012.97	844.51	5410.8	1826	1443	186176.0	3451.7337	0.319167	9143.5472	34.2862	9060.31	84	9525.3099	9491.4899	9661.3934	43	9071.31
abs5n25	3	 high	25	4	5	ML	 US	9783.17	835.71	5070.9	3142	945	165277.0	5804.1849	0.334615	9880.152	46.2784	9794.61	266	9993.61	9897.69	10407.2852	40	9830.69
abs5n35	3	 high	35	3	5	ML	 US	9454.31	844.15	5410.8	2398	1125	186176.0	3927.8606	0.319167	9582.7822	40.3986	9517.95	139	9778.95	9778.17	10137.4969	37	9517.95
abs5n25	3	 high	25	5	5	ML	 US	10428.39	681.75	5204.4	4000	664	165277.0	6432.0015	0.334615	10536.29	24.4046	10494.15	316	10550.15	10545.7	11726.1339	34	10530.7
abs5n40	3	 high	40	2	5	ML	 US	10723.27	1063.79	6766.8	2036	1758	180550.5	4081.7446	0.318049	11189.566	48.4388	11115.59	44	11625.59	11598.43	11498.8271	35	11100.96
abs5n15	3	 high	15	5	5	ML	 US	6168.06	250.92	1958.1	3330	703	118284.0	3941.5025	0.37375	6242.9175	10.9015	6224.02	578	6242.02	6231.02	6383.1328	29	6169.08
abs5n20	3	 high	20	5	5	ML	 US	9085.6982	518.54	3608.4	4424	707	172582.0	5880.1008	0.352857	9248.0174	27.6074	9168.94	554	9258.94	9194.04	9672.2056	32	9218.88
abs5n40	3	 high	40	3	5	ML	 US	11168.0	972.2	6858.3	2595	1382	180550.5	4555.7894	0.318049	11331.4656	5.2562	11324.5	168	11809.5	11807.6	11925.6608	32	11324.6
abs5n45	3	 high	45	2	5	ML	 US	11034.25	1028.1	7142.1	1819	2442	163754.0	3986.162	0.312826	11461.695	23.9018	11431.2	104	12433.1999	12430.1999	11779.1293	30	11428.25
abs5n45	3	 high	45	3	5	ML	 US	11254.05	998.59	7156.8	2500	1473	163754.0	4333.3872	0.312826	11739.1422	22.486	11706.39	99	12129.3899	12116.5799	13152.1229	27	11695.6
abs5n30	3	 high	30	5	5	ML	 US	9272.27	795.67	4890.0	2884	976	154354.0	4337.3069	0.33129	9430.7063	54.6867	9316.67	547	9545.67	9418.46	9753.0334	27	9383.96
abs5n45	3	 high	45	4	5	ML	 US	11537.6	1096.0	7108.2	2319	1584	163754.0	4681.204	0.312826	11698.695	12.8407	11677.2	250	12109.2	12097.62	12509.9855	28	11584.63
abs5n5	3	 high	5	2	5	ML	 US	2023.74	95.74	837.0	992	115	33031.0	1490.3771	0.391667	2089.7794	27.4859	2023.74	1	2039.74	2039.74	2045.3856	34	2023.74
abs5n5	3	 high	5	3	5	ML	 US	2315.04	79.54	850.5	1270	115	33031.0	1779.4735	0.391667	2332.2925	14.9025	2315.04	1	2315.04	2315.04	2331.6263	16	2315.04
abs5n5	3	 high	5	4	5	ML	 US	2475.8801	66.58	861.3	1450	98	33031.0	2080.2575	0.391667	2501.1865	15.3884	2475.88	1	2475.88	2475.88	2640.2606	40	2475.88
abs5n35	3	 high	35	4	5	ML	 US	9856.07	841.55	5417.4	3068	868	186176.0	4405.4895	0.319167	10047.48	55.524	9952.95	533	10195.95	10131.09	11140.3792	35	9986.09
abs5n5	3	 high	5	5	5	ML	 US	2818.14	118.41	820.8	1400	479	33031.0	2365.1429	0.391667	2823.7137	3.4219	2818.21	1	2818.21	2818.21	2737.9286	27	2818.21
abs1n10	3	 low	10	2	1	ML	 US	2186.79	31.85	194.94	1592	414	102097.5	1187.2466	0.029091	2239.9321	43.4232	2186.79	5	2232.79	2232.79	3731.5897	38	2186.79
abs5n45	3	 high	45	5	5	ML	 US	11728.25	1045.61	7135.5	2816	1013	163754.0	5028.2321	0.312826	12039.115	6.3624	12028.11	233	12011.11	11992.8799	12358.9044	28	12028.01
abs1n10	3	 low	10	3	1	ML	 US	2656.2102	32.75	194.46	1958	512	102097.5	1706.5729	0.029091	2692.1369	39.071	2656.21	9	2697.21	2668.21	3247.3064	36	2656.21
abs1n15	3	 low	15	2	1	ML	 US	2203.3306	36.03	251.34	1024	1305	125773.0	975.2506	0.026875	2277.7805	40.021	2203.37	7	2617.37	2576.37	2829.4718	44	2203.37
abs1n10	3	 low	10	4	1	ML	 US	3185.54	21.25	205.29	2668	295	102097.5	2222.6331	0.029091	3191.1629	6.5798	3185.54	19	3189.54	3185.54	4020.5436	35	3185.54
abs1n15	3	 low	15	3	1	ML	 US	2690.08	31.51	255.57	1746	718	125773.0	1364.1919	0.026875	2740.4583	20.9204	2690.08	15	2752.08	2745.08	2878.3812	35	2690.08
abs5n35	3	 high	35	5	5	ML	 US	10256.37	839.59	5424.0	3316	1020	186176.0	4882.9317	0.319167	10563.5976	74.9334	10368.59	530	10599.59	10528.43	11270.0625	29	10368.59
abs1n15	3	 low	15	4	1	ML	 US	3072.75	41.0	245.79	1984	868	125773.0	1757.5447	0.026875	3079.2831	8.8016	3072.79	42	3138.79	3132.79	3919.4492	35	3072.79
abs1n20	3	 low	20	2	1	ML	 US	2791.96	44.03	333.99	1822	1071	143179.5	1250.6026	0.027619	2928.2857	39.8235	2857.02	11	3271.02	3214.82	3698.2167	42	2857.02
abs1n10	3	 low	10	5	1	ML	 US	3652.3801	20.92	206.46	3106	319	102097.5	2745.7758	0.029091	3653.0687	0.5224	3652.38	95	3652.38	3652.38	3891.3004	23	3652.38
abs5n40	3	 high	40	4	5	ML	 US	11566.01	1065.69	6803.7	2780	1456	180550.5	5030.1229	0.318049	11866.9355	151.0359	11612.39	517	12105.39	12096.8	12162.0468	31	11603.84
abs5n40	3	 high	40	5	5	ML	 US	11876.21	1046.91	6834.3	2986	1540	180550.5	5503.3023	0.318049	12255.751	128.8407	11876.21	516	12407.21	12407.21	12603.3653	29	12089.71
abs1n15	3	 low	15	5	1	ML	 US	3487.1206	41.96	244.35	2630	619	125773.0	2149.6419	0.026875	3533.6807	1.959	3530.31	105	3535.31	3535.31	3814.0814	30	3530.31
abs1n20	3	 low	20	3	1	ML	 US	3480.38	44.53	335.25	2406	928	143179.5	1810.5913	0.027619	3539.5	17.9434	3521.78	53	3714.78	3656.78	4152.9577	43	3521.78
abs1n25	3	 low	25	2	1	ML	 US	2987.4705	60.36	384.36	2251	1273	188676.5	985.9046	0.028462	3672.4517	2.9836	3669.72	35	3969.72	3967.09	3733.669	36	3669.72
abs5n50	3	 high	50	2	5	ML	 US	12818.2	1203.62	8321.1	2025	1916	202575.0	5063.2031	0.312157	12925.4116	32.1292	12868.72	381	13467.72	13456.32	13777.0354	31	12934.32
abs1n25	3	 low	25	3	1	ML	 US	3357.57	50.92	400.11	2064	1313	188676.5	1402.462	0.028462	3679.5532	77.1646	3386.03	65	3828.03	3804.56	3767.1088	34	3386.03
abs1n20	3	 low	20	5	1	ML	 US	4279.4302	51.06	327.63	3438	579	143179.5	2939.0028	0.027619	4311.0883	1.8027	4309.69	139	4395.69	4395.16	5206.0974	29	4310.16
abs1n30	3	 low	30	2	1	ML	 US	3565.6	97.06	621.54	1910	1596	201361.0	1300.887	0.027742	4023.1658	239.5193	3565.6	36	4225.6	4199.7199	4372.3353	38	3565.6
abs1n30	3	 low	30	3	1	ML	 US	4013.46	97.06	621.54	2688	731	201361.0	1829.6505	0.027742	4084.26	13.9957	4063.6	60	4137.6	4118.88	4714.8289	35	4071.12
abs1n25	3	 low	25	4	1	ML	 US	3803.92	54.84	390.66	2889	637	188676.5	1819.0193	0.028462	3879.1366	28.8538	3845.5	127	3972.5	3944.4997	4635.7193	35	3841.77
abs1n20	3	 low	20	4	1	ML	 US	4022.66	54.36	325.08	3064	697	143179.5	2375.4974	0.027619	4057.9834	13.1159	4033.44	215	4140.44	4112.48	4695.2348	32	4056.48
abs5n50	3	 high	50	3	5	ML	 US	13327.6	1227.51	8287.8	3056	1193	202575.0	5696.8847	0.312157	13616.9014	77.3729	13506.31	510	13764.31	13764.31	14272.5875	27	13506.31
abs5n50	3	 high	50	4	5	ML	 US	13985.8	1221.03	8292.0	3432	1458	202575.0	6331.8261	0.312157	14289.4972	171.3972	14022.03	513	14403.03	14388.36	14898.9332	29	14170.77
abs1n35	3	 low	35	2	1	ML	 US	3374.61	86.14	607.23	1474	2313	188912.5	1136.4753	0.0275	3647.531	32.3817	3554.37	49	4481.37	4443.3099	4368.2353	41	3513.81
abs1n25	3	 low	25	5	1	ML	 US	3949.3904	51.05	398.34	3120	508	188676.5	2234.4717	0.028462	3980.533	29.7484	3949.39	213	4078.39	4074.39	4862.8685	33	3949.39
abs1n40	3	 low	40	2	1	ML	 US	3725.38	112.57	685.35	1956	1939	198950.0	1326.9378	0.028293	3884.0187	43.4487	3746.92	57	4692.92	4623.08	3746.8765	31	3872.08
abs5n50	3	 high	50	5	5	ML	 US	14486.05	1221.21	8291.4	4006	1398	202575.0	6965.035	0.312157	14858.1736	271.299	14560.61	512	14916.61	14916.6099	15425.6984	28	14911.57
abs1n40	3	 low	40	3	1	ML	 US	4265.76	111.03	687.33	2360	2207	198950.0	1856.1717	0.028293	4367.7509	16.5823	4308.36	79	5365.36	4685.14	4308.2825	33	4348.14
abs1n35	3	 low	35	3	1	ML	 US	3857.31	86.82	609.45	2130	2207	188912.5	1585.283	0.0275	4143.2276	93.5231	3912.27	139	5033.27	4564.43	3914.6647	33	4069.97
abs1n35	3	 low	35	4	1	ML	 US	4145.67	84.48	607.35	2889	1142	188912.5	2035.3897	0.0275	4547.0644	57.2628	4387.83	200	4724.83	4705.81	5173.9886	32	4538.81
abs1n45	3	 low	45	2	1	ML	 US	3794.63	110.53	737.1	1842	1565	205188.5	1293.4143	0.028696	3947.0233	48.2194	3794.63	114	4254.63	4245.6299	4940.1051	30	3794.63
abs1n40	3	 low	40	4	1	ML	 US	4766.5	109.61	689.13	3208	1090	198950.0	2386.7557	0.028293	4943.9764	109.3795	4789.74	242	5097.74	5095.02	4810.3549	28	4797.3
abs1n30	3	 low	30	4	1	ML	 US	4482.4	95.14	624.66	3036	845	201361.0	2359.8993	0.027742	4530.5874	12.0644	4511.8	498	4601.8	4589.3	5871.8219	31	4517.5
abs1n30	3	 low	30	5	1	ML	 US	5076.56	92.32	630.24	3482	931	201361.0	2887.1775	0.027742	5264.9577	142.0315	5076.56	523	5136.56	5101.46	5219.8781	30	5090.6
abs1n5	3	 low	5	2	1	ML	 US	1373.41	9.88	61.53	902	400	72215.0	479.37	0.025	1405.5378	18.2171	1373.41	0	1373.41	1373.41	1599.8379	37	1373.41
abs1n5	3	 low	5	3	1	ML	 US	1407.5901	8.92	62.67	936	400	72215.0	694.245	0.025	1426.4034	14.2889	1407.59	0	1407.59	1407.59	1981.5169	38	1407.59
abs1n5	3	 low	5	4	1	ML	 US	1578.65	11.74	59.91	815	690	72215.0	909.12	0.025	1579.4671	0.5276	1578.65	0	1578.65	1578.6499	2401.1595	28	1578.65
abs1n45	3	 low	45	3	1	ML	 US	4254.07	110.77	737.1	2356	1614	205188.5	1798.2814	0.028696	4422.81	81.8987	4288.87	266	4818.87	4801.13	5396.012	28	4288.87
abs1n5	3	 low	5	5	1	ML	 US	1687.42	9.68	61.83	1342	295	72215.0	1135.3042	0.025	1714.6164	6.2244	1708.51	0	1708.51	1708.51	2109.0673	25	1708.51
abs2n10	3	 low	10	2	2	ML	 US	2744.23	24.21	165.03	2024	616	155639.0	1392.5241	0.032727	2784.9954	57.9483	2744.24	6	2829.24	2829.24	3382.2863	26	2744.24
abs2n10	3	 low	10	3	2	ML	 US	3404.5198	23.65	165.87	2668	645	155639.0	2057.4212	0.032727	3404.8674	0.428	3404.52	17	3502.52	3501.52	3973.6804	27	3404.52
abs1n35	3	 low	35	5	1	ML	 US	4541.69	80.26	616.35	3126	1171	188912.5	2483.7099	0.0275	4785.9461	49.1615	4688.61	524	4993.61	4886.81	5641.0166	28	4735.81
abs1n50	3	 low	50	2	1	ML	 US	4272.27	112.15	759.12	2298	1888	185596.0	1692.8225	0.02902	4406.4393	21.6344	4388.27	248	5058.27	5056.97	4717.6887	30	4321.27
abs2n15	3	 low	15	2	2	ML	 US	2461.8501	38.88	236.01	1514	951	127623.5	1004.6626	0.03125	2486.89	22.3223	2461.89	9	2740.89	2740.89	3484.1507	36	2461.89
abs2n15	3	 low	15	3	2	ML	 US	2665.5701	35.91	240.66	1924	646	127623.5	1459.7289	0.03125	2689.0757	58.5494	2665.57	17	2846.57	2813.57	3755.436	30	2665.57
abs1n40	3	 low	40	5	1	ML	 US	5287.12	124.23	676.62	3926	744	198950.0	2917.1718	0.028293	5473.896	62.3591	5376.85	517	5471.85	5471.85	5521.3287	25	5376.85
abs2n15	3	 low	15	4	2	ML	 US	3304.41	36.47	239.07	2346	738	127623.5	1917.1051	0.03125	3333.3193	26.3362	3309.54	73	3359.54	3357.54	4547.957	30	3309.54
abs2n20	3	 low	20	2	2	ML	 US	2535.0403	44.77	337.68	1580	1146	149622.5	757.9948	0.03	2796.9444	23.1247	2768.45	8	3109.4499	3093.93	2991.824	34	2768.45
abs2n20	3	 low	20	3	2	ML	 US	2778.54	50.92	334.44	1450	1242	149622.5	1073.2612	0.03	2917.463	64.1428	2814.36	18	3078.36	3032.36	3252.5657	33	2814.36
abs2n10	3	 low	10	5	2	ML	 US	4615.7095	17.34	172.14	3883	633	155639.0	3391.2944	0.032727	4630.842	0.545	4630.48	193	4707.48	4707.48	5224.6542	30	4616.97
abs1n45	3	 low	45	4	1	ML	 US	4706.2481	110.57	737.22	2980	1250	205188.5	2304.3158	0.028696	4923.1882	75.7881	4780.79	515	5078.79	5063.03	6481.9489	26	4784.93
abs2n10	3	 low	10	4	2	ML	 US	4205.3897	32.57	157.8	3050	1060	155639.0	2722.3182	0.032727	4206.3752	0.0051	4206.37	223	4300.37	4300.37	4519.3487	25	4206.37
abs1n45	3	 low	45	5	1	ML	 US	5186.82	110.89	737.22	3522	1085	205188.5	2809.4748	0.028696	5460.3718	141.3583	5211.11	514	5456.11	5414.79	6252.6088	28	5207.67
abs2n20	3	 low	20	4	2	ML	 US	2998.11	48.25	333.84	2318	497	149622.5	1387.3196	0.03	3094.7919	1.4644	3092.09	48	3197.09	3196.09	3379.8476	31	3063.69
abs2n25	3	 low	25	2	2	ML	 US	3340.59	61.06	416.43	1748	1414	176786.0	1287.0804	0.031538	3432.2145	17.4682	3408.49	26	3640.49	3599.15	3865.6318	42	3408.49
abs2n20	3	 low	20	5	2	ML	 US	3214.1704	40.39	343.44	2317	629	149622.5	1706.0162	0.03	3241.4965	16.3276	3221.83	94	3330.83	3329.83	3687.8761	31	3217.18
abs2n25	3	 low	25	3	2	ML	 US	3791.53	60.8	417.09	2502	871	176786.0	1851.8341	0.031538	3832.7277	27.9397	3806.89	103	3851.89	3832.93	5000.656	35	3809.3
abs2n30	3	 low	30	2	2	ML	 US	3435.42	85.1	541.8	1990	1970	179408.0	1110.5597	0.029677	3852.8974	127.5729	3718.9	49	4587.9	4550.71	3904.5403	38	3718.9
abs1n50	3	 low	50	3	1	ML	 US	4907.25	112.7	757.23	3278	932	185596.0	2394.3258	0.02902	5130.4054	81.8125	4989.93	511	5079.93	5051.2499	6969.0369	29	5003.95
abs2n30	3	 low	30	3	2	ML	 US	3892.59	68.31	562.74	2320	1509	179408.0	1559.8515	0.029677	4054.5622	47.8246	3987.05	78	4461.05	4425.05	5613.0287	37	3954.08
abs1n50	3	 low	50	4	1	ML	 US	5560.23	118.15	754.38	4228	555	185596.0	3096.9849	0.02902	5826.1904	139.8037	5628.53	511	5656.53	5640.39	7309.3272	28	5654.39
abs2n25	3	 low	25	4	2	ML	 US	4340.79	55.92	421.83	2934	1030	176786.0	2414.9508	0.031538	4455.98	15.2266	4411.75	166	4442.75	4433.13	4817.0075	33	4444.13
abs2n15	3	 low	15	5	2	ML	 US	3797.18	27.67	248.25	2936	654	127623.5	2371.4014	0.03125	3853.4255	25.0328	3811.92	386	3865.92	3865.92	4538.3041	31	3811.92
abs2n35	3	 low	35	2	2	ML	 US	3661.98	75.25	498.78	2724	1599	205402.5	1151.4841	0.03	4416.3738	12.8455	4401.03	28	4898.03	4878.0298	4652.1709	32	4409.03
abs1n50	3	 low	50	5	1	ML	 US	6190.25	111.55	760.02	4712	778	185596.0	3798.1031	0.02902	6602.9669	298.4685	6279.57	509	6361.57	6321.19	7925.807	26	6613.53
abs2n25	3	 low	25	5	2	ML	 US	4849.21	70.16	406.32	3650	767	176786.0	2982.9824	0.031538	4890.9362	36.8278	4853.48	261	4894.48	4890.48	5495.1746	29	4853.48
abs2n35	3	 low	35	3	2	ML	 US	4029.11	72.24	505.2	2489	1427	205402.5	1630.3561	0.03	4154.0974	53.8293	4076.44	67	4494.44	4494.4395	5809.5473	31	4030.61
abs2n40	3	 low	40	2	2	ML	 US	3967.6899	82.56	538.32	2154	2630	210923.5	1270.9291	0.030488	4344.4737	242.662	4215.88	74	5405.88	5398.8799	4556.2033	27	4216.76
abs2n30	3	 low	30	4	2	ML	 US	4219.7114	84.94	547.38	2674	1283	179408.0	2009.4752	0.029677	4294.8723	9.857	4279.32	300	4590.32	4581.28	4857.1831	30	4284.28
abs2n45	3	 low	45	2	2	ML	 US	3919.34	104.79	686.91	1794	2789	204224.5	1501.7059	0.029783	4008.8813	23.7341	3935.7	118	5374.7	4688.04	3935.8536	31	3977.42
abs2n40	3	 low	40	3	2	ML	 US	4331.99	96.25	523.62	2616	2030	210923.5	1803.6287	0.030488	4507.7725	115.9006	4427.87	242	5266.87	5248.37	5065.1197	32	4432.37
abs2n45	3	 low	45	3	2	ML	 US	4480.62	103.49	689.19	2948	1350	204224.5	2119.4338	0.029783	4612.1314	62.9409	4514.68	311	5091.68	5058.32	5500.4279	28	4520.32
abs2n45	3	 low	45	4	2	ML	 US	5057.04	104.31	687.51	3706	782	204224.5	2739.8931	0.029783	5107.8321	20.3901	5074.82	251	5279.82	5279.82	5564.5728	28	5074.82
abs2n30	3	 low	30	5	2	ML	 US	4669.58	68.73	563.22	3382	871	179408.0	2456.9442	0.029677	4872.6532	64.9706	4740.95	524	4884.95	4884.95	5259.7052	26	4740.95
abs2n5	3	 low	5	2	2	ML	 US	1155.87	6.64	60.27	706	383	49384.5	613.5054	0.028333	1204.9334	26.8918	1155.91	0	1155.91	1155.91	1510.0561	32	1155.91
abs2n5	3	 low	5	3	2	ML	 US	1561.07	7.12	58.95	1200	295	49384.5	905.0306	0.028333	1569.5784	9.5341	1561.07	2	1561.07	1561.07	1616.9134	37	1561.07
abs2n5	3	 low	5	4	2	ML	 US	1791.03	6.63	59.4	1496	229	49384.5	1204.0308	0.028333	1791.8255	0.3879	1791.03	1	1791.03	1791.03	2334.1653	22	1791.03
abs2n5	3	 low	5	5	2	ML	 US	1997.96	5.33	60.63	1670	262	49384.5	1505.5757	0.028333	1999.2948	0.9387	1997.96	1	1997.96	1997.96	2081.5802	21	1997.96
abs3n10	3	 low	10	2	3	ML	 US	2158.4802	27.96	150.54	1082	1032	118325.5	891.0067	0.032727	2294.3225	75.3126	2158.5	4	2292.5	2292.5	2159.3739	40	2158.5
abs2n35	3	 low	35	4	2	ML	 US	4431.66	77.58	501.6	2730	1545	205402.5	2110.6971	0.03	4566.7765	46.2802	4520.18	526	4855.18	4825.3	5152.3827	28	4483.26
abs2n35	3	 low	35	5	2	ML	 US	4813.95	80.5	496.35	3378	1178	205402.5	2588.1002	0.03	4969.7585	36.0868	4945.85	521	5133.85	5107.33	5565.7351	27	4948.33
abs3n10	3	 low	10	3	3	ML	 US	2587.2803	19.07	159.21	1402	1134	118325.5	1305.1437	0.032727	2683.0416	48.9653	2587.28	12	2715.28	2640.38	2933.083	37	2587.28
abs3n10	3	 low	10	4	3	ML	 US	2906.7602	21.57	156.21	2098	652	118325.5	1727.7784	0.032727	2910.6227	9.6297	2906.78	10	2927.78	2906.78	3427.3154	30	2906.78
abs3n15	3	 low	15	2	3	ML	 US	2691.6704	45.25	272.46	1303	1240	184494.0	1039.2101	0.033125	2793.0168	70.788	2691.71	11	2861.71	2818.71	2691.2146	44	2691.71
abs3n15	3	 low	15	3	3	ML	 US	2964.5105	43.11	275.4	1857	829	184494.0	1506.2701	0.033125	3018.9489	45.1616	2964.51	15	3005.51	3005.51	3670.529	36	2964.51
abs2n40	3	 low	40	4	2	ML	 US	4851.59	87.6	533.97	3054	1764	210923.5	2336.3282	0.030488	4913.3387	64.2297	4851.57	520	5439.57	5439.57	5249.2466	23	4936.29
abs3n10	3	 low	10	5	3	ML	 US	3339.2002	21.97	155.73	2764	386	118325.5	2141.9029	0.032727	3345.1733	0.9501	3343.7	64	3327.7	3327.7	3759.617	24	3343.7
abs2n40	3	 low	40	5	2	ML	 US	5142.73	74.35	544.95	3610	1508	210923.5	2870.0017	0.030488	5429.6688	120.9057	5284.3	516	5738.3	5661.3	5781.7221	25	5284.3
abs3n15	3	 low	15	4	3	ML	 US	3649.05	51.99	266.1	2114	1203	184494.0	1976.2862	0.033125	3667.1803	9.6672	3650.09	48	3636.09	3630.93	3733.8819	35	3650.81
abs3n20	3	 low	20	2	3	ML	 US	2681.93	49.75	344.19	1760	1213	173451.0	937.2029	0.030476	3176.3697	54.6609	3105.94	12	3367.94	3305.94	3826.3806	39	3105.94
abs3n20	3	 low	20	3	3	ML	 US	2928.0898	56.86	340.23	1760	1084	173451.0	1340.6144	0.030476	2990.4572	36.7427	2928.09	22	3242.09	3164.09	3840.7554	39	2928.09
abs3n15	3	 low	15	5	3	ML	 US	4025.2705	49.57	267.81	2706	978	184494.0	2442.2362	0.033125	4032.0704	5.7538	4026.38	82	4001.38	4001.38	4152.8041	27	4026.38
abs3n20	3	 low	20	4	3	ML	 US	3508.7898	57.46	339.33	2390	772	173451.0	1744.0258	0.030476	3530.9244	21.0527	3508.79	58	3558.79	3553.79	4250.1437	32	3508.79
abs3n25	3	 low	25	2	3	ML	 US	3292.85	72.24	455.67	1918	1489	192264.0	1466.2082	0.031923	3408.8721	124.4725	3292.91	20	3935.91	3814.91	3293.1827	43	3292.91
abs3n25	3	 low	25	3	3	ML	 US	3889.69	73.2	455.67	2728	898	192264.0	2111.0373	0.031923	4019.4726	36.5545	3889.87	38	4154.87	3903.43	3890.7124	38	3980.43
abs3n30	3	 low	30	2	3	ML	 US	3369.22	106.52	614.04	1110	3923	204549.0	961.5713	0.030968	3866.1725	24.1873	3370.56	20	5753.56	4190.4299	3372.5513	36	3766.57
abs2n50	3	 low	50	2	2	ML	 US	4550.2803	103.16	775.65	2434	2020	222732.5	1675.1621	0.030196	4669.4219	29.6224	4628.81	478	5333.81	5333.8098	5463.9345	31	4628.81
abs3n30	3	 low	30	3	3	ML	 US	3573.68	103.66	617.94	1354	2795	204549.0	1322.5453	0.030968	3927.5254	44.9051	3575.6	40	4870.6	4117.5	3577.6756	37	3848.2
abs2n45	3	 low	45	5	2	ML	 US	5707.6	104.91	686.55	4464	714	204224.5	3356.6447	0.029783	6047.9936	130.4945	5770.46	513	5969.46	5969.46	6620.7344	28	5770.46
abs3n25	3	 low	25	4	3	ML	 US	4508.6494	72.56	457.23	3452	617	192264.0	2758.3043	0.031923	4565.2149	36.3087	4514.79	164	4599.79	4557.79	5096.6966	37	4514.79
abs3n30	3	 low	30	4	3	ML	 US	3895.1401	105.1	617.04	2430	966	204549.0	1684.2825	0.030968	3931.8187	21.6709	3895.14	34	4119.14	4071.1	4361.2314	32	3907.1
abs3n20	3	 low	20	5	3	ML	 US	3879.79	57.88	338.91	2700	829	173451.0	2148.7513	0.030476	3897.5287	20.6215	3879.79	221	3926.79	3886.79	3879.0867	32	3881.79
abs2n50	3	 low	50	3	2	ML	 US	5237.83	121.87	751.77	3760	1294	222732.5	2365.3082	0.030196	5771.1807	107.5675	5511.64	513	5928.6399	5928.6399	6572.9454	27	5511.64
abs3n35	3	 low	35	2	3	ML	 US	3904.76	115.27	707.37	2003	1274	195931.0	1481.4704	0.031111	4067.1042	62.0927	3929.64	139	4100.64	4070.8999	4879.3896	33	3929.2
abs3n40	3	 low	40	2	3	ML	 US	3829.6802	112.48	690.84	1430	4860	195433.0	969.4478	0.032439	4742.775	4.104	4259.32	59	7093.32	4950.2598	4258.2454	32	4275.5
abs2n50	3	 low	50	4	2	ML	 US	5871.4	100.55	770.19	4352	969	222732.5	3056.9321	0.030196	6288.725	200.7646	6072.74	513	6191.74	6180.95	6978.156	28	6006.17
abs3n35	3	 low	35	3	3	ML	 US	4446.56	111.55	713.97	2947	853	195931.0	2084.8356	0.031111	4573.7932	45.2956	4494.52	136	4627.52	4601.52	5513.7487	38	4494.52
abs3n40	3	 low	40	3	3	ML	 US	4034.34	105.33	696.81	2079	1852	195433.0	1320.4168	0.032439	4528.769	6.24	4519.14	71	4735.1399	4729.0199	5437.0016	31	4479.02
abs2n50	3	 low	50	5	2	ML	 US	6417.72	102.68	775.17	4750	1195	222732.5	3748.372	0.030196	6853.4529	332.6947	6417.85	512	6822.85	6763.8498	8207.243	28	6503.23
abs3n35	3	 low	35	4	3	ML	 US	5002.64	110.71	716.49	3390	886	195931.0	2688.2008	0.031111	5074.6312	27.8639	5033.2	176	5104.2	5100.24	5081.3882	32	5033.2
abs3n30	3	 low	30	5	3	ML	 US	4211.9604	101.28	619.68	2870	844	204549.0	2045.6382	0.030968	4244.4629	21.6618	4211.96	355	4435.96	4425.96	4215.0125	28	4211.96
abs3n45	3	 low	45	4	3	ML	 US	4207.66	123.86	779.16	2422	1493	200749.0	1584.1138	0.032174	4476.9646	44.9272	4367.02	80	4819.02	4785.82	4868.4822	26	4419.82
abs3n25	3	 low	25	5	3	ML	 US	5050.3491	71.02	459.75	3955	698	192264.0	3405.2687	0.031923	5111.7729	21.2696	5070.77	494	5185.77	5159.45	7144.278	28	5122.77
abs3n45	3	 low	45	3	3	ML	 US	3960.58	129.18	772.2	1730	2545	200749.0	1263.3253	0.032174	4515.5356	47.173	4418.38	104	5177.38	5163.3299	4478.9286	27	4248.5
abs3n5	3	 low	5	2	3	ML	 US	2401.3298	17.25	82.08	1834	468	100922.0	1415.2144	0.04	2429.1368	14.6849	2401.33	0	2401.33	2401.33	2566.0552	31	2401.33
abs3n5	3	 low	5	3	3	ML	 US	2960.7498	9.33	87.42	2266	573	100922.0	2075.8416	0.04	3074.1215	57.2484	2960.75	1	2935.75	2935.75	3458.8954	39	2960.75
abs3n5	3	 low	5	4	3	ML	 US	3567.0498	12.55	85.5	3288	194	100922.0	2736.4688	0.04	3578.6544	12.8935	3567.05	2	3580.05	3580.05	4579.714	27	3567.05
abs3n5	3	 low	5	5	3	ML	 US	3929.1499	11.44	85.71	2696	1136	100922.0	3404.3556	0.04	3930.8791	1.5905	3929.15	2	3929.15	3929.15	5004.435	22	3929.15
abs4n10	3	 low	10	2	4	ML	 US	2421.8801	19.26	163.62	1407	976	112460.5	1287.7169	0.026364	2537.3564	65.6269	2421.88	2	2566.88	2547.92	2899.6929	33	2421.88
abs3n45	3	 low	45	2	3	ML	 US	3814.88	126.22	775.92	548	7976	200749.0	942.5369	0.032174	5103.7977	49.6093	3839.14	158	9426.14	5712.7299	3838.5243	31	4826.01
abs3n45	3	 low	45	5	3	ML	 US	4500.7812	124.68	776.76	2878	1092	200749.0	1906.7044	0.032174	4752.6108	32.7196	4694.44	145	4872.44	4853.0	5246.0101	26	4712.0
abs4n10	3	 low	10	3	4	ML	 US	3123.18	31.1	151.08	2368	658	112460.5	1869.9553	0.026364	3129.0691	12.3985	3123.18	22	3208.18	3163.18	4164.3743	32	3123.18
abs4n10	3	 low	10	4	4	ML	 US	3622.99	22.94	159.09	2902	553	112460.5	2457.8741	0.026364	3623.9262	1.195	3623.03	26	3637.03	3637.03	4364.7341	16	3623.03
abs4n15	3	 low	15	2	4	ML	 US	2437.7002	30.36	206.43	1874	640	125072.0	1035.037	0.02625	2648.9024	33.7566	2595.79	9	2751.79	2709.23	3178.2819	34	2595.79
abs4n10	3	 low	10	5	4	ML	 US	4096.78	27.4	154.38	3198	730	112460.5	3041.5327	0.026364	4098.22	1.6406	4096.78	31	4109.78	4109.78	4927.7903	27	4096.78
abs4n15	3	 low	15	3	4	ML	 US	2810.33	29.28	208.05	2070	592	125072.0	1469.9208	0.02625	2838.1452	17.1897	2815.33	21	2900.33	2900.33	3191.0962	31	2815.33
abs4n15	3	 low	15	4	4	ML	 US	3124.19	28.96	208.23	2574	354	125072.0	1907.2341	0.02625	3124.5544	0.4152	3124.19	54	3165.19	3165.19	4121.7725	27	3124.19
abs4n20	3	 low	20	2	4	ML	 US	3455.87	41.48	279.39	2220	1146	182400.0	1564.4603	0.027619	3461.695	5.1017	3455.87	24	3687.87	3664.97	3829.964	40	3455.87
abs3n40	3	 low	40	4	3	ML	 US	4366.4	111.03	696.99	2328	1610	195433.0	1672.2417	0.032439	4451.4428	27.4368	4422.02	322	4747.02	4711.02	4951.7976	29	4422.02
abs4n15	3	 low	15	5	4	ML	 US	3496.5403	29.09	207.45	3126	177	125072.0	2345.3609	0.02625	3501.4985	5.5731	3496.54	82	3539.54	3538.44	4331.6173	26	3496.54
abs3n35	3	 low	35	5	3	ML	 US	5638.84	112.47	711.57	3994	871	195931.0	3295.2676	0.031111	5885.177	96.6625	5753.04	519	5690.04	5683.04	6198.0926	27	5753.04
abs4n20	3	 low	20	3	4	ML	 US	3984.13	43.06	277.71	2748	1081	182400.0	2238.9294	0.027619	4050.7031	23.6611	4027.77	56	4150.77	4149.77	4608.0365	35	4027.77
abs3n50	3	 low	50	2	3	ML	 US	4401.96	113.71	784.95	2178	1758	210041.0	1340.9361	0.032157	4480.0363	59.84	4405.66	286	4835.66	4817.66	5223.4058	30	4407.6
abs4n25	3	 low	25	2	4	ML	 US	3099.69	53.22	398.4	1520	2078	175022.5	1000.3903	0.027308	3382.3139	121.1055	3281.62	21	4050.62	4042.9299	3824.8585	38	3281.62
abs4n25	3	 low	25	3	4	ML	 US	3511.2	41.52	408.99	2086	1459	175022.5	1423.9505	0.027308	3691.0241	31.7622	3659.51	42	3995.51	3993.15	5103.1849	32	3659.51
abs4n30	3	 low	30	2	4	ML	 US	3422.3	59.62	474.24	1734	2043	173807.0	1144.5144	0.027419	3735.9023	65.9727	3545.86	48	4311.86	4288.21	4125.5984	35	3546.14
abs3n40	3	 low	40	5	3	ML	 US	4641.06	110.59	697.77	2392	1863	195433.0	2023.4246	0.032439	4967.5452	140.6183	4721.36	517	5063.36	5063.36	5950.3329	25	4868.18
abs4n20	3	 low	20	4	4	ML	 US	4669.02	47.58	271.65	3710	750	182400.0	2914.3002	0.027619	4747.4881	16.3622	4728.23	257	4779.23	4779.23	5151.6646	27	4728.23
abs4n30	3	 low	30	3	4	ML	 US	3782.8	63.0	470.82	2391	1518	173807.0	1626.5915	0.027419	3928.9348	23.5324	3890.82	100	4444.82	4392.48	5613.1538	33	3885.25
abs4n35	3	 low	35	2	4	ML	 US	3244.21	76.27	519.0	1678	1780	176871.0	1218.7941	0.028056	3327.5024	64.2515	3244.27	32	4054.27	4020.27	4161.5384	37	3244.27
abs3n50	3	 low	50	3	3	ML	 US	4809.14	113.71	784.95	3048	1372	210041.0	1862.1541	0.032157	5225.1714	110.1588	5096.66	512	5318.66	5318.66	6571.4293	28	5330.39
abs3n50	3	 low	50	4	3	ML	 US	5200.1	109.47	787.5	3532	1248	210041.0	2384.4603	0.032157	5753.6468	143.6273	5500.97	511	5676.97	5676.97	6849.2917	25	5569.84
abs3n50	3	 low	50	5	3	ML	 US	5713.44	144.94	760.26	3892	1368	210041.0	2907.312	0.032157	6265.7789	269.7851	5929.2	508	6166.2	6147.3	6716.2567	27	5926.84
abs4n25	3	 low	25	5	4	ML	 US	4230.811	45.12	403.74	2825	1070	175022.5	2274.2083	0.027308	4234.2731	3.022	4230.86	281	4345.86	4329.86	5171.5469	29	4230.86
abs4n35	3	 low	35	3	4	ML	 US	3813.93	76.21	518.94	2470	1099	176871.0	1727.5731	0.028056	3934.4395	37.6131	3862.15	46	4165.15	4133.19	4579.0067	43	3889.93
abs4n25	3	 low	25	4	4	ML	 US	3896.89	58.06	393.87	2190	1565	175022.5	1847.5106	0.027308	4050.6797	73.826	3943.93	290	4207.9299	4192.93	4613.9472	38	3965.96
abs4n40	3	 low	40	2	4	ML	 US	3520.29	83.74	571.98	2142	2966	205643.5	1062.4119	0.028537	4428.2912	134.4477	4316.72	94	5764.72	5748.7199	4421.9494	25	4238.76
abs4n40	3	 low	40	3	4	ML	 US	3777.89	79.4	581.49	1903	2659	205643.5	1481.6791	0.028537	4398.23	309.4105	3777.89	101	5224.89	5186.0899	4756.7197	27	3874.09
abs4n20	3	 low	20	5	4	ML	 US	5111.0298	43.15	277.59	4154	796	182400.0	3590.5745	0.027619	5212.1131	16.0496	5202.74	572	5270.74	5245.46	6658.4117	29	5204.46
abs4n40	3	 low	40	4	4	ML	 US	4256.29	79.99	576.81	2870	1518	205643.5	1901.8638	0.028537	4676.1877	14.7969	4648.8	109	5045.8	5038.52	5086.4422	31	4624.82
abs4n45	3	 low	45	2	4	ML	 US	4189.42	101.36	704.1	2125	1904	207204.5	1462.4883	0.028696	4285.0106	36.5841	4234.46	111	4835.46	4835.46	5121.3074	36	4228.72
abs4n30	3	 low	30	4	4	ML	 US	4240.89	57.2	476.91	2582	1570	173807.0	2108.6687	0.027419	4379.4136	44.7314	4325.11	463	4686.11	4686.11	4789.6164	25	4397.64
abs4n50	3	 low	50	2	4	ML	 US	4319.84	139.71	872.13	2082	1947	222896.5	1613.0126	0.029216	4411.3136	33.3246	4352.84	107	5041.8399	5041.8399	5295.3251	28	4352.84
abs4n30	3	 low	30	5	4	ML	 US	4706.75	54.19	478.89	3400	1149	173807.0	2591.7358	0.027419	4990.6156	54.684	4787.08	523	5082.08	5075.02	5373.436	25	4787.08
abs4n5	3	 low	5	2	4	ML	 US	1701.71	5.96	42.75	1166	506	43736.5	1153.2731	0.025	1711.0571	10.4806	1701.71	0	1720.71	1701.85	1976.1009	28	1701.71
abs4n5	3	 low	5	3	4	ML	 US	2275.5898	6.2	42.39	1754	473	43736.5	1719.2483	0.025	2280.8579	10.6401	2275.59	1	2275.59	2275.59	2808.7355	19	2275.59
abs4n5	3	 low	5	4	4	ML	 US	2616.0	6.54	41.46	2306	261	43736.5	2272.6463	0.025	2616.38	0.3182	2616.0	1	2616.0	2616.0	2940.6124	20	2616.0
abs4n5	3	 low	5	5	4	ML	 US	3303.3899	5.64	42.81	2682	573	43736.5	2864.0132	0.025	3318.49	14.437	3303.45	1	3303.45	3303.45	1716.931	36	3303.45
abs5n10	3	 low	10	2	5	ML	 US	2076.4001	32.91	194.49	1118	942	94256.0	934.3667	0.038182	2198.0384	70.7123	2076.4	4	2287.4	2222.52	2075.5989	37	2076.4
abs5n10	3	 low	10	3	5	ML	 US	2378.3303	27.85	198.48	1582	599	94256.0	1328.35	0.038182	2386.5804	5.4719	2378.33	6	2407.33	2378.33	2842.25	25	2378.33
abs5n10	3	 low	10	4	5	ML	 US	2789.3103	27.69	199.62	1840	722	94256.0	1722.3333	0.038182	2796.0588	5.0307	2789.31	34	2789.31	2788.71	3497.4979	25	2789.31
abs5n10	3	 low	10	5	5	ML	 US	2911.1101	32.3	195.81	1971	711	94256.0	2116.3167	0.038182	2916.7469	3.2629	2911.11	23	2911.11	2911.11	3494.8397	26	2911.11
abs5n15	3	 low	15	2	5	ML	 US	2529.78	29.76	193.02	1674	907	118284.0	1229.129	0.038125	2713.4234	95.4257	2529.78	13	2803.78	2791.78	3975.1427	35	2529.78
abs4n35	3	 low	35	4	4	ML	 US	4305.23	75.47	520.14	3010	1110	176871.0	2237.6083	0.028056	4513.5758	38.9318	4428.61	520	4716.61	4704.23	5252.4295	26	4428.61
abs4n45	3	 low	45	3	4	ML	 US	4653.32	97.34	706.38	2826	1605	207204.5	2059.8432	0.028696	4834.0974	99.7071	4683.72	324	5235.72	5230.13	5601.9767	27	4688.3
abs4n35	3	 low	35	5	4	ML	 US	4667.55	75.21	520.38	3457	850	176871.0	2749.1117	0.028056	4771.6371	35.077	4705.59	528	4904.59	4872.27	5605.5878	28	4753.27
abs4n40	3	 low	40	5	4	ML	 US	4561.39	79.64	581.73	2869	1536	205643.5	2320.8252	0.028537	4722.4138	27.063	4661.37	516	5067.37	5032.37	5494.9234	25	4676.25
abs5n20	3	 low	20	2	5	ML	 US	3273.1697	61.79	352.38	2098	1114	172582.0	1696.7134	0.035714	3362.1133	53.8966	3273.17	18	3626.17	3543.15	4232.016	39	3273.17
abs5n15	3	 low	15	3	5	ML	 US	3179.78	29.34	193.44	2368	623	118284.0	1771.3035	0.038125	3192.3572	11.5029	3179.78	46	3214.78	3194.78	3501.2685	29	3179.78
abs5n20	3	 low	20	3	5	ML	 US	3980.23	61.67	352.56	2906	787	172582.0	2409.2302	0.035714	4107.0629	56.5074	4054.23	104	4107.23	4085.83	4537.3824	31	4165.83
abs4n45	3	 low	45	4	4	ML	 US	5206.42	97.22	707.4	3248	1675	207204.5	2657.5492	0.028696	5622.5974	111.3944	5269.62	514	5728.62	5651.37	6234.4902	27	5574.55
abs4n45	3	 low	45	5	4	ML	 US	5801.84	98.19	702.48	4306	1034	207204.5	3253.852	0.028696	6347.2994	271.4174	6032.67	514	6140.67	6082.51	6647.8615	26	6032.67
abs5n15	3	 low	15	4	5	ML	 US	3590.26	24.38	197.88	2596	772	118284.0	2313.478	0.038125	3598.7469	6.3256	3590.26	209	3590.26	3582.8	4098.593	29	3590.76
abs5n25	3	 low	25	2	5	ML	 US	3304.76	84.85	505.23	1792	2047	165277.0	1636.9325	0.033462	3397.3633	47.5161	3305.08	21	4429.08	3457.02	3302.0531	49	3317.1
abs4n50	3	 low	50	3	4	ML	 US	4943.44	139.67	872.19	2967	1642	222896.5	2251.2845	0.029216	5082.0671	54.4924	4951.86	509	5621.86	5599.86	6003.4427	31	4987.86
abs5n20	3	 low	20	4	5	ML	 US	4620.77	49.74	363.87	3670	610	172582.0	3125.038	0.035714	4643.07	21.2764	4623.61	233	4693.61	4644.69	5651.8205	34	4625.53
abs5n30	3	 low	30	2	5	ML	 US	3020.61	80.97	487.38	1588	1064	154354.0	1023.5403	0.032903	3125.8055	55.5009	3024.35	25	3221.35	3219.35	3034.7835	40	3024.35
abs4n50	3	 low	50	4	4	ML	 US	5610.72	140.95	872.25	3836	1225	222896.5	2889.8706	0.029216	5833.9067	33.558	5743.2	510	6075.2	6056.1	6782.569	30	5797.1
abs5n25	3	 low	25	3	5	ML	 US	3918.3	84.35	505.29	2862	606	165277.0	2259.962	0.033462	4091.2544	36.3785	4024.64	100	4058.64	4044.12	4433.0347	39	4024.64
abs5n30	3	 low	30	3	5	ML	 US	3393.39	79.49	489.6	2038	1013	154354.0	1442.3022	0.032903	3612.6197	51.2326	3463.09	95	3620.09	3620.09	4201.7344	33	3463.09
abs4n50	3	 low	50	5	4	ML	 US	6311.76	140.81	872.19	4426	1164	222896.5	3527.2009	0.029216	6826.5572	296.8247	6436.0	511	6603.0	6603.0	7199.6456	25	6436.0
abs5n35	3	 low	35	2	5	ML	 US	3382.92	84.48	541.08	1306	4015	186176.0	1160.5437	0.031389	3515.0354	33.2081	3383.56	42	5946.56	3859.52	3397.3174	35	3447.72
abs5n35	3	 low	35	3	5	ML	 US	3823.98	83.66	541.08	2398	1125	186176.0	1636.6706	0.031389	3966.5053	47.9415	3887.74	101	4148.74	4148.74	4950.1653	36	3887.74
abs5n25	3	 low	25	4	5	ML	 US	4470.8599	82.15	508.59	3088	998	165277.0	2884.5849	0.033462	4567.5876	49.3072	4478.74	272	4677.74	4584.9	5212.5811	34	4517.9
abs5n40	3	 low	40	2	5	ML	 US	3630.77	102.51	679.68	2064	1714	180550.5	1208.4346	0.03122	4112.3827	32.5192	4070.19	49	4561.19	4537.47	4155.2059	33	4049.39
abs5n15	3	 low	15	5	5	ML	 US	4175.34	26.57	197.19	3190	819	118284.0	2855.6525	0.038125	4243.9281	7.4469	4229.76	573	4232.76	4232.76	4545.5187	27	4247.07
abs5n30	3	 low	30	4	5	ML	 US	3796.45	67.12	497.13	2587	821	154354.0	1859.9706	0.032903	3940.8948	3.2813	3936.25	269	3973.25	3970.25	4202.9841	33	3936.25
abs5n20	3	 low	20	5	5	ML	 US	5362.0107	67.95	349.02	4424	745	172582.0	3842.5008	0.035714	5538.6973	55.0947	5483.97	570	5585.97	5470.03	6116.9451	30	5521.36
abs5n25	3	 low	25	5	5	ML	 US	5112.1602	65.94	522.84	3956	716	165277.0	3512.4015	0.033462	5231.9597	26.4828	5192.78	504	5261.78	5248.11	5641.1802	32	5198.52
abs5n45	3	 low	45	2	5	ML	 US	3638.0901	99.24	715.05	1876	2383	163754.0	969.302	0.031087	4080.726	4.5854	4074.29	94	5074.29	5074.1899	4499.3476	30	4075.19
abs5n45	3	 low	45	3	5	ML	 US	3866.85	96.24	718.35	2499	1443	163754.0	1316.5272	0.031087	4385.308	14.696	4359.59	79	4758.59	4758.0899	4494.4847	30	4307.27
abs5n40	3	 low	40	3	5	ML	 US	4074.85	95.91	686.4	2595	1381	180550.5	1682.4794	0.03122	4278.7103	4.9159	4270.31	239	4760.31	4760.31	4935.3267	32	4270.31
abs5n30	3	 low	30	5	5	ML	 US	4156.9	79.85	489.06	2832	1037	154354.0	2279.0969	0.032903	4346.8504	71.3021	4156.91	542	4437.91	4327.79	4674.1362	25	4295.79
abs5n35	3	 low	35	4	5	ML	 US	4224.46	83.2	542.28	3104	779	186176.0	2114.2995	0.031389	4376.6723	24.8781	4352.48	485	4509.48	4497.48	5422.8942	26	4352.48
abs5n5	3	 low	5	2	5	ML	 US	1184.74	10.04	83.7	992	115	33031.0	673.8971	0.04	1231.4155	24.128	1184.74	0	1200.74	1200.74	1185.7056	31	1184.74
abs5n5	3	 low	5	3	5	ML	 US	1478.29	8.24	85.05	1270	115	33031.0	962.9935	0.04	1498.75	18.8357	1478.29	1	1478.29	1478.29	1481.8263	28	1478.29
abs5n5	3	 low	5	4	5	ML	 US	1640.93	6.98	85.95	1449	98	33031.0	1263.7775	0.04	1654.1652	15.6801	1640.93	1	1640.93	1640.93	3920.2552	44	1640.93
abs5n5	3	 low	5	5	5	ML	 US	1973.0701	11.99	82.08	1400	479	33031.0	1548.6629	0.04	1974.2114	0.7888	1973.07	1	1973.07	1973.07	1699.828	28	1973.07
abs5n45	3	 low	45	4	5	ML	 US	4149.39	106.51	710.52	2319	1584	163754.0	1664.344	0.031087	4310.7778	19.0711	4289.03	235	4722.03	4720.93	4631.3628	27	4289.27
abs5n35	3	 low	35	5	5	ML	 US	4624.38	82.78	542.64	3322	1031	186176.0	2591.7417	0.031389	4888.5631	75.3991	4693.42	519	4978.42	4892.42	5532.7766	26	4812.42
abs5n45	3	 low	45	5	5	ML	 US	4340.57	115.29	700.35	2816	982	163754.0	2011.3721	0.031087	4663.9328	5.1723	4659.64	232	4613.64	4613.6399	5156.0491	25	4637.51
abs1n10	6	 high	10	2	1	ML	 US	9299.9502	660.35	3428.4	4196	1097	102097.5	5737.1793	0.308182	9328.95	14.7015	9300.75	98	9381.75	9379.27	10356.9798	17	9312.46
abs5n40	3	 low	40	4	5	ML	 US	4486.15	110.53	672.24	2862	1418	180550.5	2156.8129	0.03122	4851.3741	160.3055	4538.77	518	5062.77	5032.43	5088.2897	29	4538.77
abs1n15	6	 high	15	2	1	ML	 US	11579.1074	917.5	5391.6	3772	2146	125773.0	6086.6182	0.285	11866.9	16.4823	11810.1	45	12228.1	12217.05	12755.383	18	11856.1
abs5n40	3	 low	40	5	5	ML	 US	4781.31	102.7	683.61	2985	1539	180550.5	2629.9923	0.03122	5158.73	168.379	4781.31	518	5312.31	5312.31	6169.4458	27	4998.67
abs1n15	6	 high	15	3	1	ML	 US	12472.0	911.0	5432.1	4484	1943	125773.0	7193.2248	0.285	12665.7886	3.9845	12661.1	96	12770.1	12770.1	14615.1129	14	12632.44
abs5n50	3	 low	50	2	5	ML	 US	4246.19	120.2	832.11	2026	1916	202575.0	1583.6831	0.03098	4357.544	38.6532	4296.31	496	4895.31	4883.5099	5053.7564	30	4322.23
abs1n20	6	 high	20	2	1	ML	 US	14237.3203	1172.99	6585.9	4726	2685	143179.5	6745.1339	0.287619	14387.2753	14.4089	14370.89	55	15169.89	15168.45	15431.3941	19	14370.89
abs5n50	3	 low	50	3	5	ML	 US	4767.0	122.22	828.78	3146	1103	202575.0	2217.3647	0.03098	5117.9447	104.7324	4942.0	511	5200.0	5197.11	5756.3451	27	4942.0
abs5n50	3	 low	50	4	5	ML	 US	5411.67	121.12	831.12	3522	1343	202575.0	2852.3061	0.03098	5782.1068	292.3019	5469.24	510	5817.24	5815.39	6461.9591	28	5756.23
abs5n50	3	 low	50	5	5	ML	 US	5912.51	120.1	832.47	4068	1325	202575.0	3485.515	0.03098	6691.7053	452.7892	5980.57	510	6345.57	6345.57	7114.907	27	6285.27
abs1n25	6	 high	25	2	1	ML	 US	14621.2891	1285.62	6790.8	3148	7807	188676.5	6020.2757	0.294615	15435.1	10.4379	15212.42	44	19031.42	15790.58	15214.4707	16	15424.58
abs1n10	6	 high	10	3	1	ML	 US	10743.9	646.56	3453.3	5442	1207	102097.5	7377.269	0.308182	10761.5321	20.6081	10743.86	573	10748.86	10748.86	11853.8041	14	10747.0
abs1n10	6	 high	10	4	1	ML	 US	12089.8	690.9	3420.0	6966	1013	102097.5	9032.4747	0.308182	12090.5177	0.6971	12089.9	566	12089.9	12089.9	13409.1406	13	12118.46
abs1n10	6	 high	10	5	1	ML	 US	13449.09	661.07	3449.4	8432	946	102097.5	10657.4483	0.308182	13505.8831	24.6048	13488.47	548	13488.47	13488.47	15521.2778	13	13493.82
abs1n30	6	 high	30	2	1	ML	 US	21514.0	2139.52	11832.0	5601	3011	201361.0	8118.7117	0.285484	21795.9925	5.0089	21787.52	67	22585.52	22577.18	22670.6846	20	21790.86
abs1n15	6	 high	15	4	1	ML	 US	13365.2	1045.22	5270.7	5456	1768	125773.0	8294.9565	0.285	13396.0262	16.9801	13381.92	531	13539.92	13533.92	14188.2449	13	13381.92
abs1n15	6	 high	15	5	1	ML	 US	14384.71	964.13	5382.9	6040	2042	125773.0	9399.1256	0.285	14442.3383	21.7237	14422.03	530	14429.03	14429.03	15552.8639	12	14433.35
abs1n20	6	 high	20	3	1	ML	 US	15629.72	1168.99	6591.6	6152	2348	143179.5	8407.5509	0.287619	15825.5667	55.148	15720.59	528	16261.59	16208.13	16373.5896	12	15754.13
abs1n20	6	 high	20	4	1	ML	 US	17141.623	1200.48	6633.3	7626	2021	143179.5	10078.0379	0.287619	17396.441	60.5407	17316.78	528	17480.78	17447.07	18684.9049	14	17322.23
abs1n20	6	 high	20	5	1	ML	 US	18692.6	1052.69	6741.6	8932	1944	143179.5	11732.3848	0.287619	18788.0042	59.9072	18712.29	528	18671.29	18671.29	20050.9797	12	18712.29
abs1n25	6	 high	25	3	1	ML	 US	15577.8	1129.55	6921.6	6083	1968	188676.5	7246.9435	0.294615	15799.075	8.7597	15779.15	461	16103.15	16086.09	16106.1647	12	15801.33
abs1n25	6	 high	25	4	1	ML	 US	16510.2	1251.81	6819.9	7006	1684	188676.5	8479.3569	0.294615	16650.4966	19.8146	16634.71	526	16761.71	16737.94	17654.0533	12	16634.9
abs1n25	6	 high	25	5	1	ML	 US	17471.89	1294.98	6776.1	7788	1716	188676.5	9700.2792	0.294615	17555.8942	29.622	17524.08	522	17576.08	17576.08	19625.2929	12	17482.02
abs1n30	6	 high	30	3	1	ML	 US	22824.8	1897.66	12091.5	7444	1980	201361.0	9794.8456	0.285484	22970.5277	58.9537	22930.16	521	23414.16	23339.25	23982.8249	13	22947.25
abs1n30	6	 high	30	4	1	ML	 US	24360.18	2033.66	12010.5	8956	1588	201361.0	11479.487	0.285484	24519.2846	65.8992	24452.16	522	24588.16	24588.12	26174.8219	13	24425.08
abs1n30	6	 high	30	5	1	ML	 US	25999.6	2279.26	11732.1	10460	1690	201361.0	13158.6587	0.285484	26158.0725	76.3622	26033.36	521	26161.36	26161.36	27517.6255	12	26112.88
abs1n35	6	 high	35	2	1	ML	 US	21061.2	2010.45	11691.3	5545	3629	188912.5	7527.4534	0.285833	22014.3466	26.4655	21979.75	519	22877.75	22875.5	22512.2143	15	22142.82
abs1n40	6	 high	40	2	1	ML	 US	24436.2	2558.26	13879.5	6582	3038	198950.0	8940.4511	0.291707	25376.615	31.0264	25331.76	401	26058.76	26057.49	25866.5053	12	25306.65
abs1n35	6	 high	35	3	1	ML	 US	22168.2	2162.55	11538.9	6606	2899	188912.5	8930.8054	0.285833	22734.8515	137.2708	22577.45	515	23206.45	23206.45	23796.7764	13	22817.19
abs1n35	6	 high	35	4	1	ML	 US	23325.9	2125.43	11652.0	7978	2249	188912.5	10335.1759	0.285833	23852.5425	28.9089	23772.43	518	24004.43	23945.49	24682.3903	12	23833.69
abs1n35	6	 high	35	5	1	ML	 US	24497.94	1965.05	11807.4	8834	2572	188912.5	11740.5659	0.285833	24896.9462	33.6492	24879.45	519	25178.45	25121.49	26268.5252	13	25610.94
abs1n40	6	 high	40	3	1	ML	 US	25912.3	2559.83	13840.2	8288	2119	198950.0	10651.5766	0.291707	26621.8709	40.1054	26539.03	513	26807.03	26807.03	27444.3395	11	26617.31
abs1n40	6	 high	40	4	1	ML	 US	27380.4	2684.58	13743.9	9236	2099	198950.0	12366.9376	0.291707	27483.0391	66.0421	27386.48	511	27764.48	27755.36	29386.7126	11	28045.25
abs1n5	6	 high	5	2	1	ML	 US	5972.8701	384.64	2096.7	1718	1774	72215.0	3761.379	0.265	5973.34	0.0	5973.34	5	5973.34	5973.34	6655.9048	11	5973.34
abs1n5	6	 high	5	3	1	ML	 US	6852.3599	308.26	2171.1	3112	1261	72215.0	4872.9718	0.265	6852.36	0.0	6852.36	16	6852.36	6852.36	8806.24	10	6852.36
abs1n40	6	 high	40	5	1	ML	 US	29020.14	2700.58	13751.7	10756	1994	198950.0	14071.183	0.291707	29010.3644	26.8541	28985.28	515	29203.28	29202.5	31108.2087	9	30065.78
abs1n5	6	 high	5	4	1	ML	 US	7704.6201	310.55	2167.2	4710	524	72215.0	6015.5473	0.265	7712.3971	0.4926	7711.75	46	7711.75	7711.75	13309.7494	17	7711.75
abs1n45	6	 high	45	2	1	ML	 US	24310.8	2679.28	13669.8	5758	3389	205188.5	8616.7386	0.295435	24797.7292	25.3525	24759.08	509	25496.08	25495.39	25533.424	12	25362.57
abs1n45	6	 high	45	3	1	ML	 US	25597.0	2612.32	13671.3	7615	2596	205188.5	10188.4087	0.295435	26219.245	118.6495	26117.62	511	26495.62	26494.06	27247.295	12	27163.85
abs1n45	6	 high	45	4	1	ML	 US	26963.6	2269.97	13989.0	8940	2310	205188.5	11757.2773	0.295435	27311.85	24.9193	27274.97	510	27509.97	27487.47	28809.5825	11	27669.96
abs2n10	6	 high	10	2	2	ML	 US	9280.4189	484.95	2657.4	4778	1533	155639.0	5268.6744	0.314545	9345.416	43.2013	9319.35	83	9453.35	9451.93	10081.1797	15	9319.35
abs1n5	6	 high	5	5	1	ML	 US	8636.29	306.09	2167.2	5336	827	72215.0	7127.0788	0.265	8636.611	0.2286	8636.29	119	8636.29	8636.29	13755.0628	29	8636.29
abs2n15	6	 high	15	2	2	ML	 US	11553.5205	853.87	5227.5	4537	1464	127623.5	5203.8355	0.3075	11954.0675	13.4284	11933.37	54	12083.37	12081.37	12707.9433	16	11689.77
abs1n45	6	 high	45	5	1	ML	 US	28476.81	2507.11	13781.1	10616	1726	205188.5	13336.8935	0.295435	29164.0582	570.0128	28648.21	512	28630.21	28630.21	31376.0677	11	28703.09
abs1n50	6	 high	50	2	1	ML	 US	28198.1	3016.98	16071.6	7196	2831	185596.0	10612.1853	0.299412	28805.2455	66.782	28746.58	505	29115.58	29115.58	29580.4545	14	28746.58
abs1n50	6	 high	50	3	1	ML	 US	29883.7	2832.34	16253.7	9304	2110	185596.0	12734.6779	0.299412	30231.2131	39.3122	30180.04	511	30500.04	30433.96	34259.158	13	31003.87
abs1n50	6	 high	50	4	1	ML	 US	31856.8	2696.84	16385.7	11212	1847	185596.0	14861.4802	0.299412	32169.2046	187.3717	31937.54	502	32142.54	32092.08	34815.8708	13	33264.84
abs2n20	6	 high	20	2	2	ML	 US	13590.9	1216.34	6857.7	4530	1574	149622.5	5685.8653	0.294762	13910.3067	2.7715	13905.04	62	14178.04	14176.46	15353.9195	15	13911.46
abs1n50	6	 high	50	5	1	ML	 US	33916.3	3157.82	15990.0	13380	1605	185596.0	16985.0503	0.299412	34243.1092	28.6105	34207.82	503	34132.82	34098.05	35851.7817	12	35233.74
abs2n20	6	 high	20	3	2	ML	 US	14130.63	1234.28	6873.9	4814	1506	149622.5	6721.538	0.294762	14245.6857	7.1635	14236.18	226	14428.18	14426.68	15111.5824	14	14199.88
abs2n25	6	 high	25	2	2	ML	 US	16086.2	1382.94	7429.8	4610	3483	176786.0	7080.9846	0.312308	16308.8542	5.8239	16299.74	159	16906.74	16898.74	17859.1281	19	16299.74
abs2n10	6	 high	10	3	2	ML	 US	11046.8	561.32	2590.96	6666	1373	155639.0	7172.6316	0.314545	11173.196	48.1986	11115.2743	564	11192.2743	11124.0499	11899.8879	16	11084.32
abs2n10	6	 high	10	4	2	ML	 US	12656.7793	468.86	2683.2	8170	1467	155639.0	9099.9502	0.314545	12741.3943	54.8887	12695.06	581	12789.06	12723.7399	14275.1587	14	12796.55
abs2n10	6	 high	10	5	2	ML	 US	14399.4	446.64	2689.8	10232	1031	155639.0	10966.0119	0.314545	14461.6469	54.6025	14399.44	562	14399.44	14399.4397	16937.0669	14	14399.44
abs2n15	6	 high	15	3	2	ML	 US	12497.8	988.33	5077.8	5444	1181	127623.5	6460.6433	0.3075	12653.1259	6.8222	12646.1322	543	12691.1322	12684.93	13234.1275	13	12646.93
abs2n15	6	 high	15	4	2	ML	 US	13514.72	888.98	5246.7	6354	1118	127623.5	7725.2573	0.3075	13577.8123	8.5797	13572.68	530	13608.68	13607.6799	14499.6554	13	13574.84
abs2n15	6	 high	15	5	2	ML	 US	14463.02	892.29	5225.7	7322	1054	127623.5	8974.2588	0.3075	14478.2136	0.5595	14477.99	531	14493.99	14493.99	15818.3224	11	14477.99
abs2n20	6	 high	20	4	2	ML	 US	14802.23	1249.29	6907.8	5636	1220	149622.5	7757.2106	0.294762	14889.1742	18.5327	14873.09	528	15013.09	15013.09	16099.2389	12	14922.19
abs2n30	6	 high	30	2	2	ML	 US	18715.7305	1725.77	9914.7	4691	4311	179408.0	6993.3694	0.297097	19373.7275	129.1047	19154.47	180	20644.47	20640.61	20367.9074	16	19154.47
abs2n20	6	 high	20	5	2	ML	 US	15493.83	1098.44	7060.2	6330	1122	149622.5	8802.2137	0.294762	15654.0942	108.8457	15540.64	528	15610.64	15607.64	17218.3022	12	15540.64
abs2n35	6	 high	35	2	2	ML	 US	19251.37	1805.35	9617.7	6251	3767	205402.5	6942.0017	0.300278	20302.62	30.112	20248.05	96	21443.05	21427.11	20262.079	16	20228.67
abs2n25	6	 high	25	3	2	ML	 US	17472.9	1441.75	7380.3	6976	1992	176786.0	8719.0568	0.312308	17609.4777	15.7381	17604.05	526	17791.05	17787.05	18330.8348	13	17567.31
abs2n25	6	 high	25	4	2	ML	 US	18853.5	1310.51	7499.1	8278	1921	176786.0	10364.205	0.312308	18978.8417	31.5982	18923.61	524	19008.61	19008.61	19861.4519	12	18973.07
abs2n25	6	 high	25	5	2	ML	 US	20359.7	1281.85	7521.6	9636	2008	176786.0	12012.9103	0.312308	20451.569	29.7904	20427.45	522	20447.45	20447.45	21644.3751	10	20456.03
abs2n30	6	 high	30	3	2	ML	 US	19744.8	1901.03	9786.0	5998	3163	179408.0	8338.84	0.297097	20216.6523	44.4415	20159.03	520	20848.03	20848.03	21672.4533	13	20164.86
abs2n30	6	 high	30	4	2	ML	 US	20868.3	1862.96	9840.3	7090	3000	179408.0	9691.755	0.297097	21358.1373	37.2566	21300.26	521	21794.26	21697.25	22156.0266	11	21343.86
abs2n30	6	 high	30	5	2	ML	 US	22059.0	1711.8	9955.5	8322	2592	179408.0	11031.9067	0.297097	22445.8318	86.2969	22295.3	521	22581.3	22581.3	24730.4654	11	22514.06
abs2n40	6	 high	40	2	2	ML	 US	20198.3	1871.36	10142.7	6497	4137	210923.5	7428.1951	0.303659	21684.4908	118.9489	21413.06	332	22650.06	22648.2199	21769.4652	13	21413.06
abs2n35	6	 high	35	3	2	ML	 US	20107.8	1729.22	9700.5	6161	3888	205402.5	8299.0225	0.300278	20608.6892	140.8029	20270.72	519	21480.72	21454.31	21495.809	12	20646.31
abs2n35	6	 high	35	4	2	ML	 US	21064.7	1781.56	9666.3	7666	2673	205402.5	9656.0433	0.300278	21254.4945	10.5959	21232.86	516	21786.86	21786.86	22734.5779	11	21251.87
abs2n35	6	 high	35	5	2	ML	 US	22118.2	1747.76	9716.7	8780	2405	205402.5	11018.3036	0.300278	22350.5782	51.3656	22294.46	517	22649.46	22649.46	24120.8607	11	22442.85
abs2n40	6	 high	40	3	2	ML	 US	21164.7	1990.31	10075.5	6789	3800	210923.5	8944.8226	0.303659	21593.7409	141.6436	21516.81	517	22656.81	22655.81	24152.3002	11	21516.81
abs2n40	6	 high	40	4	2	ML	 US	22510.64	1850.74	10214.4	8756	2849	210923.5	10466.0183	0.303659	23369.3338	331.1295	22896.14	516	23670.14	23670.14	23754.5601	10	22888.5
abs2n40	6	 high	40	5	2	ML	 US	23873.6	1889.45	10196.1	9920	2821	210923.5	11986.6462	0.303659	24327.075	25.4702	24305.55	515	24827.55	24812.83	26099.2262	10	24777.06
abs2n5	6	 high	5	2	2	ML	 US	5139.71	353.36	1861.8	2259	665	49384.5	3087.5275	0.261667	5159.2573	16.8006	5141.16	6	5141.16	5141.16	5783.9249	15	5141.16
abs2n45	6	 high	45	2	2	ML	 US	24532.7	2468.32	13640.7	6749	3465	204224.5	9872.4778	0.29587	25131.1969	20.3465	25097.02	514	26325.02	26322.02	25870.7152	13	25815.38
abs2n45	6	 high	45	3	2	ML	 US	26222.8	2380.16	13806.0	8420	2579	204224.5	11810.3367	0.29587	26463.7058	41.4232	26400.16	512	27185.16	27185.16	28815.8879	12	26972.87
abs2n45	6	 high	45	4	2	ML	 US	28056.0	2298.95	13836.3	10648	2016	204224.5	13752.9745	0.29587	28289.1167	25.6162	28249.25	509	28799.25	28781.61	29984.1454	12	28361.5
abs2n45	6	 high	45	5	2	ML	 US	29961.8	2384.56	13804.2	12154	2148	204224.5	15689.0404	0.29587	30136.2809	57.6444	30078.76	503	30490.76	30467.44	33208.2461	11	30196.82
abs3n10	6	 high	10	2	3	ML	 US	8445.5088	615.47	3000.6	3126	1917	118325.5	4005.7843	0.322727	8509.6291	59.6551	8452.07	60	8659.07	8648.07	8805.9759	11	8452.07
abs2n50	6	 high	50	2	2	ML	 US	27818.8	2835.62	15355.2	7068	4653	222732.5	11038.9813	0.298824	28371.19	99.6269	28242.82	509	29911.82	29911.82	29328.7101	12	29748.09
abs2n5	6	 high	5	3	2	ML	 US	6171.42	333.72	1874.7	2974	989	49384.5	4081.2356	0.261667	6171.42	0.0	6171.42	238	6171.42	6171.42	6600.3314	10	6171.42
abs2n50	6	 high	50	3	2	ML	 US	29630.9	2683.28	15512.1	9634	3156	222732.5	13153.5319	0.298824	30438.3869	128.5952	30276.38	500	30985.38	30973.03	33840.3124	13	32500.92
abs3n10	6	 high	10	3	3	ML	 US	9357.14	560.04	3035.1	4630	1158	118325.5	5299.5122	0.322727	9363.64	7.7624	9357.14	159	9383.14	9383.14	10279.8585	18	9357.14
abs2n50	6	 high	50	4	2	ML	 US	31458.7	2800.83	15371.1	11586	2588	222732.5	15272.3892	0.298824	32003.5533	63.7191	31942.93	505	32346.93	32312.55	34414.581	12	33457.42
abs3n15	6	 high	15	2	3	ML	 US	13241.2	1097.23	5950.2	4494	2038	184494.0	5503.1535	0.32875	13282.9533	10.0503	13265.43	138	13579.43	13579.43	14223.9353	18	13265.43
abs3n20	6	 high	20	2	3	ML	 US	13774.5	1182.97	5943.3	4677	2798	173451.0	4986.5268	0.300476	14138.1594	10.7876	14122.27	55	14602.27	14587.8098	14491.0154	17	14134.77
abs2n50	6	 high	50	5	2	ML	 US	33558.18	2537.46	15699.6	13368	2672	222732.5	17382.6332	0.298824	33907.9364	110.4893	33805.06	502	34277.06	34277.06	37790.9195	11	34187.98
abs2n5	6	 high	5	5	2	ML	 US	7939.93	246.93	1938.0	5496	259	49384.5	6078.5393	0.261667	7943.3941	1.9807	7939.93	494	7939.93	7939.93	7082.7592	17	7939.93
abs2n5	6	 high	5	4	2	ML	 US	7052.4	301.9	1879.5	4174	697	49384.5	5089.775	0.261667	7053.6917	1.1125	7052.4	588	7052.4	7052.4	8270.1747	12	7052.4
abs3n25	6	 high	25	2	3	ML	 US	17363.3	1515.79	8181.9	6766	1934	192264.0	7041.6766	0.313846	18081.5111	54.7595	17987.69	78	18398.69	18395.69	18508.0081	19	18007.23
abs3n10	6	 high	10	4	3	ML	 US	10442.3887	656.79	2955.6	5502	1328	118325.5	6582.3685	0.322727	10450.214	10.61	10442.39	561	10442.39	10442.39	12298.7702	10	10453.1
abs3n10	6	 high	10	5	3	ML	 US	11428.76	481.66	3108.9	6510	1348	118325.5	7888.8056	0.322727	11498.0911	25.2929	11449.56	534	11449.56	11449.56	13465.0923	12	11484.14
abs3n15	6	 high	15	3	3	ML	 US	14382.7	986.6	6023.1	6330	1187	184494.0	6979.893	0.32875	14452.8511	9.838	14432.7	531	14526.7	14522.48	15511.0661	16	14445.48
abs3n15	6	 high	15	4	3	ML	 US	15499.6	1090.7	5940.9	7761	666	184494.0	8450.1271	0.32875	15525.9236	24.5223	15499.6	531	15459.6	15459.5999	16210.6708	14	15499.6
abs3n15	6	 high	15	5	3	ML	 US	16638.7	1122.3	5888.7	8198	1423	184494.0	9923.6138	0.32875	16658.5354	8.5213	16654.0	530	16633.0	16633.0	18062.5691	13	16663.78
abs3n20	6	 high	20	3	3	ML	 US	14721.41	1174.38	5995.2	5300	2785	173451.0	6292.4452	0.300476	15161.3924	55.5871	15032.58	528	15255.58	15234.35	15105.5223	14	14955.05
abs3n20	6	 high	20	4	3	ML	 US	15703.7	1151.51	5995.2	6424	2509	173451.0	7592.8535	0.300476	15989.7926	44.4946	15874.71	528	16079.71	16045.14	16806.8547	13	16057.06
abs3n20	6	 high	20	5	3	ML	 US	16804.3	1170.99	5983.5	7496	2307	173451.0	8896.0169	0.300476	16913.0355	0.5222	16912.49	528	16957.49	16957.49	18128.6772	11	17012.08
abs3n30	6	 high	30	2	3	ML	 US	20989.916	2305.01	11910.3	4678	3588	204549.0	7107.0878	0.307419	21977.59	64.7017	21878.31	225	22482.31	22476.07	22774.0571	16	21878.31
abs3n30	6	 high	30	3	3	ML	 US	21865.8	2459.57	11770.5	5725	2706	204549.0	8286.3878	0.307419	22283.738	22.3758	22234.07	213	22663.07	22659.89	23397.0592	15	22234.07
abs3n25	6	 high	25	3	3	ML	 US	19010.8	1629.77	8226.6	7866	1666	192264.0	8912.515	0.313846	19260.614	30.0697	19219.37	525	19389.37	19298.66	20160.7912	15	19224.45
abs3n25	6	 high	25	4	3	ML	 US	20755.9	1476.2	8340.9	9630	1562	192264.0	10783.3533	0.313846	20997.9422	61.9823	20875.1	524	21009.1	21004.91	21914.5991	12	20870.35
abs3n25	6	 high	25	5	3	ML	 US	22564.9	1445.47	8383.5	11254	1647	192264.0	12672.9	0.313846	22760.6125	36.1061	22730.97	525	22729.97	22729.92	24436.4667	12	22805.89
abs3n40	6	 high	40	2	3	ML	 US	24611.52	2644.23	14280.3	4997	4254	195433.0	7860.3818	0.323659	25471.1014	36.2061	25446.53	193	26176.53	26169.97	26763.1995	14	25533.26
abs3n30	6	 high	30	4	3	ML	 US	22810.4	2328.38	11873.4	7174	1971	204549.0	9471.4965	0.307419	23119.66	34.1291	23054.78	521	23347.78	23336.6199	24164.6237	12	23059.25
abs3n30	6	 high	30	5	3	ML	 US	23802.8	2160.34	12056.7	8094	1861	204549.0	10650.7944	0.307419	23984.7167	55.4695	23932.04	522	24173.04	24172.24	25555.591	12	24028.57
abs3n35	6	 high	35	2	3	ML	 US	24548.5	2793.98	13588.8	5624	3080	195931.0	9250.2331	0.313056	24879.2421	53.4227	24812.78	516	25087.78	25084.16	25616.6298	14	24913.16
abs3n35	6	 high	35	3	3	ML	 US	26085.6	2219.83	14133.9	7979	1998	195931.0	11146.8497	0.313056	26489.5146	46.9145	26428.73	519	26332.73	26327.82	27969.7692	13	26377.08
abs3n35	6	 high	35	5	3	ML	 US	29558.1	2321.17	14041.2	11908	1418	195931.0	14937.1515	0.313056	29704.502	24.9329	29671.37	520	29688.37	29673.14	32654.247	10	29784.89
abs3n35	6	 high	35	4	3	ML	 US	27766.9	2365.56	13984.5	9840	1714	195931.0	13048.1609	0.313056	28012.7909	75.0781	27961.06	518	27904.06	27875.31	29693.5129	11	28186.76
abs3n40	6	 high	40	3	3	ML	 US	25280.3	2641.81	14319.9	5427	3911	195433.0	8962.7728	0.323659	25754.578	43.9586	25722.71	515	26301.71	26250.35	26708.3286	10	25967.65
abs3n45	6	 high	45	2	3	ML	 US	25198.1	2786.25	14474.7	5895	4502	200749.0	7830.5469	0.32087	26355.1845	29.3134	26314.95	308	27659.95	27659.39	26602.397	11	26589.15
abs3n5	6	 high	5	2	3	ML	 US	7746.3603	322.76	1698.6	5014	710	100922.0	6141.7388	0.395	7746.36	0.0	7746.36	42	7746.36	7746.36	8914.6469	9	7746.36
abs3n40	6	 high	40	4	3	ML	 US	26157.3	2596.01	14346.0	7108	2722	195433.0	10067.7304	0.323659	26644.8956	52.2143	26601.01	512	26773.01	26773.01	27542.1721	9	26849.88
abs3n5	6	 high	5	4	3	ML	 US	11113.5986	353.69	1680.9	8302	780	100922.0	10370.7229	0.395	11117.8033	1.7922	11116.59	31	11116.59	11116.59	16144.5501	12	11116.59
abs3n5	6	 high	5	3	3	ML	 US	9501.22	336.22	1701.0	6152	1312	100922.0	8237.0082	0.395	9506.1145	5.4638	9501.22	49	9501.22	9501.22	11906.8097	11	9501.22
abs3n40	6	 high	40	5	3	ML	 US	27036.0	2441.25	14517.0	7834	2685	195433.0	11172.3686	0.323659	27438.0711	35.9559	27376.25	513	27478.25	27478.25	28685.8184	9	27523.42
abs4n10	6	 high	10	2	4	ML	 US	9284.36	493.06	3002.1	4717	1399	112460.5	4958.1276	0.257273	9489.225	6.8023	9478.16	61	9612.16	9600.08	10093.4631	16	9452.91
abs3n45	6	 high	45	3	3	ML	 US	25756.35	2678.19	14568.0	6477	3821	200749.0	8847.8159	0.32087	26790.9233	32.6302	26729.19	484	27546.19	27545.63	27438.7402	12	26590.88
abs3n45	6	 high	45	4	3	ML	 US	26464.2	2852.85	14455.8	6686	3654	200749.0	9865.6825	0.32087	27116.446	99.4073	27013.65	506	27648.65	27648.65	28471.9582	10	27035.23
abs4n15	6	 high	15	2	4	ML	 US	10475.6211	700.61	4210.8	5190	957	125072.0	5402.7339	0.251875	10866.1792	15.8699	10858.41	62	11059.41	11057.41	12252.5496	13	10658.13
abs3n45	6	 high	45	5	3	ML	 US	27177.8	2516.44	14778.6	7682	3126	200749.0	10881.1598	0.32087	27535.6676	71.7816	27477.04	508	28103.04	28103.04	28477.6752	10	27664.67
abs3n50	6	 high	50	2	3	ML	 US	27240.2	2709.82	15609.0	6236	3517	210041.0	9260.4774	0.32098	27914.9436	244.2035	27744.82	504	28071.82	28061.92	29273.249	11	28910.49
abs3n50	6	 high	50	3	3	ML	 US	28339.4	2878.78	15473.7	8028	2877	210041.0	10831.3161	0.32098	29065.1485	24.9285	29019.48	506	29257.48	29230.73	30659.0027	13	29707.15
abs3n50	6	 high	50	4	3	ML	 US	29704.8	2729.1	15612.6	9444	2805	210041.0	12405.3638	0.32098	30483.8325	54.6079	30396.7	507	30590.7	30560.23	32704.6047	12	31113.01
abs3n50	6	 high	50	5	3	ML	 US	31126.8	3006.91	15351.0	10610	2930	210041.0	13979.012	0.32098	31811.18	33.9713	31729.91	506	31897.91	31897.91	34118.4509	12	32528.06
abs3n5	6	 high	5	5	3	ML	 US	13037.459	154.37	1827.0	10680	571	100922.0	12499.7977	0.395	13232.37	0.0	13232.37	591	13232.37	13232.37	20148.1816	12	13232.37
abs4n20	6	 high	20	2	4	ML	 US	14317.5	955.63	5837.4	5566	2390	182400.0	7437.3615	0.27	14458.72	23.0098	14438.03	162	14749.03	14742.03	15234.0204	17	14437.75
abs4n10	6	 high	10	3	4	ML	 US	10588.5	522.34	3014.7	5654	1533	112460.5	6487.4855	0.257273	10719.7919	46.1239	10605.04	533	10724.04	10699.39	11434.3083	15	10605.04
abs4n10	6	 high	10	4	4	ML	 US	11743.9189	480.86	3036.0	7116	1200	112460.5	8020.8469	0.257273	11868.5918	15.7568	11836.86	548	11832.86	11830.21	13234.6806	11	11839.97
abs4n10	6	 high	10	5	4	ML	 US	13174.9	513.45	2986.5	8758	917	112460.5	9538.2358	0.257273	13182.1917	6.5437	13174.95	557	13174.95	13174.9498	15553.7213	12	13174.95
abs4n15	6	 high	15	3	4	ML	 US	11503.9	656.01	4259.7	6156	722	125072.0	6741.2551	0.251875	11676.9329	1.6352	11674.71	491	11793.71	11791.71	12297.7591	14	11675.71
abs4n15	6	 high	15	4	4	ML	 US	12708.9	699.42	4204.2	6646	1304	125072.0	8096.0672	0.251875	12829.0227	33.2469	12785.62	530	12853.62	12853.62	13781.1384	11	12825.36
abs4n25	6	 high	25	2	4	ML	 US	15289.7705	1228.12	7180.8	3538	7182	175022.5	6115.8597	0.270769	16327.2844	5.3989	15824.92	227	19128.92	16977.18	15824.711	16	16082.6
abs4n15	6	 high	15	5	4	ML	 US	13748.5	657.29	4268.7	7938	1009	125072.0	9422.9451	0.251875	13824.5755	5.2256	13817.99	531	13873.99	13873.9899	14841.8268	11	13942.69
abs4n25	6	 high	25	3	4	ML	 US	16223.6	1250.77	7090.5	6042	2835	175022.5	7301.4496	0.270769	16685.455	34.5889	16659.27	203	17219.27	17208.27	17152.2267	16	16459.51
abs4n20	6	 high	20	3	4	ML	 US	15987.38	950.44	5855.4	7156	2279	182400.0	9300.558	0.27	16160.5386	44.3812	16067.84	528	16241.84	16231.45	16713.617	14	16072.31
abs4n20	6	 high	20	4	4	ML	 US	17639.7	927.23	5858.1	8758	2204	182400.0	11166.131	0.27	17701.91	25.7718	17680.33	528	17747.33	17747.33	18858.2178	11	17680.33
abs4n30	6	 high	30	2	4	ML	 US	16697.1	1408.6	8151.0	5078	4322	173807.0	6704.3975	0.268387	17596.914	145.5984	17356.6	165	18960.6	18955.13	17999.8623	15	17369.84
abs4n20	6	 high	20	5	4	ML	 US	19232.3	910.24	5910.0	10604	1869	182400.0	13016.2838	0.27	19433.2244	93.8742	19303.24	528	19293.24	19293.2399	20488.8844	9	19274.29
abs4n25	6	 high	25	4	4	ML	 US	17202.6	1133.71	7215.6	6997	2415	175022.5	8495.9142	0.270769	17400.86	34.0609	17349.31	524	17762.31	17728.71	18462.0001	11	17307.5
abs4n25	6	 high	25	5	4	ML	 US	18113.0	1164.87	7220.7	7352	2832	175022.5	9675.1627	0.270769	18377.6967	52.5677	18307.57	522	18569.57	18467.01	19770.365	12	18248.17
abs4n35	6	 high	35	2	4	ML	 US	18890.9	1823.77	9727.8	5017	4008	176871.0	7917.1245	0.2725	19227.0792	49.0816	19195.57	446	20578.57	20577.39	20202.116	13	19691.07
abs4n30	6	 high	30	3	4	ML	 US	17724.6	1268.35	8335.8	5943	3684	173807.0	8101.8847	0.268387	18134.2415	26.0706	18093.15	523	19233.15	19232.28	18955.6792	13	18289.68
abs4n30	6	 high	30	4	4	ML	 US	18859.5	1355.86	8222.4	7064	3329	173807.0	9500.6332	0.268387	19229.1185	77.6208	19155.26	521	19971.26	19905.11	20480.6564	13	19278.07
abs4n30	6	 high	30	5	4	ML	 US	20127.9	1273.81	8298.3	8392	2894	173807.0	10900.6447	0.268387	20390.2915	83.0706	20310.11	521	20858.11	20780.89	21800.9147	13	20353.64
abs4n35	6	 high	35	3	4	ML	 US	20323.5	1813.59	9783.0	7104	2463	176871.0	9522.3668	0.2725	20670.7992	56.9573	20601.59	518	21163.59	21126.98	21353.0191	12	20601.59
abs4n35	6	 high	35	4	4	ML	 US	21730.1	1750.32	9849.9	8858	1877	176871.0	11132.9778	0.2725	22044.5564	12.2409	22036.22	516	22336.22	22309.27	23366.2491	11	22335.69
abs4n35	6	 high	35	5	4	ML	 US	23194.62	1825.06	9772.8	10118	1843	176871.0	12729.5001	0.2725	23466.343	46.7313	23414.86	516	23558.86	23546.02	25862.3572	10	23716.72
abs4n40	6	 high	40	2	4	ML	 US	20175.0	1867.76	10411.8	3290	15972	205643.5	7532.3549	0.277805	21866.4067	14.3276	21599.56	516	31541.56	23352.94	21594.3976	9	21807.66
abs4n40	6	 high	40	3	4	ML	 US	21136.4	1792.36	10386.3	7345	3707	205643.5	8772.7723	0.277805	22309.3838	14.9297	22272.66	514	23231.66	23229.26	23027.3517	8	22312.26
abs4n40	6	 high	40	4	4	ML	 US	22125.3	1868.67	10357.2	8152	3198	205643.5	10013.1898	0.277805	22939.536	24.1589	22902.87	511	23575.87	23575.87	23884.9144	10	22962.28
abs4n5	6	 high	5	2	4	ML	 US	5419.5503	242.15	1585.8	2180	1415	43736.5	3279.5583	0.258333	5422.95	0.0	5422.95	7	5422.95	5422.95	5987.6209	9	5422.95
abs4n5	6	 high	5	3	4	ML	 US	6107.2705	243.37	1578.9	2750	1534	43736.5	4321.0015	0.258333	6107.27	0.0	6107.27	108	6107.27	6107.27	7074.226	11	6107.27
abs4n40	6	 high	40	5	4	ML	 US	23258.7	1713.79	10576.5	8830	3011	205643.5	11258.3964	0.277805	23642.5711	28.675	23622.29	510	24131.29	24131.07	24756.7088	9	23824.32
abs4n5	6	 high	5	4	4	ML	 US	6686.9302	242.55	1571.7	4148	729	43736.5	5393.7132	0.258333	6694.2144	3.4023	6691.25	21	6691.25	6691.25	10181.1347	18	6691.25
abs4n45	6	 high	45	2	4	ML	 US	25337.9	2512.15	14180.4	6111	4345	207204.5	10341.8742	0.278261	25914.3623	112.6352	25791.55	508	27150.55	26948.23	26849.8354	11	25773.19
abs4n45	6	 high	45	3	4	ML	 US	26768.0	2345.94	14303.1	7942	3044	207204.5	12116.2673	0.278261	27080.8625	80.9757	26989.04	507	27635.04	27632.77	28077.7942	12	28033.55
abs4n45	6	 high	45	4	4	ML	 US	28328.8	2399.92	14215.8	10022	2436	207204.5	13887.6683	0.278261	28666.4067	51.3759	28619.72	508	29074.72	29063.58	30965.6817	12	28795.25
abs5n10	6	 high	10	2	5	ML	 US	9200.8496	781.06	3801.6	2810	2116	94256.0	4642.6769	0.374545	9405.5093	30.3178	9374.66	28	9508.66	9502.12	10135.0413	15	9374.66
abs4n5	6	 high	5	5	4	ML	 US	7881.1103	258.51	1545.6	5536	541	43736.5	6423.9157	0.258333	7882.4336	0.7903	7881.11	95	7881.11	7881.11	11795.5257	22	7881.11
abs4n45	6	 high	45	5	4	ML	 US	29996.4	2537.56	14050.5	11840	1948	207204.5	15663.0589	0.278261	30271.9621	10.9151	30254.06	507	30376.06	30372.39	31887.6576	11	30312.06
abs4n50	6	 high	50	2	4	ML	 US	28870.5	3039.58	16846.2	6254	4739	222896.5	11980.7261	0.281765	29276.5517	25.1947	29246.78	507	30878.78	30869.92	30023.8884	12	30155.15
abs4n50	6	 high	50	3	4	ML	 US	30693.5	2816.8	17174.1	8902	3543	222896.5	13930.4491	0.281765	31278.4833	201.8336	31133.9	506	32436.9	32321.44	33539.2414	12	34049.76
abs5n15	6	 high	15	2	5	ML	 US	10536.4717	714.89	3967.8	4368	1806	118284.0	5736.4543	0.37375	10689.1811	10.9408	10667.69	160	10856.69	10845.78	11597.8243	18	10676.78
abs4n50	6	 high	50	4	4	ML	 US	32822.6	2830.9	17114.1	11262	2830	222896.5	15880.1722	0.281765	33378.1608	20.1945	33345.0	501	34038.0	34023.29	34714.415	12	33882.42
abs4n50	6	 high	50	5	4	ML	 US	34798.27	2881.34	17066.4	12910	2764	222896.5	17839.5473	0.281765	35182.6154	136.4214	35056.74	506	35621.74	35616.25	38694.2214	13	35719.19
abs5n10	6	 high	10	3	5	ML	 US	9884.5293	803.05	3786.3	3408	1995	94256.0	5713.2709	0.374545	9939.35	0.0	9939.35	550	9993.35	9993.35	10567.9018	11	9990.66
abs5n10	6	 high	10	4	5	ML	 US	10653.9297	804.91	3799.2	4448	1616	94256.0	6786.1047	0.374545	10676.4406	8.2487	10668.11	544	10668.11	10668.11	11592.9206	12	10678.32
abs5n10	6	 high	10	5	5	ML	 US	11250.9394	711.79	3852.3	5588	1279	94256.0	7861.1852	0.374545	11444.5295	10.518	11432.09	559	11432.09	11432.09	13118.5045	15	11432.09
abs5n15	6	 high	15	3	5	ML	 US	11772.8	838.57	3889.2	5200	1918	118284.0	7310.3014	0.37375	11780.2815	10.3902	11773.77	531	11846.77	11833.25	12743.5353	13	11775.25
abs5n15	6	 high	15	4	5	ML	 US	13110.35	797.95	3917.4	6650	1835	118284.0	8895.7637	0.37375	13154.3079	25.1433	13110.35	531	13200.35	13176.35	14260.3007	11	13110.35
abs5n25	6	 high	25	2	5	ML	 US	18141.4199	1847.02	9078.3	5682	1901	165277.0	10144.4265	0.334615	18314.7133	15.3542	18280.32	109	18509.32	18502.37	19007.7846	21	18294.35
abs5n15	6	 high	15	5	5	ML	 US	14607.3	824.75	3904.5	8192	1698	118284.0	10465.2485	0.37375	14622.6442	14.1959	14604.25	531	14619.25	14605.11	15814.6741	12	14821.51
abs5n20	6	 high	20	2	5	ML	 US	15693.54	1368.49	6771.6	6240	1486	172582.0	8824.9334	0.352857	15977.3145	18.5416	15962.09	544	15866.09	15817.56	17030.1114	18	15969.56
abs5n20	6	 high	20	3	5	ML	 US	17550.6	1398.42	6750.3	8670	896	172582.0	10967.2278	0.352857	17859.75	80.7446	17760.72	527	17714.72	17706.91	18554.1156	16	17771.87
abs5n20	6	 high	20	4	5	ML	 US	19604.3	1186.81	6926.4	10376	1161	172582.0	13116.9867	0.352857	19752.5839	74.567	19698.21	528	19650.21	19602.05	21180.5722	12	19695.49
abs5n20	6	 high	20	5	5	ML	 US	21583.9	1329.69	6810.9	12498	954	172582.0	15256.793	0.352857	21630.2982	32.6595	21602.59	527	21592.59	21592.59	23300.7579	11	21779.25
abs5n30	6	 high	30	2	5	ML	 US	17679.4	1748.35	9097.8	4918	2520	154354.0	7002.1876	0.33129	18051.2724	60.2479	17998.15	248	18284.15	18284.15	18653.8887	17	17998.15
abs5n25	6	 high	25	3	5	ML	 US	19830.9	1662.16	9209.1	7961	1289	165277.0	12145.9297	0.334615	20065.9494	10.8125	20051.26	524	20123.26	20115.57	21363.3671	15	20029.96
abs5n25	6	 high	25	4	5	ML	 US	21850.2	1654.77	9239.1	9897	1286	165277.0	14154.8735	0.334615	22133.5621	29.3339	22071.87	524	22078.87	22075.87	23172.113	14	22024.05
abs5n35	6	 high	35	2	5	ML	 US	19928.2	1931.15	10236.6	5342	3541	186176.0	7670.1835	0.319167	20198.7076	44.3872	20129.75	324	21051.75	21048.71	20987.9521	17	20181.82
abs5n25	6	 high	25	5	5	ML	 US	23731.6	1594.03	9286.8	11400	1627	165277.0	16144.2924	0.334615	23883.0956	37.3451	23830.83	523	23907.83	23884.67	25986.4533	13	23826.45
abs5n30	6	 high	30	3	5	ML	 US	18671.4	1596.1	9302.4	5942	2358	154354.0	8329.6014	0.33129	19062.1558	24.2805	19022.5	520	19198.5	19179.65	19826.0081	12	18989.99
abs5n30	6	 high	30	4	5	ML	 US	19838.8	1785.42	9129.9	7088	2230	154354.0	9661.714	0.33129	20133.2009	19.6753	20103.32	519	20233.32	20229.03	20933.756	11	20477.55
abs5n30	6	 high	30	5	5	ML	 US	21055.52	1747.1	9132.9	8356	2086	154354.0	10990.3025	0.33129	21238.3427	37.6779	21201.0	518	21322.0	21322.0	22470.9652	11	21338.4
abs5n35	6	 high	35	3	5	ML	 US	20928.3	1994.47	10184.1	6745	2775	186176.0	9056.9152	0.319167	21488.1859	91.3349	21362.57	519	21700.57	21649.07	21950.483	13	21527.07
abs5n35	6	 high	35	4	5	ML	 US	22199.4	1914.84	10269.3	8286	2344	186176.0	10448.1059	0.319167	22541.0631	47.6664	22477.14	519	22815.14	22755.9	24582.2823	10	22591.92
abs5n35	6	 high	35	5	5	ML	 US	23356.6	2143.75	10086.9	9406	2265	186176.0	11830.3786	0.319167	23725.9476	34.6972	23683.65	518	23901.65	23901.65	25513.8966	10	23777.61
abs5n40	6	 high	40	2	5	ML	 US	22826.1	2527.35	12789.3	5413	3614	180550.5	8986.2375	0.318049	23348.8727	37.4064	23290.65	513	24345.65	24328.17	24056.7552	11	23738.79
abs5n40	6	 high	40	3	5	ML	 US	23917.7	2170.32	13157.4	6672	3059	180550.5	10413.2363	0.318049	24669.3564	240.5133	24430.72	512	25059.72	25046.72	26393.1538	11	24906.91
abs5n40	6	 high	40	4	5	ML	 US	25056.21	2254.2	13049.4	7742	2933	180550.5	11840.235	0.318049	25728.792	37.1928	25626.6	512	25978.6	25946.69	26704.3066	10	25981.46
abs5n5	6	 high	5	2	5	ML	 US	4637.0801	327.01	1655.1	2344	328	33031.0	3947.0239	0.391667	4655.0159	17.6879	4638.11	4	4654.11	4639.71	5249.0387	17	4638.11
abs5n40	6	 high	40	5	5	ML	 US	26452.81	2352.01	12956.1	9484	2229	180550.5	13273.871	0.318049	26855.27	27.6269	26829.11	513	27021.11	27021.11	28333.7753	11	27141.05
abs5n45	6	 high	45	2	5	ML	 US	24949.7	2608.68	14852.4	2822	12765	163754.0	9041.3095	0.312826	26434.56	21.0921	26038.08	511	33048.08	27304.5	26039.2416	10	26381.74
abs5n45	6	 high	45	3	5	ML	 US	25541.4	2633.38	14841.6	5959	3736	163754.0	10057.6221	0.312826	26360.765	150.4137	26250.98	508	27171.98	27133.57	27684.6525	10	26388.32
abs5n45	6	 high	45	4	5	ML	 US	26241.9	2648.8	14811.6	6677	3067	163754.0	11077.7735	0.312826	26758.421	28.3212	26721.4	514	27206.4	27200.24	28207.7542	10	26985.39
abs5n45	6	 high	45	5	5	ML	 US	27109.47	2826.78	14679.6	7917	2214	163754.0	12092.7139	0.312826	27725.3682	83.6229	27566.38	504	27638.38	27638.38	29294.4864	11	27750.63
abs1n10	6	 low	10	2	1	ML	 US	5599.0703	63.06	342.84	4196	1097	102097.5	3553.1793	0.029091	5634.8092	11.6413	5617.9	110	5698.9	5692.82	6419.2298	12	5599.28
abs5n5	6	 high	5	4	5	ML	 US	6634.2	198.2	1755.0	4320	361	33031.0	6000.4478	0.391667	6640.5381	2.4786	6634.2	302	6634.2	6634.2	9800.6504	21	6634.2
abs5n50	6	 high	50	2	5	ML	 US	26962.7	2742.82	15480.0	6032	4221	202575.0	11030.7536	0.312157	27401.8171	153.5694	27283.82	510	28475.82	28475.82	28491.8621	14	28197.64
abs1n15	6	 low	15	2	1	ML	 US	5884.5195	100.87	529.2	3772	2138	125773.0	2639.2582	0.026875	6181.3063	11.6666	6171.07	62	6540.07	6537.07	6594.6701	19	6173.07
abs5n50	6	 high	50	3	5	ML	 US	28546.7	2679.79	15636.9	8344	3019	202575.0	12872.7113	0.312157	29155.4492	147.3209	29053.69	502	29679.69	29666.35	30961.2245	12	30538.33
abs5n5	6	 high	5	3	5	ML	 US	5610.62	279.92	1685.7	3286	359	33031.0	4965.3886	0.391667	5613.1821	1.6828	5610.62	360	5610.62	5610.62	7461.7339	19	5610.62
abs1n15	6	 low	15	3	1	ML	 US	6758.19	96.44	533.94	4484	1943	125773.0	3745.8648	0.026875	6950.4354	2.7489	6948.38	143	7057.38	7057.38	7372.3468	13	6925.76
abs1n20	6	 low	20	2	1	ML	 US	7259.8501	117.83	657.18	4731	2656	143179.5	3587.9339	0.027619	7397.622	3.9969	7394.01	131	8164.01	8164.0099	8908.8664	15	7302.36
abs5n50	6	 high	50	4	5	ML	 US	30276.39	2467.5	15750.0	10224	2788	202575.0	14717.5072	0.312157	30877.5431	122.249	30749.5	510	31229.5	31221.29	33012.5995	13	33229.65
abs5n50	6	 high	50	5	5	ML	 US	32024.22	2715.56	15555.6	12082	2493	202575.0	16563.2503	0.312157	32464.9142	34.2022	32404.16	511	32846.16	32846.16	34781.5044	12	33570.75
abs1n25	6	 low	25	2	1	ML	 US	7329.5405	120.81	677.37	3538	7763	188676.5	2727.7157	0.028462	8223.886	3.5699	8207.18	81	12099.18	8580.07	8212.7881	15	8221.07
abs1n10	6	 low	10	3	1	ML	 US	7050.9	63.13	346.02	4746	1903	102097.5	5193.269	0.029091	7067.3795	3.8704	7063.15	568	7058.15	7058.15	7914.3945	14	7070.1
abs1n10	6	 low	10	4	1	ML	 US	8353.54	67.23	342.69	6858	1121	102097.5	6848.4747	0.029091	8391.9591	4.7546	8388.92	534	8388.92	8388.92	9632.9402	11	8388.92
abs1n10	6	 low	10	5	1	ML	 US	9753.1	63.43	344.4	8450	928	102097.5	8473.4483	0.029091	9787.2483	3.9771	9785.83	533	9785.83	9785.8299	11250.671	12	9785.85
abs1n30	6	 low	30	2	1	ML	 US	8823.88	219.91	1183.98	5457	3110	201361.0	3832.1917	0.027742	9077.7663	49.3816	9045.89	70	9972.89	9972.89	9925.676	19	9042.77
abs1n15	6	 low	15	4	1	ML	 US	7661.59	88.18	546.33	5562	1641	125773.0	4847.5965	0.026875	7702.4955	10.6498	7685.51	531	7837.51	7837.51	8589.4255	11	7695.84
abs1n15	6	 low	15	5	1	ML	 US	8660.14	93.82	538.29	5955	2120	125773.0	5951.7656	0.026875	8708.4983	1.9023	8706.11	530	8708.11	8707.51	9799.2705	12	8684.74
abs1n20	6	 low	20	3	1	ML	 US	8653.42	115.58	659.4	6046	2505	143179.5	5250.3509	0.027619	8818.3856	52.9774	8728.98	528	9325.98	9227.0	9867.4339	14	8813.28
abs1n20	6	 low	20	4	1	ML	 US	10177.1	122.59	653.55	7592	2055	143179.5	6920.8379	0.027619	10396.9877	140.4598	10259.14	527	10424.14	10423.14	11091.7621	13	10262.35
abs1n20	6	 low	20	5	1	ML	 US	11643.7	102.2	674.7	9314	1567	143179.5	8575.1848	0.027619	11705.8145	19.1976	11693.9	528	11657.9	11653.78	13073.1593	11	11795.26
abs1n25	6	 low	25	3	1	ML	 US	8275.38	102.68	699.72	6158	1878	188676.5	3954.3835	0.028462	8542.0827	2.976	8539.4	525	8839.4	8823.4	9053.5949	15	8572.07
abs1n25	6	 low	25	4	1	ML	 US	9259.14	119.13	685.47	6966	1733	188676.5	5186.7969	0.028462	9418.1767	81.9079	9326.6	524	9504.6	9486.41	10299.5294	12	9352.41
abs1n25	6	 low	25	5	1	ML	 US	10173.0	116.18	689.31	7298	2209	188676.5	6407.7192	0.028462	10238.3192	43.4265	10192.49	523	10313.49	10237.03	11387.5059	12	10282.18
abs1n30	6	 low	30	3	1	ML	 US	10140.8	204.73	1204.53	7163	2172	201361.0	5508.3256	0.027742	10363.95	53.4947	10297.26	520	10745.26	10701.45	11557.4279	13	10303.46
abs1n30	6	 low	30	4	1	ML	 US	11635.8	208.35	1201.68	8992	1509	201361.0	7192.967	0.027742	11826.2517	50.5211	11759.03	520	11911.03	11911.03	13304.3015	12	11757.3
abs1n30	6	 low	30	5	1	ML	 US	13259.5	218.62	1191.72	10402	1662	201361.0	8872.1387	0.027742	13370.5727	13.2494	13348.34	521	13474.34	13453.73	15034.512	11	13525.63
abs1n35	6	 low	35	2	1	ML	 US	8634.06	225.3	1141.59	4452	7139	188912.5	3276.0334	0.0275	9671.434	71.4829	9428.89	519	12957.89	10480.53	9433.9331	15	9892.43
abs1n35	6	 low	35	3	1	ML	 US	9705.8	205.25	1153.47	6606	2898	188912.5	4679.3854	0.0275	10503.2913	203.0523	10230.72	517	10862.72	10862.72	11409.6342	15	10627.49
abs1n35	6	 low	35	4	1	ML	 US	10914.9	201.54	1171.77	7944	2247	188912.5	6083.7559	0.0275	11353.0636	37.9	11290.31	515	11564.31	11561.42	12633.1715	11	11372.45
abs1n40	6	 low	40	2	1	ML	 US	9621.32	250.14	1386.72	6582	3017	198950.0	3974.0711	0.028293	10504.2243	1.6832	10502.86	475	11236.86	11236.8599	11094.2758	14	10502.86
abs1n35	6	 low	35	5	1	ML	 US	12100.5	202.64	1172.76	8952	2341	188912.5	7489.1459	0.0275	12555.1825	30.4842	12526.4	516	12668.4	12668.4	14146.5643	12	12637.64
abs1n40	6	 low	40	3	1	ML	 US	11038.3	272.82	1365.99	8016	2393	198950.0	5685.1966	0.028293	11696.5942	81.5943	11612.81	516	12048.81	12048.61	12676.4828	12	11729.8
abs1n40	6	 low	40	4	1	ML	 US	12542.6	242.55	1399.83	9178	2135	198950.0	7400.5576	0.028293	12748.9255	27.7262	12665.38	517	12956.38	12954.4796	14841.8437	11	13184.06
abs1n5	6	 low	5	2	1	ML	 US	3736.1199	37.04	208.2	1838	1653	72215.0	2405.859	0.025	3736.5015	0.3443	3736.24	4	3736.24	3736.24	4414.7348	13	3736.24
abs1n45	6	 low	45	2	1	ML	 US	9621.63	268.61	1362.6	5679	3453	205188.5	3688.1586	0.028696	10005.3669	11.7387	9997.21	402	10765.21	10765.21	11966.5923	13	10433.93
abs1n5	6	 low	5	3	1	ML	 US	4617.5898	37.54	208.05	3108	1264	72215.0	3517.4518	0.025	4617.59	0.0	4617.59	15	4617.59	4617.59	6084.7378	14	4617.59
abs1n40	6	 low	40	5	1	ML	 US	14147.46	255.14	1380.54	10766	2005	198950.0	9104.803	0.028293	14204.511	30.4513	14169.68	510	14406.68	14369.47	16032.7209	10	14485.27
abs1n5	6	 low	5	5	1	ML	 US	6406.1201	43.45	200.67	5984	178	72215.0	5771.5588	0.025	6406.12	0.0	6406.12	27	6406.12	6406.12	11552.2828	14	6406.12
abs1n5	6	 low	5	4	1	ML	 US	5466.6299	40.69	204.57	4710	524	72215.0	4660.0273	0.025	5479.2843	0.0543	5479.26	57	5479.26	5479.26	11106.9694	23	5479.26
abs1n45	6	 low	45	3	1	ML	 US	10887.2	254.42	1376.16	7866	2423	205188.5	5259.8287	0.028696	11465.1836	39.0172	11428.58	511	11920.58	11743.73	12575.9687	11	11632.86
abs1n45	6	 low	45	4	1	ML	 US	12235.2	249.84	1385.25	8678	2473	205188.5	6828.6973	0.028696	12751.2545	246.0661	12498.09	513	12786.09	12770.3	13887.8073	11	12738.15
abs1n45	6	 low	45	5	1	ML	 US	13814.2	246.69	1377.99	10538	1793	205188.5	8408.3135	0.028696	13985.5091	1.8022	13983.68	512	13955.68	13955.64	15534.2253	11	14199.88
abs2n10	6	 low	10	2	2	ML	 US	6458.63	48.7	265.74	4904	1406	155639.0	3912.2544	0.032727	6492.1227	0.7336	6491.44	93	6624.44	6623.57	7003.8447	15	6491.57
abs2n15	6	 low	15	2	2	ML	 US	6051.1103	96.01	515.82	4656	1325	127623.5	2720.5555	0.03125	6466.87	0.6788	6465.83	48	6592.83	6592.73	6732.1518	14	6465.73
abs1n50	6	 low	50	2	1	ML	 US	10970.8	299.64	1601.52	7195	2867	185596.0	4881.7053	0.02902	11573.9169	22.7196	11552.16	507	11965.16	11928.16	12388.0778	13	12237.15
abs1n50	6	 low	50	3	1	ML	 US	12599.5	324.58	1592.4	8770	2476	185596.0	7004.1979	0.02902	13084.1881	283.3663	12828.98	499	13162.98	13145.56	16893.8526	13	14477.69
abs1n50	6	 low	50	4	1	ML	 US	14587.8	303.53	1612.74	11186	1772	185596.0	9131.0002	0.02902	14964.1717	155.8268	14765.27	511	14874.27	14874.27	16193.3292	12	15402.89
abs2n20	6	 low	20	2	2	ML	 US	6221.89	119.01	702.42	4012	2045	149622.5	2349.3853	0.03	6423.43	0.0	6423.43	80	6878.43	6877.43	7250.0354	16	6423.43
abs1n50	6	 low	50	5	1	ML	 US	16680.85	296.69	1623.24	13392	1526	185596.0	11254.5703	0.02902	16938.6933	50.7919	16880.93	499	16838.93	16832.81	19049.9233	12	17431.53
abs2n10	6	 low	10	3	2	ML	 US	8221.94	55.65	259.74	6964	1030	155639.0	5816.2116	0.032727	8308.061	33.465	8222.39	559	8310.39	8303.7899	9006.3271	14	8222.74
abs2n10	6	 low	10	4	2	ML	 US	9821.3008	43.24	271.83	8796	840	155639.0	7743.5302	0.032727	9885.056	21.4386	9854.07	534	9951.07	9899.89	11083.0835	10	9856.18
abs2n20	6	 low	20	3	2	ML	 US	6791.29	125.35	693.0	4814	1469	149622.5	3385.058	0.03	6907.004	31.6771	6872.35	299	7102.35	7102.1699	7786.6708	15	6872.35
abs2n10	6	 low	10	5	2	ML	 US	11577.5	47.55	266.91	9492	1771	155639.0	9609.5919	0.032727	11577.46	0.0	11577.46	580	11577.46	11577.46	19024.5747	11	11577.46
abs2n15	6	 low	15	3	2	ML	 US	7005.99	86.1	522.3	5437	1168	127623.5	3977.3633	0.03125	7185.8723	12.5302	7177.4	531	7215.4	7215.3999	7573.6869	14	7177.4
abs2n25	6	 low	25	2	2	ML	 US	8161.72	134.82	742.98	4609	3479	176786.0	3568.8246	0.031538	8372.4121	7.6229	8364.8	169	8967.8	8963.8	8973.0134	19	8290.55
abs2n15	6	 low	15	4	2	ML	 US	8006.05	96.69	517.65	6401	1070	127623.5	5241.9773	0.03125	8111.006	58.0913	8044.34	531	8086.34	8086.34	9037.2237	15	8171.7
abs2n15	6	 low	15	5	2	ML	 US	8966.26	89.31	523.17	7376	999	127623.5	6490.9788	0.03125	8972.5133	0.0778	8972.48	530	8988.48	8988.4797	10339.1037	12	8972.68
abs2n20	6	 low	20	4	2	ML	 US	7453.57	125.12	698.7	5423	1433	149622.5	4420.7306	0.03	7538.2262	26.059	7496.82	528	7681.82	7651.45	8637.768	12	7499.22
abs2n30	6	 low	30	2	2	ML	 US	8205.17	172.0	991.38	4671	4332	179408.0	3084.9694	0.029677	8840.3278	109.5219	8677.38	244	10167.38	10155.0199	9121.2066	18	8804.02
abs2n20	6	 low	20	5	2	ML	 US	8150.84	123.38	699.21	6236	1245	149622.5	5465.7337	0.03	8193.5482	7.1802	8181.59	526	8303.59	8265.1	9644.9149	13	8210.15
abs2n35	6	 low	35	2	2	ML	 US	8925.55	163.58	980.73	6251	3767	205402.5	3098.4017	0.03	10023.42	34.336	9969.31	164	11164.31	11153.31	10219.0363	16	9925.31
abs2n25	6	 low	25	3	2	ML	 US	9526.34	146.04	733.89	6940	2027	176786.0	5206.8968	0.031538	9680.0057	44.5695	9595.93	525	9846.93	9844.2	10496.7374	15	9636.33
abs2n25	6	 low	25	4	2	ML	 US	10900.5	137.19	742.62	8164	2096	176786.0	6852.045	0.031538	11072.4738	113.9425	10945.81	525	11139.81	11073.4	11920.0803	13	11083.95
abs2n25	6	 low	25	5	2	ML	 US	12436.2	146.5	733.17	9541	2091	176786.0	8500.7503	0.031538	12630.8258	122.694	12501.67	525	12513.6699	12513.6699	13665.9893	12	12500.24
abs2n30	6	 low	30	3	2	ML	 US	9221.9	163.66	1007.91	5761	3399	179408.0	4430.44	0.029677	9732.5967	109.1028	9500.57	520	10333.57	10329.0999	10748.1533	15	9715.76
abs2n30	6	 low	30	4	2	ML	 US	10349.6	182.65	986.79	7423	2582	179408.0	5783.355	0.029677	10846.8938	56.8194	10767.44	522	11176.4398	11176.4398	11783.7038	13	10833.51
abs2n30	6	 low	30	5	2	ML	 US	11558.7	170.86	996.87	8321	2578	179408.0	7123.5067	0.029677	12022.6546	80.2225	11794.73	520	12068.73	12068.73	13297.8517	13	11969.31
abs2n35	6	 low	35	3	2	ML	 US	9809.63	176.58	968.91	6161	3871	205402.5	4455.4225	0.03	10300.0282	156.5358	9985.49	519	11179.49	11165.5495	11363.8072	11	9983.49
abs2n35	6	 low	35	4	2	ML	 US	10729.4	170.09	978.39	7322	3009	205402.5	5812.4433	0.03	10936.9491	82.7891	10830.48	519	11479.48	11472.8	12678.7309	11	10959.08
abs2n35	6	 low	35	5	2	ML	 US	11825.6	173.91	975.39	8780	2395	205402.5	7174.7036	0.03	12068.27	62.6956	11975.3	516	12325.3	12325.3	13394.974	12	11977.36
abs2n40	6	 low	40	2	2	ML	 US	9378.18	202.6	1002.42	6922	3707	210923.5	3432.7951	0.030488	10926.8733	29.6288	10897.02	515	11835.0199	11834.0799	11538.7646	12	10439.12
abs2n40	6	 low	40	3	2	ML	 US	10350.6	196.13	1012.77	6794	3795	210923.5	4949.4226	0.030488	10672.47	27.6503	10659.9	517	11798.9	11798.9	12414.2375	10	10659.9
abs2n40	6	 low	40	4	2	ML	 US	11662.2	172.89	1035.93	8216	3465	210923.5	6470.6183	0.030488	12091.8309	169.7749	11896.82	514	12889.82	12837.78	13178.1032	11	12374.18
abs2n40	6	 low	40	5	2	ML	 US	13024.2	185.34	1021.74	9895	2837	210923.5	7991.2462	0.030488	13794.651	227.8834	13427.08	513	13941.0798	13941.0798	14920.9476	10	13628.28
abs2n5	6	 low	5	2	2	ML	 US	3148.5901	30.46	192.24	2272	654	49384.5	2079.7675	0.028333	3150.7343	2.4004	3148.7	9	3148.7	3148.7	3699.1807	14	3148.7
abs2n45	6	 low	45	2	2	ML	 US	9938.41	245.37	1379.85	6750	3417	204224.5	4420.8778	0.029783	10660.5045	98.7925	10597.22	514	11792.22	11792.22	12211.5743	11	10665.92
abs2n45	6	 low	45	3	2	ML	 US	11615.4	232.83	1390.08	8420	2579	204224.5	6358.7367	0.029783	12021.9327	169.5945	11836.91	508	12621.91	12621.13	13155.4344	11	12519.92
abs2n45	6	 low	45	4	2	ML	 US	13513.1	240.99	1390.26	10374	2195	204224.5	8301.3745	0.029783	13711.5436	43.7203	13657.25	506	14200.25	14200.25	16268.3529	11	14260.98
abs3n10	6	 low	10	2	3	ML	 US	5197.4004	62.15	300.06	3118	1927	118325.5	2695.6843	0.032727	5260.6708	67.7933	5198.21	50	5407.21	5385.89	5511.9005	12	5198.21
abs2n45	6	 low	45	5	2	ML	 US	15320.28	240.97	1381.65	12236	2039	204224.5	10237.4404	0.029783	15701.3791	62.0809	15581.62	509	15898.62	15898.62	17594.4941	11	15827.41
abs2n50	6	 low	50	2	2	ML	 US	11391.5	276.28	1566.81	6608	4973	222732.5	4848.1813	0.030196	11849.2736	101.3942	11729.09	506	13424.09	13424.09	12780.6202	14	12443.61
abs2n50	6	 low	50	3	2	ML	 US	13154.8	284.28	1557.33	9533	3175	222732.5	6962.7319	0.030196	13798.1771	83.6071	13654.61	507	14550.6099	14550.6099	17458.1564	14	14671.64
abs2n5	6	 low	5	3	2	ML	 US	4184.4	28.92	192.48	3140	823	49384.5	3073.4756	0.028333	4184.4	0.0	4184.4	374	4184.4	4184.4	5444.3726	12	4184.4
abs2n50	6	 low	50	4	2	ML	 US	15027.3	290.78	1550.49	11530	2512	222732.5	9081.5892	0.030196	15483.6007	54.2948	15406.27	503	15883.27	15880.34	18751.8885	14	16252.35
abs3n10	6	 low	10	3	3	ML	 US	6122.25	56.74	303.51	4667	1120	118325.5	3989.4122	0.032727	6123.8657	0.8453	6122.25	319	6148.25	6148.2497	7009.8129	14	6122.25
abs2n50	6	 low	50	5	2	ML	 US	17136.05	253.17	1591.77	13314	2652	222732.5	11191.8332	0.030196	17428.3931	77.971	17319.94	507	17810.94	17810.94	20423.7897	13	17637.48
abs3n20	6	 low	20	2	3	ML	 US	7351.06	113.4	604.74	4212	3233	173451.0	2844.3468	0.030476	7741.9817	53.4911	7713.14	51	8163.14	8155.14	8422.0925	23	7713.02
abs3n15	6	 low	15	2	3	ML	 US	6891.2104	114.64	588.36	4378	2148	184494.0	3179.3535	0.033125	6931.5079	9.6611	6915.0	150	7229.0	7228.1	8003.7591	19	6915.0
abs2n5	6	 low	5	4	2	ML	 US	5089.23	30.28	187.95	4506	365	49384.5	4082.015	0.028333	5090.1029	0.4979	5089.23	588	5089.23	5089.23	6641.383	24	5090.46
abs2n5	6	 low	5	5	2	ML	 US	5972.8	24.0	193.8	5096	659	49384.5	5070.7793	0.028333	5975.4147	1.5622	5972.8	589	5972.8	5972.8	5093.7992	16	5973.26
abs3n10	6	 low	10	4	3	ML	 US	7192.53	66.91	295.62	5406	1423	118325.5	5272.2685	0.032727	7197.6857	8.8665	7192.53	534	7192.53	7192.53	8797.7145	14	7192.53
abs3n25	6	 low	25	2	3	ML	 US	8522.12	134.55	855.72	5670	2944	192264.0	4071.6766	0.031923	8689.6855	4.1342	8686.27	115	9605.27	9598.31	10260.7703	20	8687.31
abs3n10	6	 low	10	5	3	ML	 US	8176.58	51.63	310.89	6828	1018	118325.5	6578.7056	0.032727	8232.9855	25.6215	8181.52	534	8209.52	8207.42	10967.4083	11	8290.61
abs3n15	6	 low	15	3	3	ML	 US	8038.97	124.63	580.38	6124	1367	184494.0	4656.093	0.033125	8171.3084	28.6646	8126.01	531	8196.01	8196.01	9027.6955	15	8117.67
abs3n15	6	 low	15	4	3	ML	 US	9163.67	106.54	593.97	7596	831	184494.0	6126.3271	0.033125	9187.8823	16.3435	9168.51	531	9128.51	9128.51	10616.2685	13	9168.51
abs3n15	6	 low	15	5	3	ML	 US	10312.11	109.76	589.35	7894	1721	184494.0	7599.8138	0.033125	10317.2067	3.7616	10312.11	531	10315.11	10315.1084	11983.5728	12	10321.49
abs3n30	6	 low	30	2	3	ML	 US	8198.0088	223.23	1204.47	4678	3599	204549.0	2835.6878	0.030968	9091.3194	2.0557	9088.7	225	9705.7	9692.7	10360.0262	16	9090.7
abs3n20	6	 low	20	3	3	ML	 US	8264.7	120.33	599.85	5446	2638	173451.0	4150.2652	0.030476	8650.2077	86.5259	8583.18	529	8804.18	8804.1798	8840.1095	13	8742.58
abs3n20	6	 low	20	4	3	ML	 US	9260.59	112.95	610.08	6296	2603	173451.0	5450.6735	0.030476	9534.4427	71.6714	9453.03	528	9622.03	9611.01	10236.8272	15	9459.37
abs3n20	6	 low	20	5	3	ML	 US	10364.3	121.14	598.35	7518	2284	173451.0	6753.8369	0.030476	10484.6971	8.374	10477.49	528	10522.4899	10522.4899	11868.9632	14	10587.29
abs3n25	6	 low	25	3	3	ML	 US	10152.8	169.17	822.66	7652	1778	192264.0	5942.515	0.031923	10379.7269	33.0375	10346.83	526	10421.83	10421.7	11686.3566	12	10349.56
abs3n30	6	 low	30	3	3	ML	 US	9060.89	234.02	1194.87	5673	2749	204549.0	4014.9878	0.030968	9494.1875	14.7366	9469.89	228	9851.89	9846.44	10469.2485	16	9469.89
abs3n25	6	 low	25	4	3	ML	 US	11902.4	158.69	834.0	9818	1366	192264.0	7813.3533	0.031923	12153.99	158.6135	11995.69	525	12177.69	12176.9199	13289.5396	16	12068.64
abs3n25	6	 low	25	5	3	ML	 US	13763.8	165.67	828.21	11424	1498	192264.0	9702.9	0.031923	13945.9333	64.2959	13844.88	525	13915.88	13915.88	15397.5657	12	13882.87
abs3n30	6	 low	30	4	3	ML	 US	9966.75	241.36	1190.46	6528	2587	204549.0	5200.0965	0.030968	10305.8317	42.9778	10242.82	521	10547.8193	10547.8193	11526.9014	12	10278.91
abs3n30	6	 low	30	5	3	ML	 US	11023.2	232.05	1200.51	8106	1853	204549.0	6379.3944	0.030968	11277.5375	174.9747	11131.56	519	11392.56	11370.52	12512.6728	12	11138.56
abs3n35	6	 low	35	2	3	ML	 US	9777.53	268.83	1374.69	5624	3036	195931.0	4338.9331	0.031111	10161.2142	105.6359	10020.52	519	10303.52	10303.52	11782.1768	12	10005.53
abs3n35	6	 low	35	3	3	ML	 US	11290.1	254.52	1384.5	7980	1957	195931.0	6235.5497	0.031111	11676.7346	40.9743	11645.02	516	11577.02	11554.03	13020.463	13	11564.67
abs3n35	6	 low	35	4	3	ML	 US	12981.8	261.87	1379.01	9866	1564	195931.0	8136.8609	0.031111	13331.6754	113.517	13193.88	516	13071.88	13070.6699	14514.5179	13	13176.33
abs3n35	6	 low	35	5	3	ML	 US	14749.45	264.22	1377.12	11900	1394	195931.0	10025.8515	0.031111	14981.2325	29.1905	14941.34	519	14935.34	14864.84	16583.0676	12	15645.85
abs3n40	6	 low	40	2	3	ML	 US	9293.48	268.9	1430.82	4474	4787	195433.0	2770.3418	0.032439	10197.918	112.2177	10028.72	516	10961.72	10946.22	11449.6484	10	10272.22
abs3n40	6	 low	40	3	3	ML	 US	10007.6	278.66	1432.77	5473	3829	195433.0	3872.7328	0.032439	10479.7345	68.1163	10396.43	517	11015.43	10976.0599	12134.5897	11	10396.43
abs3n40	6	 low	40	4	3	ML	 US	10856.8	256.15	1452.33	6504	3245	195433.0	4977.6904	0.032439	11241.4692	139.7433	11043.48	514	11458.48	11458.48	12190.1465	12	11316.54
abs3n5	6	 low	5	2	3	ML	 US	5926.6494	31.79	169.86	3824	1900	100922.0	4385.6588	0.04	5926.65	0.0	5926.65	44	5926.65	5926.6499	7438.5239	9	5926.65
abs3n40	6	 low	40	5	3	ML	 US	11765.3	252.21	1453.74	7890	2651	195433.0	6082.3286	0.032439	12108.6811	31.5103	12079.95	510	12247.95	12153.48	13359.7202	9	12079.95
abs3n5	6	 low	5	4	3	ML	 US	9284.6211	35.27	168.09	8522	560	100922.0	8614.6429	0.04	9285.5018	0.2429	9285.36	29	9285.36	9285.36	14191.1901	11	9285.36
abs3n5	6	 low	5	3	3	ML	 US	7667.42	41.78	161.64	6152	1312	100922.0	6480.9282	0.04	7672.5662	6.289	7667.42	41	7667.42	7667.42	10061.3297	13	7667.42
abs4n10	6	 low	10	2	4	ML	 US	6139.11	58.11	298.35	4306	1787	112460.5	3285.6876	0.026364	6263.95	47.1203	6223.46	63	6449.46	6449.46	6880.6102	15	6223.46
abs3n45	6	 low	45	2	3	ML	 US	9589.62	286.49	1440.18	5895	4492	200749.0	2612.5269	0.032174	11107.4333	151.8551	10764.67	495	12115.67	12111.12	11373.5658	12	10772.64
abs3n45	6	 low	45	3	3	ML	 US	10143.2	303.4	1431.78	6501	3746	200749.0	3629.7959	0.032174	11193.2067	31.3446	11123.18	514	11984.18	11979.16	11441.4784	12	11303.12
abs3n45	6	 low	45	4	3	ML	 US	10803.6	278.67	1462.83	6686	3569	200749.0	4647.6625	0.032174	11424.9118	41.6867	11376.5	506	11996.5	11996.5	12445.4708	11	11603.33
abs3n45	6	 low	45	5	3	ML	 US	11522.2	287.03	1454.25	7586	3170	200749.0	5663.1398	0.032174	11928.5776	62.2096	11873.28	509	12498.28	12498.28	13533.9157	11	12138.12
abs3n50	6	 low	50	2	3	ML	 US	10723.2	305.91	1543.05	5938	3724	210041.0	3753.5574	0.032157	11263.1325	114.937	11111.96	509	11510.96	11510.96	12352.1486	14	12357.82
abs3n50	6	 low	50	3	3	ML	 US	11808.6	306.68	1542.24	8028	2813	210041.0	5324.3961	0.032157	12492.5287	20.1935	12467.92	509	12690.92	12690.92	14347.4585	14	12935.36
abs4n15	6	 low	15	2	4	ML	 US	6047.5298	70.39	421.08	5252	895	125072.0	3023.8539	0.02625	6446.6888	22.5869	6437.47	63	6638.47	6635.35	6995.8815	17	6232.23
abs3n50	6	 low	50	4	3	ML	 US	13160.7	322.9	1526.97	9356	2743	210041.0	6898.4438	0.032157	13847.9114	103.4994	13717.87	501	13948.87	13920.63	15255.2346	14	14568.25
abs3n50	6	 low	50	5	3	ML	 US	14549.1	309.87	1533.18	10806	2778	210041.0	8472.092	0.032157	15116.4454	69.9352	15044.05	509	15427.05	15349.28	16649.8986	13	15735.4
abs3n5	6	 low	5	5	3	ML	 US	11246.5811	29.54	169.68	10460	779	100922.0	10743.7177	0.04	11439.8578	0.6294	11439.22	584	11439.22	11439.22	18194.8216	18	11439.22
abs4n20	6	 low	20	2	4	ML	 US	8200.31	95.08	583.74	5566	2390	182400.0	4184.0415	0.027619	8333.1557	10.3185	8323.82	216	8634.82	8627.82	9218.0395	23	8323.82
abs4n10	6	 low	10	3	4	ML	 US	7423.9	51.39	304.59	5620	1585	112460.5	4815.0455	0.026364	7552.0309	46.9383	7423.98	561	7560.98	7541.5	8214.3358	11	7423.9
abs4n10	6	 low	10	4	4	ML	 US	8585.7295	51.91	303.78	7283	1032	112460.5	6348.4069	0.026364	8679.4629	10.8109	8675.69	534	8671.6899	8671.6899	10102.1122	14	8677.06
abs4n10	6	 low	10	5	4	ML	 US	10022.0	50.03	304.32	8437	1237	112460.5	7865.7958	0.026364	10037.7333	18.0972	10029.35	555	10029.35	10029.3499	11911.4301	15	10033.11
abs4n15	6	 low	15	3	4	ML	 US	7078.42	63.68	427.74	6094	783	125072.0	4362.3751	0.02625	7255.145	4.1726	7250.42	531	7369.42	7367.4199	7853.7112	15	7250.7
abs4n15	6	 low	15	4	4	ML	 US	8271.52	70.91	420.78	6594	1348	125072.0	5717.1872	0.02625	8406.336	47.4814	8363.69	531	8433.69	8433.69	9426.1529	15	8375.51
abs4n15	6	 low	15	5	4	ML	 US	9320.71	63.55	429.63	7956	978	125072.0	7044.0651	0.02625	9383.7962	3.4033	9379.18	530	9427.18	9427.18	11066.2078	13	9469.77
abs4n25	6	 low	25	2	4	ML	 US	7746.1914	113.92	727.2	4006	6450	175022.5	2662.7397	0.027308	8798.0922	8.7713	8585.12	194	11297.12	9477.94	8582.8518	18	8672.44
abs4n25	6	 low	25	3	4	ML	 US	8667.67	122.45	717.03	6042	2816	175022.5	3848.3296	0.027308	9174.2953	28.3317	9153.48	212	9697.48	9694.25	9468.9075	19	9039.31
abs4n20	6	 low	20	3	4	ML	 US	9890.6	92.54	587.4	7156	2280	182400.0	6047.238	0.027619	10018.5747	32.6412	9941.94	528	10115.94	10115.94	10889.4727	15	10098.12
abs4n20	6	 low	20	4	4	ML	 US	11533.1	92.92	587.04	8758	2201	182400.0	7912.811	0.027619	11664.6296	52.9813	11603.96	528	11639.9599	11639.9599	13197.0143	12	11558.63
abs4n20	6	 low	20	5	4	ML	 US	13131.1	90.65	591.39	10818	1704	182400.0	9762.9638	0.027619	13300.636	115.4899	13182.04	528	13204.04	13204.04	14756.53	10	13194.47
abs4n30	6	 low	30	2	4	ML	 US	8065.88	142.71	818.37	5077	4323	173807.0	3117.2975	0.027419	8857.4969	160.5526	8688.08	207	10363.08	10360.08	9153.5805	16	8738.08
abs4n35	6	 low	35	2	4	ML	 US	8525.59	188.25	972.84	5001	4024	176871.0	3602.7045	0.028056	8842.1995	29.7498	8805.09	141	10188.09	10185.35	9622.4203	19	8811.35
abs4n25	6	 low	25	4	4	ML	 US	9651.21	123.52	718.38	6720	2623	175022.5	5042.7942	0.027308	9811.1231	54.3918	9741.9	524	10184.9	10184.9	10735.1819	13	9741.9
abs4n25	6	 low	25	5	4	ML	 US	10565.8	111.39	731.52	7935	2173	175022.5	6222.0427	0.027308	10793.212	73.4283	10638.91	526	10952.91	10862.32	11722.0208	10	10708.92
abs4n30	6	 low	30	4	4	ML	 US	10228.3	138.47	827.01	6868	3470	173807.0	5913.5332	0.027419	10726.1567	87.3145	10637.48	519	11303.48	11303.48	11610.1856	12	10719.67
abs4n30	6	 low	30	3	4	ML	 US	9047.18	135.12	829.38	5944	3684	173807.0	4514.7847	0.027419	9498.7986	42.4322	9453.5	521	10593.5	10593.5	10300.084	14	9634.9
abs4n30	6	 low	30	5	4	ML	 US	11446.3	133.29	831.54	8406	2799	173807.0	7313.5447	0.027419	11761.5462	49.8931	11712.83	520	12169.83	12146.58	13192.4559	13	12041.0
abs4n35	6	 low	35	3	4	ML	 US	9839.2	200.48	963.9	7104	2445	176871.0	5207.9468	0.028056	10339.6738	80.8098	10243.38	516	10713.38	10713.38	11555.3614	13	10168.07
abs4n40	6	 low	40	3	4	ML	 US	10012.9	186.34	1052.76	6679	4296	205643.5	4142.2123	0.028537	10902.7415	1.0467	10901.1	305	12216.1	12209.9	11272.689	13	10901.9
abs4n35	6	 low	35	4	4	ML	 US	11309.9	170.86	997.53	8966	1736	176871.0	6818.5578	0.028056	11613.7743	52.5277	11568.39	516	11870.39	11870.39	12726.2163	14	11907.13
abs4n35	6	 low	35	5	4	ML	 US	12785.9	169.3	997.14	10094	1840	176871.0	8415.0801	0.028056	12967.3891	20.1022	12945.44	517	13101.44	13101.44	14398.2454	11	13307.27
abs4n40	6	 low	40	2	4	ML	 US	9084.95	195.06	1045.89	3526	13999	205643.5	2901.7949	0.028537	10890.7008	15.8539	10114.95	514	18765.95	12360.1	10107.908	12	10839.71
abs4n40	6	 low	40	4	4	ML	 US	11052.4	194.04	1046.28	7619	3665	205643.5	5382.6298	0.028537	11839.67	129.9277	11663.32	515	12525.32	12525.32	12562.0336	9	11933.89
abs4n5	6	 low	5	2	4	ML	 US	3776.5395	23.12	158.58	2924	671	43736.5	2220.7983	0.025	3776.7	0.0	3776.7	9	3776.7	3776.7	4944.3718	10	3776.7
abs4n40	6	 low	40	5	4	ML	 US	12109.84	169.27	1073.85	8830	2972	205643.5	6627.8364	0.028537	12568.6667	11.6255	12561.12	513	13045.12	13045.12	13618.2095	9	12586.46
abs4n5	6	 low	5	4	4	ML	 US	5056.3706	21.08	159.54	4660	216	43736.5	4334.9532	0.025	5057.0945	0.389	5056.62	24	5056.62	5056.62	8566.9547	22	5056.62
abs4n5	6	 low	5	3	4	ML	 US	4465.8706	22.98	157.89	3770	515	43736.5	3262.2415	0.025	4465.87	0.0	4465.87	92	4465.87	4465.87	5451.186	12	4465.87
abs5n10	6	 low	10	2	5	ML	 US	5055.1494	78.46	380.97	2810	2115	94256.0	2429.5769	0.038182	5257.28	4.3822	5251.43	26	5385.43	5380.44	5597.0972	11	5242.2
abs4n45	6	 low	45	2	4	ML	 US	10339.3	266.62	1415.22	6156	4096	207204.5	4112.1342	0.028696	11147.7603	158.1104	10787.84	511	11933.84	11933.84	11888.5042	12	11666.24
abs4n45	6	 low	45	3	4	ML	 US	11744.7	251.54	1434.27	7969	2991	207204.5	5886.5273	0.028696	12054.2425	43.9729	11999.81	509	12647.81	12644.99	13182.8513	12	12479.13
abs4n45	6	 low	45	4	4	ML	 US	13371.5	246.45	1440.87	10276	2040	207204.5	7657.9283	0.028696	13724.56	131.0332	13645.32	511	14003.32	14003.32	15091.6856	13	14009.49
abs4n5	6	 low	5	5	4	ML	 US	6255.5606	25.2	153.36	5535	541	43736.5	5365.1557	0.025	6255.7261	0.1181	6255.56	164	6255.56	6255.56	10181.3457	23	6255.56
abs4n45	6	 low	45	5	4	ML	 US	14927.47	264.66	1408.89	11872	1925	207204.5	9433.3189	0.028696	15541.5292	104.7895	15432.55	512	15470.55	15470.55	16822.0712	13	15459.81
abs4n50	6	 low	50	2	4	ML	 US	10806.5	310.3	1710.42	6253	4618	222896.5	4572.8861	0.029216	11273.5008	51.1954	11176.72	506	12893.72	12893.72	12121.9678	15	11832.18
abs4n50	6	 low	50	3	4	ML	 US	12700.69	350.18	1677.84	8650	3631	222896.5	6522.6091	0.029216	13091.605	40.9764	13032.02	504	14309.02	14306.65	15867.0063	14	14015.13
abs5n15	6	 low	15	2	5	ML	 US	6280.02	78.62	395.31	4367	1773	118284.0	3452.2543	0.038125	6452.6875	6.3295	6444.93	162	6614.9299	6614.9299	7465.5932	16	6444.93
abs4n50	6	 low	50	4	4	ML	 US	14746.6	321.3	1703.82	10634	3192	222896.5	8472.3322	0.029216	15451.0892	287.2872	15040.12	510	15851.12	15851.12	16395.5242	12	16175.57
abs4n50	6	 low	50	5	4	ML	 US	16847.2	333.69	1695.6	12468	3025	222896.5	10431.7073	0.029216	17033.5658	27.0443	16978.29	503	17523.29	17523.29	18853.7356	12	17429.36
abs5n10	6	 low	10	3	5	ML	 US	5741.7192	89.18	373.53	3616	1773	94256.0	3500.1709	0.038182	5834.71	0.0	5834.71	569	5852.71	5852.71	6545.4645	13	5803.74
abs5n10	6	 low	10	4	5	ML	 US	6522.5293	78.17	382.5	4274	1816	94256.0	4573.0047	0.038182	6530.2275	10.9275	6522.67	567	6550.67	6525.61	7623.7406	13	6553.41
abs5n10	6	 low	10	5	5	ML	 US	7132.1196	72.76	385.05	5462	1405	94256.0	5648.0852	0.038182	7327.21	1.0899	7325.81	533	7325.81	7325.81	8812.022	16	7326.68
abs5n15	6	 low	15	3	5	ML	 US	7520.76	86.42	389.34	5199	1921	118284.0	5026.1014	0.038125	7529.8956	10.0853	7521.76	550	7596.76	7581.7598	8168.839	18	7521.76
abs5n15	6	 low	15	4	5	ML	 US	8868.49	82.63	391.86	6654	1806	118284.0	6611.5637	0.038125	8903.7307	20.0278	8869.49	531	8935.49	8935.49	9780.0535	14	8895.71
abs5n15	6	 low	15	5	5	ML	 US	10350.8	84.51	390.96	8430	1449	118284.0	8181.0485	0.038125	10375.0217	16.7229	10361.47	531	10355.47	10355.4699	11607.4906	12	10363.41
abs5n20	6	 low	20	2	5	ML	 US	8369.12	140.63	674.97	6240	1439	172582.0	4825.3334	0.035714	8630.1884	14.9226	8603.6	518	8494.6	8483.53	9207.8901	25	8635.53
abs5n25	6	 low	25	2	5	ML	 US	8316.4	181.15	908.31	5682	1901	165277.0	4725.5265	0.033462	8467.9883	24.2875	8444.46	124	8673.46	8657.33	9405.2316	24	8448.33
abs5n20	6	 low	20	3	5	ML	 US	10234.7	139.34	678.12	8348	1252	172582.0	6967.6278	0.035714	10470.4921	48.4086	10393.46	528	10417.46	10370.74	11248.8004	19	10445.6
abs5n20	6	 low	20	4	5	ML	 US	12270.6	123.38	690.36	10376	1157	172582.0	9117.3867	0.035714	12426.4233	22.8665	12397.74	527	12346.74	12288.75	13309.0165	13	12387.68
abs5n20	6	 low	20	5	5	ML	 US	14268.6	141.09	675.69	12320	1060	172582.0	11257.193	0.035714	14248.6161	24.7035	14206.78	528	14196.78	14196.78	15740.4995	13	14205.78
abs5n30	6	 low	30	2	5	ML	 US	7815.65	167.21	930.3	4931	2472	154354.0	3017.1076	0.032903	8310.469	35.7936	8230.51	235	8502.51	8500.13	8783.7669	20	8090.2
abs5n35	6	 low	35	2	5	ML	 US	8937.25	191.31	1031.91	5342	3522	186176.0	3181.5235	0.031389	9355.4412	11.6081	9344.22	211	10088.22	10088.14	10229.9961	17	9294.0357
abs5n25	6	 low	25	3	5	ML	 US	10025.2	164.61	924.51	7778	1514	165277.0	6727.0297	0.033462	10228.8957	20.2608	10210.12	523	10381.12	10326.33	10892.0214	14	10215.4
abs5n25	6	 low	25	4	5	ML	 US	11995.2	183.27	913.53	9578	1622	165277.0	8735.9735	0.033462	12244.8238	55.7152	12184.8	524	12296.8	12282.7997	13583.4571	13	12379.27
abs5n25	6	 low	25	5	5	ML	 US	13903.93	186.11	907.17	11478	1465	165277.0	10725.3924	0.033462	14015.9383	22.1062	13975.28	526	14036.28	14036.28	15460.2379	12	14018.1
abs5n30	6	 low	30	3	5	ML	 US	8823.17	198.39	903.45	5834	2473	154354.0	4344.5214	0.032903	9204.9336	25.873	9149.84	522	9408.84	9356.27	9686.3047	14	9301.97
abs5n30	6	 low	30	4	5	ML	 US	9967.98	178.25	917.31	6946	2310	154354.0	5676.634	0.032903	10280.3538	28.0389	10248.56	520	10351.56	10340.72	11060.6907	13	10521.44
abs5n30	6	 low	30	5	5	ML	 US	11185.5	193.16	903.75	8134	2234	154354.0	7005.2225	0.032903	11387.3645	15.049	11374.91	521	11464.91	11463.91	12280.4984	11	11454.53
abs5n35	6	 low	35	3	5	ML	 US	9909.14	185.57	1038.81	6950	2479	186176.0	4568.2552	0.031389	10417.408	69.1959	10380.38	519	10653.38	10647.2598	11437.0589	12	10463.3
abs5n35	6	 low	35	4	5	ML	 US	11174.9	190.25	1031.25	8228	2317	186176.0	5959.4459	0.031389	11602.1545	31.2373	11560.5	516	11767.5	11764.83	12523.7914	11	11560.22
abs5n35	6	 low	35	5	5	ML	 US	12373.5	196.02	1031.13	9330	2363	186176.0	7341.7186	0.031389	12657.438	14.2625	12642.15	515	12921.15	12919.15	13551.1008	11	12841.09
abs5n40	6	 low	40	2	5	ML	 US	9043.78	233.04	1294.68	5451	3542	180550.5	3365.0175	0.03122	9562.5667	2.6305	9557.72	513	10522.72	10517.74	10263.2609	9	9486.15
abs5n40	6	 low	40	3	5	ML	 US	10108.0	244.16	1290.75	6910	2774	180550.5	4792.0163	0.03122	10745.169	59.7878	10697.91	512	11218.91	11213.11	11869.2804	10	11209.08
abs5n40	6	 low	40	4	5	ML	 US	11228.9	240.0	1293.84	7772	2825	180550.5	6219.015	0.03122	11891.081	66.3124	11702.84	510	12130.84	12095.77	13152.8403	10	12086.56
abs5n5	6	 low	5	2	5	ML	 US	2855.0603	35.22	164.88	2344	311	33031.0	2242.7839	0.04	2856.0862	0.6398	2855.1	4	2855.1	2855.1	3141.073	16	2855.1
abs5n40	6	 low	40	5	5	ML	 US	12542.91	231.97	1301.31	9324	2348	180550.5	7652.651	0.03122	12949.4422	13.541	12934.28	510	13205.28	13205.28	14336.3871	9	13252.85
abs5n45	6	 low	45	2	5	ML	 US	9176.54	287.97	1458.6	2944	15571	163754.0	2618.1895	0.031087	10581.087	105.4842	10382.57	511	20261.57	11601.7	10374.861	10	10514.93
abs5n45	6	 low	45	3	5	ML	 US	9765.3	267.93	1478.55	5877	3819	163754.0	3634.5021	0.031087	10576.909	65.4827	10496.48	507	11443.48	11393.67	11490.3171	10	10586.36
abs5n45	6	 low	45	4	5	ML	 US	10451.9	296.6	1454.88	6848	2907	163754.0	4654.6535	0.031087	11126.7272	113.7901	11020.48	505	11506.48	11474.93	12674.4664	13	11154.19
abs5n45	6	 low	45	5	5	ML	 US	11265.4	271.69	1478.1	7313	2907	163754.0	5669.5939	0.031087	11740.4387	42.769	11680.79	507	11971.79	11878.7598	13561.7671	16	11819.41
abs5n50	6	 low	50	2	5	ML	 US	10524.1	287.38	1545.78	6032	4201	202575.0	4298.7536	0.03098	10947.1738	138.7793	10805.16	510	12066.16	12050.18	12062.6788	16	11446.29
abs5n50	6	 low	50	3	5	ML	 US	12125.8	270.26	1563.69	8324	3053	202575.0	6140.7113	0.03098	12839.6611	219.6591	12612.95	507	13210.95	13187.91	13734.3082	18	13631.81
abs5n50	6	 low	50	4	5	ML	 US	13822.2	290.43	1545.78	10010	2888	202575.0	7985.5072	0.03098	14276.7317	114.1533	14126.21	509	14734.21	14644.84	15928.0886	18	14632.57
abs5n5	6	 low	5	4	5	ML	 US	4876.64	20.15	175.47	4458	223	33031.0	4296.2078	0.04	4877.3779	0.3686	4876.62	507	4876.62	4876.62	7848.4304	33	4876.62
abs5n50	6	 low	50	5	5	ML	 US	15554.1	287.92	1548.63	11958	2521	202575.0	9831.2503	0.03098	15969.7106	82.1172	15893.55	504	16315.55	16296.34	17429.8375	18	16282.86
abs5n5	6	 low	5	3	5	ML	 US	3842.3	28.73	168.57	3286	359	33031.0	3261.1486	0.04	3843.5522	0.7101	3842.3	591	3842.3	3842.3	7848.4304	37	3842.3
abs1n10	3	 high	10	2	1	ML	 SP	4248.38	338.98	1949.4	1592	414	102097.5	2402.1266	0.308182	4309.4856	39.1038	4248.38	1	4294.38	4294.38	4882.6396	50	4248.38
abs1n10	3	 high	10	3	1	ML	 SP	4722.42	331.42	1962.0	1862	579	102097.5	2921.4529	0.308182	4741.5175	13.9947	4722.42	3	4734.42	4734.42	5358.126	44	4722.42
abs1n15	3	 high	15	2	1	ML	 SP	4802.57	373.17	2513.4	1098	1191	125773.0	2539.0906	0.285	4859.6004	32.0848	4802.57	3	5175.57	5175.57	5699.2315	50	4802.57
abs1n20	3	 high	20	2	1	ML	 SP	6177.35	465.85	3367.5	1664	1145	143179.5	2792.8426	0.287619	6337.6288	52.2712	6177.35	6	6642.35	6633.03	6990.6202	50	6177.35
abs1n15	3	 high	15	3	1	ML	 SP	5252.09	327.39	2555.7	1852	631	125773.0	2928.0319	0.285	5313.3567	22.1694	5252.09	5	5366.09	5344.53	5535.0506	48	5252.09
abs1n15	3	 high	15	4	1	ML	 SP	5608.05	372.45	2514.6	2164	598	125773.0	3321.3847	0.285	5610.8363	1.983	5608.05	16	5649.05	5649.05	6280.8048	41	5608.05
abs1n10	3	 high	10	4	1	ML	 SP	5237.42	225.52	2052.9	2668	291	102097.5	3437.5131	0.308182	5253.3548	13.0525	5237.42	12	5237.42	5237.42	5434.0542	42	5237.42
abs1n15	3	 high	15	5	1	ML	 SP	6052.74	431.64	2447.1	2450	756	125773.0	3713.4819	0.285	6060.7433	5.6755	6052.74	27	6084.74	6081.74	6359.943	36	6052.74
abs1n20	3	 high	20	3	1	ML	 SP	6852.17	466.27	3366.9	2190	1110	143179.5	3352.8313	0.287619	6967.142	28.4408	6852.17	22	7134.17	7082.41	8187.3286	50	6901.17
abs1n25	3	 high	25	2	1	ML	 SP	7683.7	687.9	3763.8	2252	1285	188676.5	2819.3846	0.294615	7692.3243	5.2176	7683.7	13	7989.7	7986.5599	7776.7947	47	7683.7
abs1n10	3	 high	10	5	1	ML	 SP	5712.99	223.39	2064.6	3168	257	102097.5	3960.6558	0.308182	5716.5752	3.2539	5712.99	73	5712.99	5712.99	6574.2186	31	5712.99
abs1n25	3	 high	25	3	1	ML	 SP	7691.3	669.4	3807.9	2428	947	188676.5	3235.942	0.294615	7736.9385	25.1251	7691.3	25	7852.3	7834.88	7970.3897	39	7691.3
abs1n20	3	 high	20	5	1	ML	 SP	7719.87	432.57	3384.3	3366	631	143179.5	4481.2428	0.287619	7730.0471	6.7677	7719.87	55	7813.87	7813.25	8352.7886	35	7719.87
abs1n30	3	 high	30	3	1	ML	 SP	10544.42	984.02	6215.4	2688	730	201361.0	4019.8905	0.285484	10573.5582	11.4667	10544.42	17	10618.42	10610.02	11276.6368	45	10544.42
abs1n30	3	 high	30	2	1	ML	 SP	10593.59	1050.99	6117.6	2688	817	201361.0	3491.127	0.285484	10616.7914	11.1036	10593.59	17	10674.59	10660.83	10880.85	42	10593.59
abs1n20	3	 high	20	4	1	ML	 SP	7417.44	443.73	3342.9	2914	852	143179.5	3917.7374	0.287619	7488.6303	20.1544	7453.63	108	7552.63	7537.92	7805.1064	37	7417.44
abs1n35	3	 high	35	2	1	ML	 SP	9867.42	965.72	5969.7	1746	2052	188912.5	3286.2153	0.285833	9886.394	11.5858	9867.42	8	10733.42	10723.34	10277.436	43	9867.42
abs1n25	3	 high	25	5	1	ML	 SP	7965.69	519.59	4001.1	2890	691	188676.5	4067.9517	0.294615	8008.8694	25.6708	7965.69	103	8101.69	8096.41	9254.6069	35	7965.69
abs1n25	3	 high	25	4	1	ML	 SP	7792.13	526.43	3989.7	2172	1300	188676.5	3652.4993	0.294615	7874.6049	49.3325	7792.13	94	7989.13	7959.75	8208.1959	39	7813.43
abs1n30	3	 high	30	4	1	ML	 SP	10920.22	1018.62	6216.6	3036	759	201361.0	4550.1393	0.285484	10932.218	7.1473	10920.22	65	11030.22	11030.22	11028.2861	41	10924.22
abs1n35	3	 high	35	3	1	ML	 SP	10276.82	954.98	5998.5	2300	1596	188912.5	3735.023	0.285833	10360.7789	18.7506	10334.48	42	10849.48	10848.28	11236.4293	36	10276.82
abs1n35	3	 high	35	4	1	ML	 SP	10659.14	886.64	6073.5	2890	1142	188912.5	4185.1297	0.285833	10785.2642	44.0984	10659.14	45	10992.14	10984.7	11224.5669	38	10764.1
abs1n40	3	 high	40	2	1	ML	 SP	11011.94	1166.42	6853.5	1956	1870	198950.0	3743.1678	0.291707	11123.4487	15.809	11094.92	26	11845.92	11841.26	11665.6331	39	11061.88
abs1n35	3	 high	35	5	1	ML	 SP	10981.78	852.18	6093.6	3312	884	188912.5	4633.4499	0.285833	10986.2042	3.2599	10981.78	86	11141.78	11137.78	12254.7809	33	10984.78
abs1n40	3	 high	40	3	1	ML	 SP	11583.34	1160.84	6877.5	2438	2208	198950.0	4272.4017	0.291707	11605.5892	13.4066	11583.34	40	12684.34	11915.04	11582.5433	37	11590.12
abs1n40	3	 high	40	4	1	ML	 SP	12029.3	1145.6	6884.7	3208	1091	198950.0	4802.9857	0.291707	12140.8219	122.5152	12029.3	74	12329.3	12326.22	12117.4486	31	12031.3
abs1n45	3	 high	45	2	1	ML	 SP	11447.71	1129.71	7371.0	1842	1565	205188.5	3846.5343	0.295435	11590.3416	56.5816	11447.71	44	11907.71	11897.67	12400.7042	31	11450.71
abs1n5	3	 high	5	2	1	ML	 SP	2027.75	110.45	615.3	902	400	72215.0	876.33	0.265	2063.6865	18.5571	2027.75	0	2027.75	2023.29	2256.3179	37	2027.75
abs1n5	3	 high	5	3	1	ML	 SP	2061.27	87.17	638.1	936	400	72215.0	1091.205	0.265	2082.4175	14.0194	2061.27	0	2061.27	2061.27	2066.965	40	2061.27
abs1n5	3	 high	5	4	1	ML	 SP	2234.45	108.15	618.3	1308	200	72215.0	1306.08	0.265	2237.3043	1.9088	2234.45	0	2234.45	2234.45	3058.5495	30	2234.45
abs1n5	3	 high	5	5	1	ML	 SP	2361.74	89.34	635.4	1342	295	72215.0	1532.2642	0.265	2365.5383	2.6389	2361.74	0	2361.74	2361.74	2764.1473	30	2361.74
abs2n10	3	 high	10	2	2	ML	 SP	4379.85	226.15	1661.7	2024	598	155639.0	2208.0141	0.314545	4461.019	71.144	4379.85	1	4509.85	4509.85	4996.8618	31	4379.85
abs2n10	3	 high	10	3	2	ML	 SP	5081.85	226.15	1661.7	2754	537	155639.0	2872.9112	0.314545	5091.1422	6.1646	5081.85	6	5178.85	5178.85	5677.6204	32	5081.85
abs1n45	3	 high	45	3	1	ML	 SP	11944.15	1132.15	7371.0	2356	1615	205188.5	4351.4014	0.295435	12153.0127	58.6642	11944.15	103	12474.15	12456.47	12997.4017	30	11946.95
abs1n45	3	 high	45	4	1	ML	 SP	12372.61	1133.29	7372.2	2972	1239	205188.5	4857.4358	0.295435	12463.4515	4.8866	12455.49	100	12716.49	12716.49	13292.4973	26	12372.61
abs2n15	3	 high	15	2	2	ML	 SP	4921.95	356.35	2403.6	1506	923	127623.5	2111.3026	0.3075	4942.655	13.6155	4921.95	6	5188.95	5185.95	6794.5932	32	4921.95
abs2n10	3	 high	10	4	2	ML	 SP	5770.85	226.15	1661.7	3442	538	155639.0	3537.8082	0.314545	5773.44	3.5285	5770.85	62	5867.85	5867.85	6720.4248	25	5770.85
abs2n15	3	 high	15	3	2	ML	 SP	5150.55	354.95	2406.6	1780	757	127623.5	2566.3689	0.3075	5166.4551	14.5081	5150.55	13	5298.55	5298.55	5897.3387	35	5150.55
abs2n10	3	 high	10	5	2	ML	 SP	6344.61	221.11	1672.5	3892	559	155639.0	4206.7844	0.314545	6344.65	0.2	6344.61	76	6344.61	6344.61	7104.0205	25	6344.61
abs1n30	3	 high	30	5	1	ML	 SP	11524.32	976.72	6264.6	3572	746	201361.0	5077.4175	0.285484	11530.2375	5.2049	11524.32	324	11559.32	11559.32	12313.9384	32	11525.32
abs2n15	3	 high	15	4	2	ML	 SP	5645.95	356.35	2403.6	2438	448	127623.5	3023.7451	0.3075	5658.2865	11.9516	5645.95	16	5645.95	5645.95	7036.8274	34	5645.95
abs1n50	3	 high	50	2	1	ML	 SP	12177.34	1137.14	7588.2	2298	1894	185596.0	4290.7625	0.299412	12266.0813	33.1439	12177.34	167	12917.34	12904.26	13006.5605	30	12305.86
abs2n20	3	 high	20	2	2	ML	 SP	6166.46	463.86	3312.6	1592	1139	149622.5	2302.0348	0.294762	6191.7057	23.0739	6166.46	6	6508.46	6484.64	7486.5899	35	6166.46
abs2n20	3	 high	20	3	2	ML	 SP	6260.79	490.79	3339.0	1744	907	149622.5	2617.3012	0.294762	6338.2678	29.7216	6260.79	12	6480.79	6449.02	6566.7062	36	6331.02
abs2n20	3	 high	20	4	2	ML	 SP	6393.85	492.45	3338.4	1948	745	149622.5	2931.3596	0.294762	6409.0097	12.6746	6393.85	15	6523.85	6522.85	6955.1204	36	6393.85
abs2n15	3	 high	15	5	2	ML	 SP	6224.63	356.63	2403.0	2712	710	127623.5	3478.0414	0.3075	6224.63	0.0	6224.63	62	6181.63	6181.63	7098.647	27	6224.63
abs2n20	3	 high	20	5	2	ML	 SP	6637.18	379.78	3434.4	2330	576	149622.5	3250.0562	0.294762	6647.8464	9.9385	6637.18	20	6721.18	6721.18	7241.2642	28	6637.18
abs2n25	3	 high	25	2	2	ML	 SP	7658.75	568.45	4209.3	1658	1440	176786.0	3197.6004	0.312308	7722.5734	32.1188	7658.75	19	7875.75	7875.75	8090.8621	41	7658.75
abs2n25	3	 high	25	3	2	ML	 SP	8019.11	567.41	4211.7	2390	934	176786.0	3762.3541	0.312308	8052.5594	19.9339	8019.11	29	8103.11	8091.95	9427.8551	34	8019.11
abs2n30	3	 high	30	2	2	ML	 SP	9362.42	949.32	5321.1	1921	2011	179408.0	3240.2597	0.297097	9465.6294	80.1544	9362.42	19	10204.42	10191.76	10009.2806	34	9362.42
abs2n25	3	 high	25	4	2	ML	 SP	8667.59	573.29	4209.3	2934	999	176786.0	4325.4708	0.312308	8696.8287	16.4723	8667.59	77	8715.59	8713.93	9088.3506	30	8706.67
abs2n30	3	 high	30	3	2	ML	 SP	9663.88	734.08	5560.8	2398	1453	179408.0	3689.5515	0.297097	9732.1306	43.9566	9663.88	39	10145.88	10109.24	10163.5121	34	9671.62
abs1n45	3	 high	45	5	1	ML	 SP	12864.41	1128.01	7372.2	3626	942	205188.5	5362.5948	0.295435	12892.2633	4.3362	12885.21	370	13069.21	13067.87	14705.2105	30	12864.41
abs2n25	3	 high	25	5	2	ML	 SP	9107.2	716.0	4063.2	3744	623	176786.0	4893.5024	0.312308	9149.1058	34.3851	9107.2	90	9146.2	9146.2	9812.5741	31	9107.2
abs1n50	3	 high	50	3	1	ML	 SP	12873.26	1137.66	7587.6	3184	998	185596.0	4992.2658	0.299412	12891.9723	20.6842	12873.26	363	12907.26	12898.2599	14429.1773	31	12882.26
abs2n35	3	 high	35	2	2	ML	 SP	9557.98	852.08	4878.9	2734	1581	205402.5	3088.8841	0.300278	9576.5277	12.1406	9557.98	27	10045.98	10033.42	9759.2512	31	9557.98
abs1n40	3	 high	40	5	1	ML	 SP	12628.13	896.33	7159.8	3710	1006	198950.0	5333.4018	0.291707	12705.1178	45.3379	12628.13	521	12772.13	12700.85	13449.8624	27	12648.85
abs2n35	3	 high	35	3	2	ML	 SP	9270.97	719.97	5052.0	2490	1426	205402.5	3567.7561	0.300278	9324.0913	38.2496	9270.97	37	9688.97	9685.31	10090.8868	31	9272.11
abs2n30	3	 high	30	4	2	ML	 SP	9894.43	758.03	5583.9	2548	1389	179408.0	4139.1752	0.297097	9961.2813	24.4299	9930.93	170	10278.93	10274.8499	11534.8273	32	9930.93
abs2n40	3	 high	40	2	2	ML	 SP	9795.09	816.89	5383.2	2154	2630	210923.5	3326.2291	0.303659	10272.8458	388.9772	9795.09	51	10985.09	10979.7099	10188.1283	31	10315.73
abs2n35	3	 high	35	4	2	ML	 SP	9621.99	702.79	5059.2	2974	1196	205402.5	4048.0971	0.300278	9627.1874	5.5553	9621.99	90	9932.99	9932.99	10228.0077	31	9621.99
abs1n50	3	 high	50	4	1	ML	 SP	13475.16	1137.14	7588.2	4264	463	185596.0	5694.9249	0.299412	13505.8387	16.6284	13479.34	513	13452.34	13452.34	14796.1625	24	13475.16
abs2n40	3	 high	40	3	2	ML	 SP	10003.07	939.87	5251.2	2576	2052	210923.5	3858.9287	0.303659	10103.5439	32.3913	10003.07	69	10819.07	10799.72	10624.5207	38	10030.86
abs1n50	3	 high	50	5	1	ML	 SP	14097.98	1137.38	7587.6	4712	712	185596.0	6396.0431	0.299412	14207.5812	53.1053	14097.98	509	14148.98	14143.98	16118.1508	32	14152.98
abs2n45	3	 high	45	2	2	ML	 SP	11031.11	1043.21	6843.9	1794	2789	204224.5	4152.5059	0.29587	11108.74	23.4068	11031.11	32	12470.11	11795.25	11031.2636	38	11082.25
abs2n45	3	 high	45	4	2	ML	 SP	12175.87	1061.97	6831.9	3705	781	204224.5	5390.6931	0.29587	12188.2975	11.0671	12175.87	64	12380.87	12370.39	12208.8848	32	12181.39
abs2n45	3	 high	45	3	2	ML	 SP	11628.55	1063.45	6830.1	2948	1335	204224.5	4770.2338	0.29587	11664.1762	22.0385	11628.55	100	12176.55	12164.29	12538.3204	32	11668.29
abs2n5	3	 high	5	2	2	ML	 SP	1756.39	64.69	602.7	706	383	49384.5	912.2454	0.261667	1803.5988	25.5493	1756.39	0	1756.39	1756.39	2103.4161	33	1756.39
abs2n5	3	 high	5	3	2	ML	 SP	2156.69	72.19	589.5	1200	295	49384.5	1203.7706	0.261667	2168.8135	7.7935	2156.69	1	2156.69	2156.69	2230.6934	34	2156.69
abs2n5	3	 high	5	4	2	ML	 SP	2386.4	85.1	576.3	1496	229	49384.5	1502.7708	0.261667	2391.0133	2.9959	2386.4	0	2386.4	2386.4	2924.8453	18	2386.4
abs2n5	3	 high	5	5	2	ML	 SP	2594.02	55.72	606.3	1670	261	49384.5	1804.3157	0.261667	2598.7755	3.0164	2594.02	1	2594.02	2594.02	2685.2602	29	2594.02
abs3n10	3	 high	10	2	3	ML	 SP	3755.23	161.33	1608.9	1082	1063	118325.5	1541.1067	0.322727	3893.4705	84.7194	3755.23	2	3915.23	3899.29	3767.0039	42	3755.23
abs3n10	3	 high	10	3	3	ML	 SP	4154.01	208.51	1573.5	1352	1151	118325.5	1955.2437	0.322727	4262.6739	50.7069	4154.01	5	4285.01	4240.35	4214.051	38	4154.01
abs2n35	3	 high	35	5	2	ML	 SP	10127.45	699.85	5058.6	3468	1065	205402.5	4525.5002	0.300278	10146.04	33.2624	10127.45	303	10291.45	10291.45	11063.7125	28	10127.45
abs3n10	3	 high	10	4	3	ML	 SP	4508.59	273.79	1510.8	2098	626	118325.5	2377.8784	0.322727	4520.1557	11.8921	4508.59	5	4508.59	4508.59	4991.9141	28	4508.59
abs3n15	3	 high	15	2	3	ML	 SP	5557.79	441.79	2742.0	1539	961	184494.0	2090.1101	0.32875	5589.8632	14.3278	5557.79	2	5684.79	5673.85	5559.9746	50	5557.79
abs3n15	3	 high	15	3	3	ML	 SP	5834.83	438.43	2750.4	1858	835	184494.0	2557.1701	0.32875	5849.3488	14.3309	5834.83	4	5881.83	5877.99	6880.8137	34	5834.83
abs3n10	3	 high	10	5	3	ML	 SP	4893.49	178.09	1598.4	2088	1013	118325.5	2792.0029	0.322727	4894.9082	1.5901	4893.49	45	4877.49	4877.49	5368.147	22	4893.49
abs2n40	3	 high	40	4	2	ML	 SP	10423.81	875.91	5337.9	3049	1718	210923.5	4391.6282	0.303659	10432.89	6.7622	10423.81	300	10982.81	10980.81	11039.145	33	10462.94
abs3n15	3	 high	15	4	3	ML	 SP	6519.71	414.91	2764.8	2064	1260	184494.0	3027.1862	0.32875	6529.6521	7.6616	6519.71	25	6503.71	6497.83	6606.3619	39	6519.71
abs3n15	3	 high	15	5	3	ML	 SP	6886.85	505.75	2678.1	2972	706	184494.0	3493.1362	0.32875	6898.8926	4.9722	6886.85	33	6861.85	6853.91	7619.3122	27	6886.85
abs3n20	3	 high	20	3	3	ML	 SP	6487.39	554.09	3402.3	1522	1344	173451.0	2514.0344	0.300476	6538.08	32.505	6487.39	12	6822.39	6723.39	7737.0348	44	6487.39
abs3n20	3	 high	20	2	3	ML	 SP	6633.5	517.4	3404.1	1749	1222	173451.0	2110.6229	0.300476	6715.0102	52.2803	6633.5	30	6893.5	6833.4998	7831.955	43	6633.5
abs2n50	3	 high	50	2	2	ML	 SP	12524.91	1018.41	7756.5	2434	2021	222732.5	4623.8621	0.298824	12577.9569	28.8113	12524.91	229	13229.91	13229.91	13184.6515	32	12524.91
abs2n30	3	 high	30	5	2	ML	 SP	10398.92	686.82	5612.1	3342	990	179408.0	4586.6442	0.297097	10498.2644	72.243	10398.92	527	10630.92	10577.51	11262.8033	32	10404.23
abs3n20	3	 high	20	4	3	ML	 SP	7060.93	577.83	3371.1	2389	771	173451.0	2917.4458	0.300476	7062.643	1.2166	7060.93	14	7110.93	7107.29	7865.5965	46	7060.93
abs3n20	3	 high	20	5	3	ML	 SP	7338.99	553.49	3403.5	2700	693	173451.0	3322.1713	0.300476	7348.4094	12.1402	7338.99	23	7349.99	7349.99	8612.6205	31	7338.99
abs3n25	3	 high	25	4	3	ML	 SP	9190.47	710.57	4557.9	3456	508	192264.0	4347.2543	0.313846	9204.8754	10.846	9190.47	20	9232.47	9224.47	10845.1553	37	9190.47
abs3n25	3	 high	25	2	3	ML	 SP	8030.57	708.87	4556.7	2004	1282	192264.0	3055.1582	0.313846	8129.806	56.3307	8030.57	6	8552.5699	8552.5699	8049.94	50	8030.57
abs3n25	3	 high	25	3	3	ML	 SP	8687.01	710.31	4556.7	2814	575	192264.0	3699.9873	0.313846	8721.7995	14.8545	8687.01	15	8657.01	8647.13	9417.7917	44	8687.01
abs3n30	3	 high	30	2	3	ML	 SP	10180.48	987.08	6131.4	1802	1713	204549.0	3111.3113	0.307419	10289.862	28.8975	10180.48	16	10634.48	10606.5599	10382.9032	50	10180.48
abs3n30	3	 high	30	3	3	ML	 SP	10329.31	1054.51	6139.8	1772	1641	204549.0	3472.2853	0.307419	10392.0252	32.5966	10329.31	18	10607.31	10590.3099	10807.9525	46	10329.31
abs3n30	3	 high	30	4	3	ML	 SP	10360.67	1045.27	6140.4	2482	867	204549.0	3834.0225	0.307419	10378.5637	15.8447	10360.67	14	10535.67	10528.67	10387.9159	38	10360.67
abs2n40	3	 high	40	5	2	ML	 SP	10849.74	735.24	5449.5	3706	1336	210923.5	4925.3017	0.303659	10923.8542	65.1777	10849.74	516	11226.74	11226.74	11924.2625	35	10849.74
abs3n35	3	 high	35	2	3	ML	 SP	11357.57	1207.07	7069.5	2004	1393	195931.0	3954.1304	0.313056	11501.084	56.7184	11357.57	8	11673.57	11500.93	11355.8977	47	11363.25
abs3n25	3	 high	25	5	3	ML	 SP	9817.89	699.59	4578.3	4160	463	192264.0	4994.2187	0.313846	9833.6984	13.1566	9817.89	144	9901.89	9891.55	12025.2824	45	9817.89
abs2n50	3	 high	50	3	2	ML	 SP	13340.39	1213.29	7478.1	3750	1329	222732.5	5314.0082	0.298824	13354.4432	4.1899	13340.39	455	13771.39	13763.35	14548.237	31	13349.35
abs3n30	3	 high	30	5	3	ML	 SP	10678.31	1027.71	6159.6	2882	824	204549.0	4195.3782	0.307419	10694.7712	10.6491	10678.31	107	10893.31	10892.31	11435.9909	34	10678.31
abs2n45	3	 high	45	5	2	ML	 SP	12867.71	1052.37	6846.9	4282	970	204224.5	6007.4447	0.29587	12960.9551	53.8633	12877.27	515	13151.27	13079.45	13977.0091	26	12867.71
abs3n35	3	 high	35	3	3	ML	 SP	11935.39	1192.69	7073.7	2714	1062	195931.0	4557.4956	0.313056	12012.2038	34.5247	11935.39	42	12042.39	12042.39	11941.9129	39	11935.39
abs3n35	3	 high	35	4	3	ML	 SP	12497.03	1136.93	7154.1	3390	886	195931.0	5160.8608	0.313056	12544.9037	23.1944	12497.03	39	12568.03	12541.71	13293.2377	41	12497.03
abs3n40	3	 high	40	2	3	ML	 SP	11436.41	1070.45	6905.7	1110	7699	195433.0	3377.0378	0.323659	11932.0878	23.4884	11696.15	35	16785.15	12114.6299	11693.3754	40	11436.41
abs2n50	3	 high	50	4	2	ML	 SP	13888.06	1023.16	7710.9	4318	1035	222732.5	6005.6321	0.298824	13957.4462	50.6881	13888.06	512	14087.06	13998.18	14677.1936	29	13901.7
abs3n40	3	 high	40	3	3	ML	 SP	11664.75	1133.25	6853.5	2082	1860	195433.0	3728.0068	0.323659	11708.7137	25.1738	11664.75	39	11928.75	11921.73	11966.7486	43	11711.75
abs3n35	3	 high	35	5	3	ML	 SP	13099.97	1185.07	7071.9	3994	843	195931.0	5767.9276	0.313056	13130.4384	18.2803	13099.97	78	13093.97	13075.27	13727.3686	38	13112.27
abs3n45	3	 high	45	3	3	ML	 SP	12218.62	1278.02	7764.6	1504	3314	200749.0	3971.9653	0.32087	12668.0718	67.6376	12218.62	24	13860.62	13253.01	12217.0504	34	12534.81
abs2n50	3	 high	50	5	2	ML	 SP	14333.05	1017.75	7758.3	4726	1082	222732.5	6697.072	0.298824	14527.1014	108.3642	14333.05	509	14584.05	14582.0498	16011.564	28	14388.47
abs3n5	3	 high	5	2	3	ML	 SP	3202.7	160.1	828.6	2046	168	100922.0	2260.8544	0.395	3263.1465	43.1531	3202.7	0	3202.7	3202.7	3444.0252	31	3202.7
abs3n5	3	 high	5	3	3	ML	 SP	3828.96	90.76	874.2	2266	573	100922.0	2921.4816	0.395	3898.4131	31.1178	3828.96	0	3803.96	3803.96	4086.0085	35	3828.96
abs3n5	3	 high	5	4	3	ML	 SP	4425.82	59.82	897.0	2592	890	100922.0	3582.1088	0.395	4433.8689	10.9659	4425.82	1	4438.82	4438.82	5469.504	9	4425.82
abs3n45	3	 high	45	2	3	ML	 SP	11987.14	1287.54	7749.6	638	7237	200749.0	3651.1769	0.32087	13188.2673	65.097	11987.14	58	16912.14	13771.45	11987.2465	30	12740.97
abs3n5	3	 high	5	5	3	ML	 SP	4774.01	42.51	910.5	2698	1123	100922.0	4249.9956	0.395	4784.8888	5.7679	4774.01	1	4774.01	4774.01	5890.715	25	4774.01
abs4n10	3	 high	10	2	4	ML	 SP	3926.05	237.05	1575.0	1658	576	112460.5	2150.3969	0.257273	3966.4508	33.7645	3926.05	1	4047.05	3980.05	4586.814	48	3926.05
abs3n45	3	 high	45	4	3	ML	 SP	12399.58	1276.38	7729.2	2302	1633	200749.0	4292.7538	0.32087	12562.6618	59.3293	12399.58	52	12940.58	12927.2	13392.6473	33	12399.58
abs3n40	3	 high	40	4	3	ML	 SP	11679.89	1097.99	6969.9	2150	1753	195433.0	4079.8317	0.323659	11682.9272	2.0032	11679.89	94	11970.89	11959.89	12178.9735	36	11679.89
abs4n10	3	 high	10	3	4	ML	 SP	4566.05	237.05	1575.0	2256	538	112460.5	2732.6353	0.257273	4577.6868	15.0516	4566.05	2	4606.05	4594.05	5795.2143	37	4566.05
abs4n10	3	 high	10	4	4	ML	 SP	5070.65	231.45	1585.2	2376	887	112460.5	3320.5541	0.257273	5075.2541	6.3105	5070.65	4	5079.65	5070.73	5944.4718	29	5070.65
abs4n10	3	 high	10	5	4	ML	 SP	5483.33	227.53	1591.8	3030	665	112460.5	3904.2127	0.257273	5503.29	9.8185	5483.33	3	5514.33	5502.33	6331.1897	38	5483.33
abs4n15	3	 high	15	2	4	ML	 SP	4602.94	261.54	2117.4	1862	606	125072.0	2174.917	0.251875	4755.7872	70.7395	4602.94	4	4846.94	4844.08	5249.7503	39	4602.94
abs4n15	3	 high	15	3	4	ML	 SP	4886.68	261.88	2116.8	2058	580	125072.0	2609.8008	0.251875	4929.2411	39.2713	4886.68	9	5016.68	5014.68	5306.6162	38	4886.68
abs4n15	3	 high	15	4	4	ML	 SP	5226.32	293.02	2076.3	2480	424	125072.0	3047.1141	0.251875	5230.2074	6.0271	5226.32	14	5273.32	5270.94	6236.4625	38	5226.32
abs3n45	3	 high	45	5	3	ML	 SP	12805.7	1273.98	7736.4	2894	1081	200749.0	4615.3444	0.32087	12860.3188	31.4314	12820.38	82	12985.38	12976.18	13139.8562	32	12805.7
abs4n20	3	 high	20	2	4	ML	 SP	6338.84	409.94	2793.9	2220	1147	182400.0	3092.0003	0.27	6356.3486	15.1611	6338.84	19	6570.84	6548.42	6954.045	50	6338.84
abs4n20	3	 high	20	3	4	ML	 SP	6892.96	452.66	2760.3	2728	1124	182400.0	3766.4694	0.27	6931.0186	25.7777	6892.96	44	7064.96	7035.88	7478.4358	37	6892.96
abs3n50	3	 high	50	2	3	ML	 SP	12498.8	1142.3	7849.5	2136	1783	210041.0	4027.4361	0.32098	12564.517	42.8626	12498.8	107	12910.8	12903.8	12920.9147	33	12523.8
abs4n15	3	 high	15	5	4	ML	 SP	5626.24	292.74	2074.5	2961	339	125072.0	3485.2409	0.251875	5630.9353	4.1899	5626.24	65	5669.24	5667.64	6451.3073	34	5626.24
abs4n25	3	 high	25	2	4	ML	 SP	7327.85	546.85	3951.0	1520	2078	175022.5	2839.6303	0.270769	7433.3665	125.5438	7327.85	16	8096.85	8093.19	8089.3088	40	7327.85
abs4n25	3	 high	25	3	4	ML	 SP	7660.14	570.94	3925.2	2178	1345	175022.5	3263.1905	0.270769	7701.0777	21.5795	7660.14	17	8019.14	8019.14	8266.6116	44	7660.14
abs4n30	3	 high	30	2	4	ML	 SP	8408.17	621.47	4679.7	1851	1933	173807.0	3128.4744	0.268387	8525.629	48.299	8408.17	23	9086.1699	9060.1	8998.9401	41	8433.92
abs4n25	3	 high	25	4	4	ML	 SP	8054.94	588.14	3899.4	2366	1371	175022.5	3686.7506	0.270769	8086.2279	11.8553	8065.54	67	8224.54	8210.86	8694.6047	33	8054.94
abs4n25	3	 high	25	5	4	ML	 SP	8248.16	442.26	4023.9	3128	753	175022.5	4113.4483	0.270769	8252.1938	9.6837	8248.16	74	8347.16	8346.96	9116.2595	32	8248.96
abs4n20	3	 high	20	5	4	ML	 SP	8038.35	422.75	2790.6	3984	870	182400.0	5118.1145	0.27	8042.8596	1.9695	8038.35	167	8067.35	8059.69	8633.7159	27	8038.71
abs3n40	3	 high	40	5	3	ML	 SP	11861.65	1095.75	6969.9	2538	1655	195433.0	4431.0146	0.323659	11906.3257	20.2705	11861.65	327	12258.65	12249.65	12725.1553	37	11911.65
abs4n20	3	 high	20	4	4	ML	 SP	7602.42	476.92	2716.5	3990	470	182400.0	4441.8402	0.27	7621.861	15.4657	7602.42	185	7653.42	7653.42	8080.7182	42	7602.42
abs4n30	3	 high	30	3	4	ML	 SP	8687.58	620.58	4698.0	2392	1499	173807.0	3610.5515	0.268387	8713.0019	21.4262	8687.58	35	9209.58	9177.66	9558.3288	43	8690.32
abs4n35	3	 high	35	2	4	ML	 SP	8573.28	734.28	5190.0	1768	1657	176871.0	3418.5741	0.2725	8645.812	60.3882	8573.28	22	9349.28	9349.28	9779.4027	49	8573.28
abs3n50	3	 high	50	3	3	ML	 SP	13149.8	1142.3	7849.5	3048	1372	210041.0	4548.6541	0.32098	13232.3059	50.5481	13149.8	328	13411.8	13411.7999	14116.1273	34	13310.39
abs4n35	3	 high	35	3	4	ML	 SP	9228.76	736.36	5189.4	2470	1079	176871.0	3927.3531	0.2725	9269.6186	42.6539	9228.76	25	9474.76	9468.12	10145.613	43	9228.76
abs4n40	3	 high	40	2	4	ML	 SP	10186.21	811.41	5713.8	2162	2930	205643.5	3514.9719	0.277805	10520.5777	205.0676	10186.21	41	11618.2099	11606.9599	10339.8462	35	10186.21
abs4n40	3	 high	40	3	4	ML	 SP	10196.02	905.62	5582.4	2606	1981	205643.5	3934.2391	0.277805	10423.5497	46.949	10196.02	51	11075.02	11052.53	10507.0658	30	10196.02
abs4n40	3	 high	40	4	4	ML	 SP	10516.86	762.71	5751.3	2880	1511	205643.5	4354.4238	0.277805	10543.83	8.7587	10534.01	61	10905.01	10897.04	11141.0422	29	10520.66
abs4n30	3	 high	30	4	4	ML	 SP	9067.28	580.88	4736.4	2600	1557	173807.0	4092.6287	0.268387	9126.9925	22.1651	9067.28	202	9474.28	9450.1	9432.7622	36	9091.62
abs4n35	3	 high	35	5	4	ML	 SP	10027.02	717.22	5227.8	3362	1160	176871.0	4948.8917	0.2725	10100.1146	21.7808	10027.02	159	10467.02	10204.68	10027.1493	37	10040.88
abs3n50	3	 high	50	4	3	ML	 SP	13580.17	1211.97	7804.2	3592	1148	210041.0	5070.9603	0.32098	13682.5335	62.521	13580.17	509	13756.17	13702.16	14813.9277	31	13639.16
abs4n45	3	 high	45	2	4	ML	 SP	11371.09	931.69	7079.4	2126	1931	207204.5	4419.6183	0.278261	11460.0595	28.2763	11371.09	58	12068.09	12039.09	12429.2107	42	11450.49
abs3n50	3	 high	50	5	3	ML	 SP	13980.1	907.4	8027.7	3946	1332	210041.0	5593.812	0.32098	14123.7445	80.2371	13980.1	513	14213.1	14148.17	15089.8212	28	14001.71
abs4n35	3	 high	35	4	4	ML	 SP	9747.16	796.42	5103.3	3160	953	176871.0	4437.3883	0.2725	9827.7795	18.9367	9798.72	230	10012.72	10004.64	10525.6206	39	9747.16
abs4n40	3	 high	40	5	4	ML	 SP	10582.89	770.99	5817.9	2870	1466	205643.5	4773.3852	0.277805	10585.7403	1.8445	10582.89	150	10924.89	10921.17	11380.4442	35	10582.89
abs4n5	3	 high	5	2	4	ML	 SP	2143.15	62.65	427.5	1166	505	43736.5	1441.4231	0.258333	2154.4552	10.3663	2143.15	0	2162.15	2144.55	2414.0509	23	2143.15
abs4n5	3	 high	5	3	4	ML	 SP	2716.17	65.27	423.9	2034	193	43736.5	2007.3983	0.258333	2716.3276	0.609	2716.17	1	2716.17	2716.17	3242.2155	17	2716.17
abs4n5	3	 high	5	4	4	ML	 SP	3052.35	69.75	414.6	2306	262	43736.5	2560.7963	0.258333	3057.6803	3.6077	3052.35	1	3052.35	3052.35	3387.4824	31	3052.35
abs4n5	3	 high	5	5	4	ML	 SP	3742.31	59.21	428.1	3190	65	43736.5	3152.1632	0.258333	3749.5178	4.17	3742.31	1	3742.31	3742.31	2164.341	41	3742.31
abs5n10	3	 high	10	2	5	ML	 SP	4113.44	311.74	1952.7	1118	942	94256.0	2032.3667	0.374545	4244.848	69.867	4113.44	2	4324.44	4261.41	4887.0165	49	4113.44
abs5n10	3	 high	10	3	5	ML	 SP	4407.1	270.3	1984.8	1556	596	94256.0	2426.35	0.374545	4416.6	5.3666	4407.1	4	4407.1	4407.1	5094.501	34	4407.1
abs5n10	3	 high	10	4	5	ML	 SP	4802.44	311.74	1952.7	1922	633	94256.0	2820.3333	0.374545	4816.5793	11.9899	4802.44	24	4820.44	4807.51	5173.2625	30	4802.44
abs5n10	3	 high	10	5	5	ML	 SP	4954.12	313.02	1958.1	2242	441	94256.0	3214.3167	0.374545	4962.5803	4.0495	4954.12	22	4954.12	4954.12	6126.6639	35	4954.12
abs4n45	3	 high	45	3	4	ML	 SP	11885.45	931.45	7080.0	2826	1572	207204.5	5016.9732	0.278261	12065.9138	41.7575	11885.45	105	12409.45	12392.3	12864.3548	34	12051.3
abs5n15	3	 high	15	2	5	ML	 SP	4522.03	284.83	1930.2	1632	937	118284.0	2314.979	0.37375	4686.9861	105.1921	4522.03	8	4784.03	4784.03	5072.8695	49	4522.03
abs4n50	3	 high	50	3	4	ML	 SP	14018.93	1359.23	8721.9	2968	1620	222896.5	5962.7945	0.281765	14121.9384	31.2746	14057.13	68	14669.13	14666.19	15717.7518	31	14018.93
abs5n15	3	 high	15	3	5	ML	 SP	5090.03	284.83	1930.2	2060	849	118284.0	2857.1535	0.37375	5129.0079	27.8988	5090.03	26	5125.03	5125.03	5398.2887	38	5090.03
abs4n50	3	 high	50	2	4	ML	 SP	13406.37	1358.45	8721.3	2082	1947	222896.5	5324.5226	0.281765	13470.3283	34.0006	13420.75	98	14109.7499	14109.7499	14329.183	36	13406.37
abs5n20	3	 high	20	2	5	ML	 SP	7003.41	629.01	3515.4	2192	957	172582.0	3734.3134	0.352857	7115.2773	38.0554	7003.41	8	7293.41	7273.39	7751.6756	44	7003.41
abs4n50	3	 high	50	4	4	ML	 SP	14867.09	1361.59	8722.5	3836	1208	222896.5	6601.3806	0.281765	14881.4525	12.8632	14867.09	73	15128.09	15127.09	15538.8816	32	14868.09
abs5n20	3	 high	20	3	5	ML	 SP	7719.23	629.83	3515.4	3060	461	172582.0	4446.8302	0.352857	7739.8636	15.3675	7719.23	9	7666.23	7665.13	8024.9674	50	7719.23
abs5n25	3	 high	25	2	5	ML	 SP	8625.75	863.45	5034.3	1876	1055	165277.0	4556.5325	0.334615	8702.1928	36.3234	8625.75	14	8828.75	8765.53	9462.7478	50	8625.75
abs5n15	3	 high	15	4	5	ML	 SP	5538.37	281.77	1935.6	2490	847	118284.0	3399.328	0.37375	5551.5976	11.756	5538.37	121	5554.37	5527.37	6367.2706	29	5538.37
abs5n25	3	 high	25	3	5	ML	 SP	9334.45	865.75	5033.7	2862	607	165277.0	5179.562	0.334615	9375.086	16.3412	9334.45	12	9368.45	9353.93	10041.0487	50	9334.45
abs5n20	3	 high	20	4	5	ML	 SP	8336.19	628.59	3516.6	3670	495	172582.0	5162.638	0.352857	8343.4007	4.3876	8336.19	19	8311.19	8310.55	9011.8245	41	8336.19
abs4n30	3	 high	30	5	4	ML	 SP	9472.45	541.05	4767.9	3194	1350	173807.0	4575.6958	0.268387	9595.3677	73.0985	9475.95	538	9852.95	9845.79	9776.2944	36	9635.3
abs5n25	3	 high	25	4	5	ML	 SP	9796.39	859.69	5042.7	3254	718	165277.0	5804.1849	0.334615	9824.1217	20.5536	9796.39	23	9874.39	9874.39	10407.2852	41	9796.39
abs4n45	3	 high	45	4	4	ML	 SP	12676.58	956.08	6988.5	3800	1063	207204.5	5614.6792	0.278261	12701.0806	21.4258	12676.58	297	12807.58	12798.48	14018.678	32	12685.88
abs5n30	3	 high	30	3	5	ML	 SP	8574.69	673.88	4977.0	2116	940	154354.0	3500.5122	0.33129	8708.5998	21.8558	8680.88	33	8706.88	8706.88	9187.9666	45	8574.69
abs5n30	3	 high	30	2	5	ML	 SP	8131.69	801.89	4873.8	1588	1065	154354.0	3081.7503	0.33129	8208.4844	54.075	8131.69	44	8328.69	8328.69	9022.7734	50	8131.69
abs5n15	3	 high	15	5	5	ML	 SP	6088.0	273.1	1950.9	3104	756	118284.0	3941.5025	0.37375	6099.829	9.8172	6088.0	240	6084.0	6084.0	6383.1328	29	6098.0
abs5n30	3	 high	30	4	5	ML	 SP	9007.11	661.96	4977.9	2588	818	154354.0	3918.1806	0.33129	9012.7687	1.0566	9011.86	59	9045.86	9045.86	9711.195	39	9007.11
abs5n35	3	 high	35	2	5	ML	 SP	9060.31	844.51	5410.8	1826	1443	186176.0	3451.7337	0.319167	9128.0651	29.5319	9060.31	7	9525.31	9491.49	9661.3934	45	9060.31
abs5n25	3	 high	25	5	5	ML	 SP	10489.39	840.69	5063.7	4000	636	165277.0	6432.0015	0.334615	10522.4494	21.2701	10489.39	134	10540.39	10530.39	11726.1339	36	10489.39
abs5n35	3	 high	35	3	5	ML	 SP	9515.05	843.25	5410.8	2398	1128	186176.0	3927.8606	0.319167	9550.6474	36.7779	9515.05	35	9780.05	9761.35	10137.4969	47	9519.05
abs5n20	3	 high	20	5	5	ML	 SP	9058.23	627.43	3517.8	4470	437	172582.0	5880.1008	0.352857	9074.7895	10.8503	9058.23	246	9052.23	9051.2299	9672.2056	38	9072.23
abs5n40	3	 high	40	2	5	ML	 SP	11130.07	1032.07	6804.0	2064	1709	180550.5	4081.7446	0.318049	11183.5742	31.6648	11130.07	21	11610.0699	11598.43	11498.8271	38	11130.07
abs5n35	3	 high	35	4	5	ML	 SP	9983.13	844.13	5412.0	3068	805	186176.0	4405.4895	0.319167	10030.3488	37.7591	9983.13	81	10129.13	10129.11	11140.3792	33	10018.71
abs4n45	3	 high	45	5	4	ML	 SP	13029.45	931.45	7080.0	4088	1091	207204.5	6210.982	0.278261	13243.7491	93.8082	13035.45	514	13190.45	13190.45	14059.8091	32	13230.26
abs5n35	3	 high	35	5	5	ML	 SP	10325.29	845.37	5412.6	3212	1002	186176.0	4882.9317	0.319167	10381.0557	14.2795	10355.97	120	10471.97	10469.97	11270.0625	35	10325.29
abs5n45	3	 high	45	2	5	ML	 SP	11049.42	1028.1	7142.1	1820	2442	163754.0	3986.162	0.312826	11462.9631	24.0825	11431.2	37	12433.2	12430.2	11779.1293	35	11049.42
abs5n40	3	 high	40	3	5	ML	 SP	11324.5	972.2	6858.3	2596	1383	180550.5	4555.7894	0.318049	11331.483	5.4373	11324.5	115	11809.5	11807.6	11925.6608	40	11326.5
abs5n45	3	 high	45	3	5	ML	 SP	11690.6	998.59	7156.8	2500	1473	163754.0	4333.3872	0.312826	11733.1255	16.1126	11706.39	43	12129.3899	12116.5799	13152.1229	31	11690.6
abs4n50	3	 high	50	5	4	ML	 SP	15488.61	1051.81	8965.8	4432	1226	222896.5	7238.7109	0.281765	15593.2582	49.4571	15488.61	512	15675.61	15669.57	16400.7294	29	15503.57
abs5n5	3	 high	5	2	5	ML	 SP	2023.74	95.74	837.0	992	115	33031.0	1490.3771	0.391667	2086.3156	25.9722	2023.74	0	2039.74	2039.74	2045.3856	32	2023.74
abs5n5	3	 high	5	3	5	ML	 SP	2313.88	66.58	861.3	1172	230	33031.0	1779.4735	0.391667	2340.0429	19.2329	2313.88	0	2329.88	2315.04	2331.6263	28	2313.88
abs5n5	3	 high	5	4	5	ML	 SP	2475.88	66.58	861.3	1450	98	33031.0	2080.2575	0.391667	2511.1788	21.1513	2475.88	0	2475.88	2475.88	2640.2606	49	2475.88
abs5n5	3	 high	5	5	5	ML	 SP	2808.11	76.81	852.3	1370	509	33031.0	2365.1429	0.391667	2818.7879	5.6217	2808.11	1	2808.11	2808.11	2737.9286	34	2808.11
abs1n10	3	 low	10	2	1	ML	 SP	2186.79	31.85	194.94	1592	414	102097.5	1187.2466	0.029091	2235.822	37.8255	2186.79	1	2232.79	2232.79	3731.5897	35	2186.79
abs5n45	3	 high	45	4	5	ML	 SP	11675.92	1111.12	7075.8	2326	1586	163754.0	4681.204	0.312826	11696.3659	13.4647	11675.92	86	12098.92	12097.62	12509.9855	32	11675.92
abs1n10	3	 low	10	3	1	ML	 SP	2656.21	31.01	196.2	1820	631	102097.5	1706.5729	0.029091	2674.1587	14.2865	2656.21	4	2678.21	2668.2099	3247.3064	38	2656.21
abs1n10	3	 low	10	4	1	ML	 SP	3185.54	21.55	204.99	2794	165	102097.5	2222.6331	0.029091	3190.1583	5.8944	3185.54	12	3185.54	3185.54	4020.5436	24	3185.54
abs5n30	3	 high	30	5	5	ML	 SP	9299.91	793.71	4891.2	2916	790	154354.0	4337.3069	0.33129	9304.66	3.3292	9299.91	378	9390.91	9389.91	9753.0334	28	9302.91
abs1n15	3	 low	15	2	1	ML	 SP	2203.37	36.03	251.34	1098	1191	125773.0	975.2506	0.026875	2254.7484	31.2534	2203.37	2	2576.37	2576.37	2829.4718	50	2203.37
abs1n15	3	 low	15	3	1	ML	 SP	2656.08	31.51	255.57	1852	631	125773.0	1364.1919	0.026875	2709.7089	23.204	2656.08	5	2770.08	2745.08	2878.3812	38	2656.08
abs5n45	3	 high	45	5	5	ML	 SP	11965.99	1070.69	7116.3	2816	991	163754.0	5028.2321	0.312826	12040.28	4.6822	12031.99	97	11994.99	11992.88	12358.9044	30	11965.99
abs1n15	3	 low	15	4	1	ML	 SP	3004.89	36.43	251.46	2164	597	125773.0	1757.5447	0.026875	3006.9173	2.1765	3004.89	27	3048.89	3048.89	3919.4492	33	3004.89
abs1n20	3	 low	20	2	1	ML	 SP	2726.02	45.27	336.75	1664	1145	143179.5	1250.6026	0.027619	2884.1051	63.063	2726.02	7	3191.02	3191.02	3698.2167	39	2726.02
abs1n10	3	 low	10	5	1	ML	 SP	3652.38	20.92	206.46	3210	215	102097.5	2745.7758	0.029091	3653.1	0.56	3652.38	72	3652.38	3652.38	3891.3004	32	3652.38
abs5n50	3	 high	50	2	5	ML	 SP	12916.31	1203.02	8321.1	2116	1826	202575.0	5063.2031	0.312157	12939.2838	4.6584	12933.12	132	13466.12	13456.32	13590.4073	37	12916.31
abs1n15	3	 low	15	5	1	ML	 SP	3456.33	39.92	247.41	2632	567	125773.0	2149.6419	0.026875	3460.3672	3.4122	3456.33	49	3486.33	3486.3299	3814.0814	29	3456.33
abs1n20	3	 low	20	3	1	ML	 SP	3401.02	45.33	336.69	2342	975	143179.5	1810.5913	0.027619	3515.2764	42.6272	3401.02	25	3699.02	3656.78	4152.9577	39	3401.02
abs1n25	3	 low	25	2	1	ML	 SP	3669.72	60.36	384.36	2324	1200	188676.5	985.9046	0.028462	3672.6267	3.0845	3669.72	22	3969.72	3967.0899	3733.669	36	3669.72
abs1n20	3	 low	20	5	1	ML	 SP	4283.78	42.35	338.43	3366	631	143179.5	2939.0028	0.027619	4297.9522	10.8505	4283.78	68	4377.78	4377.78	5206.0974	36	4283.78
abs1n25	3	 low	25	3	1	ML	 SP	3327.69	51.72	398.97	1992	1390	188676.5	1402.462	0.028462	3635.3131	139.1909	3327.69	29	3833.69	3804.5599	3767.1088	45	3327.69
abs5n50	3	 high	50	3	5	ML	 SP	13480.12	1203.02	8321.1	3118	1112	202575.0	5696.8847	0.312157	13516.65	23.5779	13480.12	200	13754.12	13748.12	14272.5875	35	13508.12
abs1n30	3	 low	30	3	1	ML	 SP	4063.6	97.06	621.54	2688	731	201361.0	1829.6505	0.027742	4083.7189	8.9134	4063.6	9	4137.6	4118.88	4714.8289	38	4063.6
abs1n30	3	 low	30	2	1	ML	 SP	3565.6	97.06	621.54	1813	1671	201361.0	1300.887	0.027742	3992.2983	255.5887	3565.6	12	4204.6	4199.72	4372.3353	48	3565.6
abs1n25	3	 low	25	4	1	ML	 SP	3669.49	51.52	398.97	2500	999	188676.5	1819.0193	0.028462	3760.2946	58.6118	3669.49	91	3949.49	3907.39	4635.7193	35	3669.49
abs1n20	3	 low	20	4	1	ML	 SP	3989.66	54.44	324.96	3064	686	143179.5	2375.4974	0.027619	4070.4093	18.2049	4034.4	163	4129.4	4112.48	4695.2348	40	3989.66
abs1n25	3	 low	25	5	1	ML	 SP	3895.91	50.8	400.11	2890	691	188676.5	2234.4717	0.028462	3935.4111	28.1184	3895.91	74	4031.91	4029.73	4862.8685	38	3895.91
abs1n30	3	 low	30	4	1	ML	 SP	4404.5141	92.26	629.94	3036	761	201361.0	2359.8993	0.027742	4417.9356	7.4142	4406.2	51	4519.2	4517.04	5871.8219	36	4404.5141
abs5n40	3	 high	40	4	5	ML	 SP	11610.97	1061.27	6803.7	2780	1454	180550.5	5030.1229	0.318049	11884.6913	168.3354	11611.97	519	12099.97	12096.8	12162.0468	33	11646.71
abs5n40	3	 high	40	5	5	ML	 SP	11972.35	1050.49	6831.9	3256	1260	180550.5	5503.3023	0.318049	12019.3315	28.9534	11981.39	518	12398.39	12385.35	12603.3653	40	12107.63
abs1n35	3	 low	35	2	1	ML	 SP	3613.75	89.62	602.13	1745	2018	188912.5	1136.4753	0.0275	3644.804	27.1864	3613.75	21	4455.75	4443.3099	4368.2353	40	3613.75
abs1n35	3	 low	35	3	1	ML	 SP	3912.27	86.82	609.45	2130	2207	188912.5	1585.283	0.0275	4131.0808	104.4178	3912.27	46	5033.27	4564.43	3914.6647	37	4023.15
abs1n35	3	 low	35	4	1	ML	 SP	4488.09	84.38	610.71	2890	1097	188912.5	2035.3897	0.0275	4507.7678	11.6722	4488.09	58	4682.09	4682.09	5173.9886	37	4488.09
abs1n40	3	 low	40	2	1	ML	 SP	3746.92	112.57	685.35	1956	1939	198950.0	1326.9378	0.028293	3881.3127	36.0892	3746.92	34	4692.92	4623.08	3746.8765	41	3815.08
abs1n40	3	 low	40	3	1	ML	 SP	4308.36	111.03	687.33	2360	2207	198950.0	1856.1717	0.028293	4345.3292	13.4677	4308.36	10	5365.36	4654.14	4308.2825	37	4329.14
abs1n45	3	 low	45	2	1	ML	 SP	3794.63	110.53	737.1	1842	1565	205188.5	1293.4143	0.028696	3942.3865	57.8429	3794.63	20	4254.63	4245.63	4940.1051	34	3794.63
abs5n50	3	 high	50	4	5	ML	 SP	13996.08	1202.78	8322.3	3404	1425	202575.0	6331.8261	0.312157	14035.3779	42.1091	13999.08	512	14354.08	14354.08	14898.9332	30	14227.39
abs1n35	3	 low	35	5	1	ML	 SP	4655.09	79.74	616.35	3126	1039	188912.5	2483.7099	0.0275	4665.5471	7.465	4655.09	162	4861.09	4860.09	5641.0166	35	4661.09
abs1n40	3	 low	40	4	1	ML	 SP	4776.52	108.63	691.89	3208	1089	198950.0	2386.7557	0.028293	4950.4766	109.5365	4776.52	109	5097.52	5084.56	4810.3549	35	4799.3
abs5n50	3	 high	50	5	5	ML	 SP	14572.44	1202.74	8321.7	4096	1296	202575.0	6965.035	0.312157	14675.7177	27.4351	14575.44	509	14916.44	14907.9099	15425.6984	28	14572.44
abs1n5	3	 low	5	2	1	ML	 SP	1373.41	9.88	61.53	902	400	72215.0	479.37	0.025	1405.6796	17.5294	1373.41	0	1373.41	1373.41	1599.8379	48	1373.41
abs1n5	3	 low	5	3	1	ML	 SP	1407.59	10.12	61.47	902	434	72215.0	694.245	0.025	1420.0813	11.6888	1407.59	0	1407.59	1407.59	1981.5169	30	1407.59
abs1n5	3	 low	5	4	1	ML	 SP	1578.65	11.74	59.91	816	690	72215.0	909.12	0.025	1579.4442	0.4826	1578.65	0	1578.65	1578.65	2401.1595	36	1578.65
abs1n5	3	 low	5	5	1	ML	 SP	1708.51	7.97	63.54	1342	295	72215.0	1135.3042	0.025	1709.09	0.4438	1708.51	0	1708.51	1708.51	2109.0673	31	1708.51
abs2n10	3	 low	10	2	2	ML	 SP	2681.62	23.45	166.17	2024	598	155639.0	1392.5241	0.032727	2754.4398	63.9246	2681.62	0	2811.62	2811.62	3382.2863	43	2681.62
abs2n10	3	 low	10	3	2	ML	 SP	3383.62	23.45	166.17	2754	537	155639.0	2057.4212	0.032727	3393.0728	7.9596	3383.62	5	3480.62	3480.62	3973.6804	39	3383.62
abs1n45	3	 low	45	4	1	ML	 SP	4712.21	110.89	737.22	2972	1241	205188.5	2304.3158	0.028696	4811.567	27.5555	4795.11	94	5061.11	5058.67	6481.9489	33	4712.21
abs1n45	3	 low	45	3	1	ML	 SP	4288.87	110.77	737.1	2356	1615	205188.5	1798.2814	0.028696	4497.9237	56.7617	4288.87	122	4818.87	4801.13	5396.012	32	4291.87
abs2n15	3	 low	15	2	2	ML	 SP	2438.37	36.01	240.36	1506	923	127623.5	1004.6626	0.03125	2474.0938	23.5846	2438.37	4	2705.37	2702.37	3484.1507	42	2438.37
abs2n10	3	 low	10	5	2	ML	 SP	4641.34	23.09	167.25	3824	627	155639.0	3391.2944	0.032727	4641.4856	0.4195	4641.34	52	4641.34	4641.34	5224.6542	27	4641.34
abs2n15	3	 low	15	3	2	ML	 SP	2665.57	35.91	240.66	1924	646	127623.5	1459.7289	0.03125	2681.4864	16.63	2665.57	7	2846.57	2813.57	3755.436	45	2665.57
abs2n10	3	 low	10	4	2	ML	 SP	4072.62	23.45	166.17	3398	582	155639.0	2722.3182	0.032727	4073.2541	0.7233	4072.62	82	4169.62	4169.62	4519.3487	27	4072.62
abs2n15	3	 low	15	4	2	ML	 SP	3162.37	32.89	243.48	2438	448	127623.5	1917.1051	0.03125	3175.2997	12.7865	3162.37	15	3162.37	3162.37	4547.957	33	3162.37
abs1n50	3	 low	50	2	1	ML	 SP	4388.27	112.15	759.12	2298	1889	185596.0	1692.8225	0.02902	4413.6644	22.4924	4388.27	110	5058.27	5049.9699	4717.6887	32	4436.97
abs1n50	3	 low	50	3	1	ML	 SP	5026.25	112.19	759.06	3220	951	185596.0	2394.3258	0.02902	5030.7158	2.9601	5026.25	104	5042.25	5042.25	6969.0369	31	5026.25
abs2n20	3	 low	20	2	2	ML	 SP	2768.45	44.77	337.68	1744	981	149622.5	757.9948	0.03	2791.6688	23.1086	2768.45	5	3108.45	3093.9299	2991.824	43	2768.45
abs2n20	3	 low	20	3	2	ML	 SP	2814.36	50.92	334.44	1592	1087	149622.5	1073.2612	0.03	2887.8967	55.9027	2814.36	10	3064.36	3032.36	3252.5657	43	2814.36
abs2n20	3	 low	20	4	2	ML	 SP	2948.14	51.3	333.84	1960	732	149622.5	1387.3196	0.03	2962.7971	12.2569	2948.14	9	3077.14	3077.14	3379.8476	35	2948.14
abs2n15	3	 low	15	5	2	ML	 SP	3741.33	36.03	240.3	2712	710	127623.5	2371.4014	0.03125	3742.6241	5.2543	3741.33	63	3698.33	3698.33	4538.3041	34	3741.33
abs2n25	3	 low	25	2	2	ML	 SP	3358.01	56.08	420.93	1657	1440	176786.0	1287.0804	0.031538	3413.2776	27.3519	3358.01	17	3575.01	3575.01	3865.6318	45	3358.01
abs1n30	3	 low	30	5	1	ML	 SP	5005.44	95.98	626.46	3572	746	201361.0	2887.1775	0.027742	5011.1716	5.4494	5005.44	476	5040.44	5040.44	5219.8781	38	5006.44
abs2n25	3	 low	25	3	2	ML	 SP	3720.05	56.06	420.99	2390	930	176786.0	1851.8341	0.031538	3750.3743	19.8408	3720.05	22	3797.05	3782.21	5000.656	46	3721.21
abs2n20	3	 low	20	5	2	ML	 SP	3205.57	39.13	343.44	2318	589	149622.5	1706.0162	0.03	3211.7664	8.0525	3205.57	29	3290.57	3289.5699	3687.8761	28	3205.57
abs1n45	3	 low	45	5	1	ML	 SP	5215.67	110.45	737.22	3626	939	205188.5	2809.4748	0.028696	5248.8545	27.5855	5229.67	326	5412.67	5411.67	6252.6088	31	5215.67
abs2n30	3	 low	30	2	2	ML	 SP	3718.9	87.56	539.34	1990	1971	179408.0	1110.5597	0.029677	3865.2814	131.2575	3718.9	24	4587.9	4550.71	3904.5403	42	3718.9
abs2n30	3	 low	30	3	2	ML	 SP	3987.05	68.31	562.74	2398	1396	179408.0	1559.8515	0.029677	4050.2028	42.0818	3987.05	44	4425.05	4425.05	5613.0287	43	3987.05
abs2n25	3	 low	25	4	2	ML	 SP	4362.45	56.52	420.93	2934	999	176786.0	2414.9508	0.031538	4389.7222	17.6828	4362.45	78	4410.45	4405.09	4817.0075	36	4414.97
abs2n25	3	 low	25	5	2	ML	 SP	4804.48	70.16	406.32	3600	767	176786.0	2982.9824	0.031538	4837.3263	40.2449	4804.48	112	4843.48	4843.48	5495.1746	35	4804.48
abs2n35	3	 low	35	2	2	ML	 SP	4401.03	78.22	495.81	2734	1581	205402.5	1151.4841	0.03	4418.1633	14.3319	4401.03	22	4889.03	4878.0299	4652.1709	36	4401.03
abs1n40	3	 low	40	5	1	ML	 SP	5374.45	86.47	715.98	3728	996	198950.0	2917.1718	0.028293	5417.7862	42.3098	5374.45	518	5526.45	5440.1799	5521.3287	31	5392.75
abs2n35	3	 low	35	3	2	ML	 SP	4076.44	73.38	504.06	2490	1427	205402.5	1630.3561	0.03	4145.5824	51.6191	4076.44	37	4494.44	4494.4399	5809.5473	37	4076.44
abs1n50	3	 low	50	4	1	ML	 SP	5610.89	112.15	759.12	4264	462	185596.0	3096.9849	0.02902	5629.218	6.6459	5623.27	387	5597.27	5596.2699	7309.3272	30	5610.89
abs2n40	3	 low	40	2	2	ML	 SP	4215.88	82.56	538.32	2154	2631	210923.5	1270.9291	0.030488	4324.8537	215.3582	4215.88	35	5405.88	5398.88	4556.2033	35	4222.46
abs2n30	3	 low	30	4	2	ML	 SP	4190.6	78.62	556.98	2526	1409	179408.0	2009.4752	0.029677	4234.6366	21.7852	4190.6	178	4570.6	4551.6	4857.1831	35	4219.71
abs2n35	3	 low	35	4	2	ML	 SP	4437.42	78.1	499.32	2974	1205	205402.5	2110.6971	0.03	4440.2247	5.0017	4437.42	112	4756.42	4748.4199	5152.3827	34	4437.42
abs2n40	3	 low	40	3	2	ML	 SP	4461.23	91.23	530.88	2502	2105	210923.5	1803.6287	0.030488	4526.202	15.4564	4499.11	71	5230.11	5213.77	5065.1197	35	4461.23
abs2n45	3	 low	45	2	2	ML	 SP	3935.7	104.79	686.91	1794	2789	204224.5	1501.7059	0.029783	4002.8353	26.6612	3935.7	15	5374.7	4688.04	3935.8536	34	3984.34
abs1n50	3	 low	50	5	1	ML	 SP	6298.25	112.19	759.06	4747	669	185596.0	3798.1031	0.02902	6354.4052	36.4726	6299.25	512	6288.25	6288.25	7732.0396	29	6319.25
abs2n45	3	 low	45	3	2	ML	 SP	4520.32	102.21	691.11	2948	1317	204224.5	2119.4338	0.029783	4551.1019	26.8333	4520.32	92	5058.32	5058.32	5500.4279	31	4520.32
abs2n45	3	 low	45	4	2	ML	 SP	5071.94	104.43	687.51	3706	773	204224.5	2739.8931	0.029783	5093.2856	16.1091	5071.94	83	5271.94	5269.58	5564.5728	32	5079.06
abs2n5	3	 low	5	2	2	ML	 SP	1155.91	6.64	60.27	706	383	49384.5	613.5054	0.028333	1203.1552	26.5626	1155.91	0	1155.91	1155.91	1510.0561	33	1155.91
abs2n5	3	 low	5	3	2	ML	 SP	1561.07	7.12	58.95	1200	295	49384.5	905.0306	0.028333	1567.036	6.4141	1561.07	1	1561.07	1561.07	1616.9134	35	1561.07
abs2n5	3	 low	5	4	2	ML	 SP	1791.03	6.63	59.4	1496	229	49384.5	1204.0308	0.028333	1791.8255	0.3879	1791.03	0	1791.03	1791.03	2334.1653	22	1791.03
abs2n5	3	 low	5	5	2	ML	 SP	1997.96	5.33	60.63	1670	262	49384.5	1505.5757	0.028333	1998.9144	0.5188	1997.96	0	1997.96	1997.96	2081.5802	32	1997.96
abs3n10	3	 low	10	2	3	ML	 SP	2158.5	27.0	151.5	832	1356	118325.5	891.0067	0.032727	2282.5644	72.9428	2158.5	1	2366.5	2292.4998	2159.3739	27	2158.5
abs3n10	3	 low	10	3	3	ML	 SP	2550.18	20.83	157.35	1352	1151	118325.5	1305.1437	0.032727	2649.4097	50.7246	2550.18	6	2681.18	2638.7	2933.083	35	2550.18
abs3n10	3	 low	10	4	3	ML	 SP	2902.36	27.28	151.08	1838	886	118325.5	1727.7784	0.032727	2910.5232	10.7995	2902.36	7	2902.36	2902.36	3427.3154	25	2902.36
abs3n10	3	 low	10	5	3	ML	 SP	3294.46	17.62	159.84	2028	1073	118325.5	2141.9029	0.032727	3294.6208	0.2367	3294.46	41	3278.46	3278.46	3759.617	25	3294.46
abs2n40	3	 low	40	4	2	ML	 SP	4831.51	87.72	533.79	3050	1718	210923.5	2336.3282	0.030488	4837.5589	6.504	4831.51	313	5389.51	5388.51	5249.2466	27	4831.51
abs3n15	3	 low	15	2	3	ML	 SP	2691.71	45.91	271.8	1540	961	184494.0	1039.2101	0.033125	2731.47	15.3811	2691.71	11	2818.71	2818.71	2691.2146	50	2691.71
abs3n15	3	 low	15	3	3	ML	 SP	2964.27	43.23	275.04	1858	835	184494.0	1506.2701	0.033125	2980.442	17.7176	2964.27	4	3011.27	3005.51	3670.529	40	2964.27
abs2n35	3	 low	35	5	2	ML	 SP	4945.85	78.34	498.51	3468	1065	205402.5	2588.1002	0.03	4949.7243	4.3521	4945.85	423	5109.85	5107.3299	5565.7351	28	4948.33
abs3n15	3	 low	15	4	3	ML	 SP	3650.09	51.99	266.1	2076	1240	184494.0	1976.2862	0.033125	3660.746	8.7559	3650.09	31	3634.09	3630.93	3733.8819	35	3650.09
abs2n30	3	 low	30	5	2	ML	 SP	4660.36	74.3	561.06	3186	1100	179408.0	2456.9442	0.029677	4817.649	73.4991	4660.36	522	4921.36	4884.95	5259.7052	31	4740.95
abs2n50	3	 low	50	2	2	ML	 SP	4628.81	103.16	775.65	2360	2095	222732.5	1675.1621	0.030196	4671.1245	31.2454	4628.81	237	5333.81	5333.8097	5463.9345	31	4628.81
abs3n20	3	 low	20	2	3	ML	 SP	3105.94	49.75	344.19	1760	1213	173451.0	937.2029	0.030476	3182.7945	56.3012	3105.94	3	3367.94	3305.94	3826.3806	44	3105.94
abs3n15	3	 low	15	5	3	ML	 SP	3982.39	43.17	275.22	2844	820	184494.0	2442.2362	0.033125	4028.9417	4.0672	4021.39	47	3982.39	3982.39	4152.8041	29	3982.39
abs3n20	3	 low	20	4	3	ML	 SP	3508.79	57.46	339.33	2390	771	173451.0	1744.0258	0.030476	3509.8376	1.011	3508.79	15	3558.79	3553.79	4250.1437	42	3508.79
abs3n20	3	 low	20	3	3	ML	 SP	2928.09	56.86	340.23	1712	1089	173451.0	1340.6144	0.030476	2985.4996	34.6558	2928.09	28	3198.09	3164.09	3840.7554	50	2928.09
abs3n25	3	 low	25	3	3	ML	 SP	3889.87	73.2	455.67	2728	898	192264.0	2111.0373	0.031923	3983.1338	14.1739	3889.87	8	4154.87	3903.43	3890.7124	48	3947.87
abs3n25	3	 low	25	2	3	ML	 SP	3292.91	72.24	455.67	1955	1408	192264.0	1466.2082	0.031923	3395.5152	53.0737	3292.91	4	3892.91	3814.91	3293.1827	50	3292.91
abs3n20	3	 low	20	5	3	ML	 SP	3779.13	56.78	340.35	2716	677	173451.0	2148.7513	0.030476	3787.7106	11.8512	3779.13	25	3790.13	3790.13	3879.0867	31	3779.13
abs3n25	3	 low	25	4	3	ML	 SP	4450.83	73.04	455.79	3541	413	192264.0	2758.3043	0.031923	4464.2391	10.2306	4450.83	25	4484.83	4484.83	5096.6966	44	4450.83
abs3n30	3	 low	30	2	3	ML	 SP	3370.56	106.52	614.04	1110	3923	204549.0	961.5713	0.030968	3866.0995	25.1047	3370.56	8	5753.56	4190.4299	3372.5513	42	3766.57
abs3n30	3	 low	30	3	3	ML	 SP	3575.6	103.66	617.94	1354	2795	204549.0	1322.5453	0.030968	3900.5505	36.2442	3575.6	17	4870.6	4117.5	3577.6756	42	3856.5
abs2n40	3	 low	40	5	2	ML	 SP	5284.3	70.27	549.03	3706	1335	210923.5	2870.0017	0.030488	5394.1353	80.6193	5284.3	518	5661.2999	5661.2999	5781.7221	32	5288.15
abs3n30	3	 low	30	4	3	ML	 SP	3895.5	103.58	616.92	2482	894	204549.0	1684.2825	0.030968	3915.89	20.346	3895.5	20	4096.5	4063.5	4361.2314	41	3895.5
abs3n35	3	 low	35	2	3	ML	 SP	3929.64	115.27	707.37	2004	1274	195931.0	1481.4704	0.031111	4063.6909	53.4613	3929.64	7	4100.64	4070.9	4879.3896	44	3929.64
abs3n25	3	 low	25	5	3	ML	 SP	5068.49	71.66	457.83	4160	463	192264.0	3405.2687	0.031923	5076.7476	8.3456	5068.49	150	5152.49	5152.17	7144.278	33	5069.01
abs3n35	3	 low	35	3	3	ML	 SP	4494.52	111.55	713.97	2714	1062	195931.0	2084.8356	0.031111	4571.2395	32.2729	4494.52	33	4601.52	4601.52	5513.7487	43	4494.52
abs2n45	3	 low	45	5	2	ML	 SP	5769.46	104.91	686.55	4464	712	204224.5	3356.6447	0.029783	5856.7855	36.0335	5769.46	513	5968.46	5968.46	6620.7344	33	5769.46
abs3n30	3	 low	30	5	3	ML	 SP	4211.96	101.28	619.68	2870	845	204549.0	2045.6382	0.030968	4228.9411	10.2251	4211.96	126	4435.96	4425.96	4215.0125	38	4211.96
abs3n35	3	 low	35	4	3	ML	 SP	5033.2	111.79	715.41	3390	887	195931.0	2688.2008	0.031111	5080.4157	25.8632	5033.2	40	5104.2	5084.28	5081.3882	37	5033.2
abs2n50	3	 low	50	3	2	ML	 SP	5467.88	103.9	775.98	3494	1601	222732.5	2365.3082	0.030196	5517.4447	16.488	5467.88	513	5974.88	5928.6398	6572.9454	30	5511.64
abs3n40	3	 low	40	2	3	ML	 SP	4259.32	112.48	690.84	1430	4860	195433.0	969.4478	0.032439	4741.9463	4.4766	4259.32	33	7093.32	4950.2599	4258.2454	41	4736.22
abs2n50	3	 low	50	4	2	ML	 SP	5923.81	103.39	771.42	4318	954	222732.5	3056.9321	0.030196	6073.7728	59.0901	5927.81	511	6147.81	6147.81	6809.7815	30	5941.81
abs3n40	3	 low	40	3	3	ML	 SP	4477.66	105.33	696.81	2080	1852	195433.0	1320.4168	0.032439	4530.4415	6.5354	4519.14	30	4735.14	4729.02	5437.0016	41	4477.66
abs2n50	3	 low	50	5	2	ML	 SP	6430.48	103.32	776.16	4750	1054	222732.5	3748.372	0.030196	6554.6496	73.4768	6463.48	510	6683.48	6683.48	8207.243	27	6430.48
abs3n40	3	 low	40	4	3	ML	 SP	4420.0	111.01	696.99	2146	1746	195433.0	1672.2417	0.032439	4422.78	2.1262	4420.0	58	4700.0	4700.0	4930.5994	31	4420.0
abs3n45	3	 low	45	2	3	ML	 SP	3839.14	126.22	775.92	548	7976	200749.0	942.5369	0.032174	5103.7977	49.6093	3839.14	67	9426.14	5712.7299	3838.5243	31	5061.73
abs3n45	3	 low	45	4	3	ML	 SP	4320.94	123.96	778.86	2422	1461	200749.0	1584.1138	0.032174	4482.8614	39.3638	4419.82	54	4785.82	4785.82	4855.4029	28	4320.94
abs3n5	3	 low	5	2	3	ML	 SP	2313.33	16.47	82.86	1350	864	100922.0	1415.2144	0.04	2383.7968	43.3716	2313.33	0	2313.33	2313.33	2566.0552	37	2313.33
abs3n35	3	 low	35	5	3	ML	 SP	5665.68	115.19	707.49	3994	843	195931.0	3295.2676	0.031111	5697.7857	18.5689	5665.68	171	5659.68	5641.58	6198.0926	35	5678.58
abs3n5	3	 low	5	3	3	ML	 SP	2960.75	9.33	87.42	2266	573	100922.0	2075.8416	0.04	3015.8332	28.9264	2960.75	0	2935.75	2935.75	3458.8954	34	2960.75
abs3n45	3	 low	45	3	3	ML	 SP	4156.1	129.18	772.2	1730	2545	200749.0	1263.3253	0.032174	4525.4636	52.385	4418.38	70	5177.38	5163.3299	4478.9286	33	4156.1
abs3n5	3	 low	5	4	3	ML	 SP	3564.78	6.08	89.7	3288	194	100922.0	2736.4688	0.04	3567.7919	1.4944	3564.78	1	3577.78	3577.78	4579.714	36	3564.78
abs3n5	3	 low	5	5	3	ML	 SP	3916.33	4.28	91.05	3394	427	100922.0	3404.3556	0.04	3917.748	0.7842	3916.33	1	3916.33	3916.33	5004.435	25	3916.33
abs3n45	3	 low	45	5	3	ML	 SP	4712.0	126.1	774.9	2894	1058	200749.0	1906.7044	0.032174	4753.7506	29.8605	4712.0	42	4853.0	4853.0	5246.0101	34	4712.0
abs4n10	3	 low	10	2	4	ML	 SP	2296.82	25.32	157.5	1602	566	112460.5	1287.7169	0.026364	2340.1	35.8461	2296.82	1	2350.82	2350.82	2899.6929	50	2296.82
abs4n10	3	 low	10	3	4	ML	 SP	2936.82	19.38	163.44	2256	537	112460.5	1869.9553	0.026364	2942.7533	9.9894	2936.82	3	2976.82	2964.82	4164.3743	30	2936.82
abs4n10	3	 low	10	4	4	ML	 SP	3437.18	18.66	164.52	2540	714	112460.5	2457.8741	0.026364	3440.2834	6.9197	3437.18	4	3437.18	3437.18	4364.7341	29	3437.18
abs4n10	3	 low	10	5	4	ML	 SP	3847.38	24.2	159.18	3030	665	112460.5	3041.5327	0.026364	3865.7671	9.1567	3847.38	3	3878.38	3866.38	4927.7903	31	3866.38
abs4n15	3	 low	15	2	4	ML	 SP	2461.97	26.23	211.74	1862	606	125072.0	1035.037	0.02625	2617.5859	79.9397	2461.97	4	2705.97	2705.97	3178.2819	39	2461.97
abs4n15	3	 low	15	3	4	ML	 SP	2745.95	26.27	211.68	2058	580	125072.0	1469.9208	0.02625	2751.8118	4.3568	2745.95	8	2875.95	2873.95	3191.0962	34	2745.95
abs4n15	3	 low	15	4	4	ML	 SP	3095.19	29.56	207.63	2480	422	125072.0	1907.2341	0.02625	3101.5641	5.8095	3095.19	14	3139.19	3129.97	4121.7725	34	3095.19
abs4n20	3	 low	20	2	4	ML	 SP	3450.29	40.02	282.27	2350	995	182400.0	1564.4603	0.027619	3466.1759	9.9898	3450.29	16	3667.29	3658.29	3829.964	39	3450.29
abs3n50	3	 low	50	2	3	ML	 SP	4405.66	113.71	784.95	2194	1725	210041.0	1340.9361	0.032157	4469.7823	44.8198	4405.66	111	4817.66	4810.6599	5223.4058	35	4430.66
abs4n20	3	 low	20	3	4	ML	 SP	4001.37	45.34	276.03	2728	1124	182400.0	2238.9294	0.027619	4035.0634	23.2784	4001.37	44	4173.37	4149.7699	4608.0365	38	4005.37
abs4n15	3	 low	15	5	4	ML	 SP	3495.54	29.09	207.45	3125	176	125072.0	2345.3609	0.02625	3498.9067	2.2475	3495.54	64	3538.54	3535.44	4331.6173	36	3495.54
abs4n25	3	 low	25	2	4	ML	 SP	3281.62	56.58	395.04	1520	2078	175022.5	1000.3903	0.027308	3376.6382	119.7912	3281.62	13	4050.62	4042.9299	3824.8585	44	3281.62
abs4n25	3	 low	25	3	4	ML	 SP	3615.38	55.56	395.82	2178	1345	175022.5	1423.9505	0.027308	3652.2344	18.6444	3615.38	23	3974.38	3974.38	5103.1849	41	3615.38
abs4n30	3	 low	30	2	4	ML	 SP	3545.86	59.62	474.24	1734	2043	173807.0	1144.5144	0.027419	3734.6839	66.8672	3545.86	31	4311.86	4288.21	4125.5984	38	3546.14
abs4n20	3	 low	20	4	4	ML	 SP	4728.23	47.58	271.65	3730	733	182400.0	2914.3002	0.027619	4745.5758	12.7651	4728.23	147	4782.23	4779.23	5151.6646	38	4728.23
abs3n40	3	 low	40	5	3	ML	 SP	4603.84	110.85	696.99	2538	1655	195433.0	2023.4246	0.032439	4648.0686	20.7692	4603.84	327	5000.84	4991.84	5950.3329	35	4622.32
abs4n25	3	 low	25	4	4	ML	 SP	4007.31	55.0	398.31	2366	1341	175022.5	1847.5106	0.027308	4019.4529	11.3794	4007.31	72	4160.31	4144.31	4613.9472	42	4008.31
abs4n30	3	 low	30	3	4	ML	 SP	3901.82	63.0	470.82	2392	1482	173807.0	1626.5915	0.027419	3924.9505	19.9153	3901.82	41	4407.82	4392.48	5613.1538	42	3903.02
abs4n20	3	 low	20	5	4	ML	 SP	5144.09	41.89	279.06	3984	869	182400.0	3590.5745	0.027619	5151.9629	3.209	5145.95	216	5174.95	5167.84	6658.4117	34	5144.09
abs4n25	3	 low	25	5	4	ML	 SP	4230.86	45.12	403.74	3128	753	175022.5	2274.2083	0.027308	4236.5611	8.8965	4230.86	151	4329.86	4329.86	5171.5469	38	4230.86
abs4n35	3	 low	35	2	4	ML	 SP	3244.27	76.27	519.0	1768	1657	176871.0	1218.7941	0.028056	3302.2367	49.172	3244.27	14	4020.27	4020.27	4161.5384	48	3244.27
abs3n50	3	 low	50	3	3	ML	 SP	5056.66	113.71	784.95	3048	1372	210041.0	1862.1541	0.032157	5136.3873	50.4023	5056.66	303	5318.66	5318.66	6571.4293	33	5166.66
abs4n35	3	 low	35	3	4	ML	 SP	3891.85	75.91	518.94	2470	1076	176871.0	1727.5731	0.028056	3919.431	28.3922	3891.85	26	4140.85	4133.19	4579.0067	40	3891.85
abs4n40	3	 low	40	2	4	ML	 SP	4316.72	82.96	572.76	2162	2931	205643.5	1062.4119	0.028537	4451.1467	135.548	4316.72	31	5748.72	5748.72	4421.9494	33	4316.72
abs4n40	3	 low	40	3	4	ML	 SP	3762.09	79.6	581.49	1904	2655	205643.5	1481.6791	0.028537	4398.6236	312.825	3762.09	49	5220.09	5186.09	4756.7197	33	3874.09
abs4n40	3	 low	40	4	4	ML	 SP	4296.57	79.99	576.81	2870	1518	205643.5	1901.8638	0.028537	4676.8667	14.614	4648.8	64	5045.8	5038.52	5086.4422	33	4296.57
abs4n30	3	 low	30	4	4	ML	 SP	4283.71	59.66	475.32	2582	1564	173807.0	2108.6687	0.027419	4335.8251	12.4255	4326.98	211	4680.98	4658.16	4789.6164	37	4283.71
abs4n35	3	 low	35	5	4	ML	 SP	4729.11	74.47	521.64	3458	824	176871.0	2749.1117	0.028056	4762.3755	25.6414	4729.11	195	4878.11	4870.73	5605.5878	33	4755.73
abs3n50	3	 low	50	4	3	ML	 SP	5498.26	113.41	785.85	3574	1225	210041.0	2384.4603	0.032157	5619.1467	83.1654	5498.26	510	5698.26	5616.8899	6849.2917	27	5534.89
abs3n50	3	 low	50	5	3	ML	 SP	5850.82	113.63	785.19	3646	1572	210041.0	2907.312	0.032157	6072.8719	145.7076	5850.82	510	6116.82	6116.82	6716.2567	26	5968.23
abs4n45	3	 low	45	2	4	ML	 SP	4165.42	97.48	707.94	2126	1931	207204.5	1462.4883	0.028696	4253.5672	31.5166	4165.42	76	4862.42	4833.4199	5121.3074	39	4238.42
abs4n35	3	 low	35	4	4	ML	 SP	4428.61	75.47	520.14	2996	1115	176871.0	2237.6083	0.028056	4507.1347	25.456	4428.61	258	4706.61	4702.27	5252.4295	38	4519.75
abs4n5	3	 low	5	2	4	ML	 SP	1701.71	5.96	42.75	1388	284	43736.5	1153.2731	0.025	1718.6403	20.0099	1701.71	0	1720.71	1701.85	1976.1009	36	1701.71
abs4n5	3	 low	5	3	4	ML	 SP	2275.59	6.2	42.39	1802	425	43736.5	1719.2483	0.025	2275.6643	0.1376	2275.59	0	2275.59	2275.59	2808.7355	21	2275.59
abs4n5	3	 low	5	4	4	ML	 SP	2616.0	6.54	41.46	2306	262	43736.5	2272.6463	0.025	2616.6667	0.4557	2616.0	1	2616.0	2616.0	2940.6124	33	2616.0
abs4n5	3	 low	5	5	4	ML	 SP	3303.42	6.54	41.88	2682	573	43736.5	2864.0132	0.025	3304.6716	0.6445	3303.42	1	3303.42	3303.42	1716.931	44	3303.42
abs4n40	3	 low	40	5	4	ML	 SP	4650.885	79.24	581.79	2870	1464	205643.5	2320.8252	0.028537	4657.3014	1.7566	4655.03	186	4995.03	4992.19	5408.6628	37	4650.885
abs5n10	3	 low	10	2	5	ML	 SP	2076.4	32.91	194.49	1118	942	94256.0	934.3667	0.038182	2191.5489	68.2457	2076.4	2	2287.4	2222.52	2075.5989	38	2076.4
abs5n10	3	 low	10	3	5	ML	 SP	2378.33	27.85	198.48	1666	486	94256.0	1328.35	0.038182	2387.2771	5.162	2378.33	4	2378.33	2378.33	2842.25	34	2378.33
abs4n45	3	 low	45	3	4	ML	 SP	4679.46	97.46	708.0	2826	1572	207204.5	2059.8432	0.028696	4725.2812	26.0124	4679.46	114	5203.46	5203.46	5601.9767	34	4679.46
abs5n10	3	 low	10	5	5	ML	 SP	2911.11	32.3	195.81	2006	677	94256.0	2116.3167	0.038182	2915.9462	3.1317	2911.11	16	2911.11	2911.11	3494.8397	21	2911.11
abs5n10	3	 low	10	4	5	ML	 SP	2765.4	32.13	195.27	1900	655	94256.0	1722.3333	0.038182	2777.3369	7.2858	2765.4	27	2783.4	2776.63	3497.4979	26	2765.4
abs5n15	3	 low	15	2	5	ML	 SP	2529.78	29.76	193.02	1632	937	118284.0	1229.129	0.038125	2688.1718	100.7882	2529.78	12	2791.78	2791.78	3975.1427	33	2529.78
abs5n15	3	 low	15	3	5	ML	 SP	3097.78	29.76	193.02	2060	849	118284.0	1771.3035	0.038125	3132.6731	23.495	3097.78	33	3132.78	3132.78	3501.2685	35	3097.78
abs4n50	3	 low	50	3	4	ML	 SP	4987.86	139.67	872.19	2968	1620	222896.5	2251.2845	0.029216	5050.3156	34.3953	4987.86	110	5599.86	5599.86	6003.4427	32	4987.86
abs5n20	3	 low	20	2	5	ML	 SP	3273.17	61.79	352.38	2192	957	172582.0	1696.7134	0.035714	3385.2368	36.4404	3273.17	11	3563.17	3543.15	4232.016	50	3273.17
abs5n20	3	 low	20	3	5	ML	 SP	3988.11	61.91	352.2	3060	461	172582.0	2409.2302	0.035714	4006.2584	15.7741	3988.11	9	3935.11	3934.89	4537.3824	38	3988.11
abs4n50	3	 low	50	4	4	ML	 SP	5796.1	140.85	872.25	3836	1208	222896.5	2889.8706	0.029216	5812.12	12.7769	5796.1	152	6057.1	6056.1	6782.569	32	5797.1
abs4n30	3	 low	30	5	4	ML	 SP	4685.81	74.75	459.81	3164	1378	173807.0	2591.7358	0.027419	4868.2286	63.5893	4751.56	527	5076.56	5036.22	5373.436	36	4746.56
abs5n15	3	 low	15	4	5	ML	 SP	3543.96	29.4	193.56	2766	565	118284.0	2313.478	0.038125	3556.7471	10.3507	3543.96	131	3553.96	3532.96	4098.593	34	3543.96
abs5n20	3	 low	20	4	5	ML	 SP	4605.11	61.97	352.14	3669	496	172582.0	3125.038	0.035714	4610.393	3.5366	4605.11	22	4580.11	4580.11	5651.8205	40	4605.11
abs5n25	3	 low	25	2	5	ML	 SP	3305.08	84.85	505.23	1792	2047	165277.0	1636.9325	0.033462	3394.8448	37.1348	3305.08	3	4429.08	3457.02	3302.0531	50	3317.1
abs4n50	3	 low	50	2	4	ML	 SP	4352.84	139.71	872.13	2082	1947	222896.5	1613.0126	0.029216	4407.6827	34.2748	4352.84	211	5041.8399	5041.8399	5295.3251	37	4352.84
abs5n25	3	 low	25	3	5	ML	 SP	4024.64	84.35	505.29	2861	606	165277.0	2259.962	0.033462	4063.9084	16.8901	4024.64	8	4058.64	4044.12	4433.0347	43	4024.64
abs5n25	3	 low	25	4	5	ML	 SP	4484.8	82.03	508.77	3254	718	165277.0	2884.5849	0.033462	4512.4905	20.3032	4484.8	21	4562.8	4562.8	5212.5811	42	4484.8
abs5n30	3	 low	30	2	5	ML	 SP	3024.35	80.97	487.38	1588	1065	154354.0	1023.5403	0.032903	3092.03	48.8312	3024.35	11	3221.35	3219.35	3034.7835	37	3024.35
abs5n30	3	 low	30	3	5	ML	 SP	3463.09	79.49	489.6	2038	1013	154354.0	1442.3022	0.032903	3579.0829	75.2469	3463.09	37	3620.09	3620.09	4201.7344	35	3463.09
abs4n45	3	 low	45	4	4	ML	 SP	5342.5	101.28	704.22	3372	1475	207204.5	2657.5492	0.028696	5528.6768	54.2096	5380.5	443	5652.5	5645.15	6234.4902	28	5387.88
abs5n25	3	 low	25	5	5	ML	 SP	5175.0	83.63	506.37	4000	636	165277.0	3512.4015	0.033462	5212.0813	22.7544	5175.0	142	5226.0	5216.0	5641.1802	31	5175.0
abs5n15	3	 low	15	5	5	ML	 SP	4087.47	28.38	195.09	3104	755	118284.0	2855.6525	0.038125	4097.0	6.987	4087.47	326	4083.47	4083.47	4545.5187	26	4087.47
abs5n35	3	 low	35	2	5	ML	 SP	3383.56	84.48	541.08	1306	4015	186176.0	1160.5437	0.031389	3495.2184	28.6528	3383.56	8	5946.56	3859.52	3397.3174	38	3429.98
abs5n20	3	 low	20	5	5	ML	 SP	5327.59	60.95	353.64	4470	437	172582.0	3842.5008	0.035714	5344.8341	12.3203	5327.59	208	5321.59	5320.5899	6116.9451	34	5341.59
abs5n35	3	 low	35	3	5	ML	 SP	3880.54	82.06	543.48	2398	1098	186176.0	1636.6706	0.031389	3923.0961	38.9522	3880.54	22	4121.54	4121.54	4950.1653	41	3880.54
abs5n30	3	 low	30	4	5	ML	 SP	3936.25	65.44	498.81	2550	856	154354.0	1859.9706	0.032903	3937.3742	1.5195	3936.25	172	3970.25	3970.25	4202.9841	38	3936.25
abs4n45	3	 low	45	5	4	ML	 SP	5823.46	97.46	708.0	4088	1091	207204.5	3253.852	0.028696	5970.2139	106.054	5829.46	514	5984.46	5984.46	6647.8615	31	6056.35
abs5n35	3	 low	35	4	5	ML	 SP	4351.48	83.2	542.28	3068	804	186176.0	2114.2995	0.031389	4397.959	36.6534	4351.48	63	4497.48	4496.4	5422.8942	41	4422.4
abs5n40	3	 low	40	2	5	ML	 SP	4070.19	99.99	682.2	2064	1715	180550.5	1208.4346	0.03122	4108.904	21.0553	4070.19	20	4561.19	4537.47	4155.2059	40	4074.63
abs4n50	3	 low	50	5	4	ML	 SP	6457.12	137.07	877.65	4432	1218	222896.5	3527.2009	0.029216	6537.0783	55.5114	6458.72	512	6664.72	6597.24	7199.6456	27	6457.12
abs5n35	3	 low	35	5	5	ML	 SP	4692.52	84.26	541.26	3306	911	186176.0	2591.7417	0.031389	4745.4594	19.2564	4692.52	101	4842.52	4837.5199	5445.9449	33	4693.0
abs5n30	3	 low	30	5	5	ML	 SP	4183.93	81.49	487.44	2916	790	154354.0	2279.0969	0.032903	4189.0863	5.0039	4183.93	270	4274.93	4273.93	4674.1362	32	4249.95
abs5n45	3	 low	45	2	5	ML	 SP	4074.29	99.24	715.05	1820	2443	163754.0	969.302	0.031087	4080.9352	4.6563	4074.29	44	5077.29	5074.1899	4499.3476	31	4075.19
abs5n45	3	 low	45	3	5	ML	 SP	4359.59	100.38	714.21	2500	1444	163754.0	1316.5272	0.031087	4387.1341	14.6194	4359.59	48	4758.59	4758.09	4391.0521	34	4362.73
abs5n5	3	 low	5	2	5	ML	 SP	1184.74	10.04	83.7	992	115	33031.0	673.8971	0.04	1233.1011	20.5919	1184.74	0	1200.74	1200.74	1185.7056	19	1184.74
abs5n5	3	 low	5	3	5	ML	 SP	1478.29	9.32	83.97	1172	213	33031.0	962.9935	0.04	1499.029	19.0989	1478.29	1	1478.29	1478.29	1481.8263	29	1478.29
abs5n5	3	 low	5	4	5	ML	 SP	1640.93	6.8	86.13	1450	98	33031.0	1263.7775	0.04	1661.6776	19.473	1640.93	0	1640.93	1640.93	3920.2552	50	1640.93
abs5n5	3	 low	5	5	5	ML	 SP	1972.04	8.95	84.09	1370	508	33031.0	1548.6629	0.04	1973.4606	0.6965	1972.04	1	1972.04	1972.04	1699.828	34	1972.04
abs5n40	3	 low	40	3	5	ML	 SP	4270.31	92.55	689.76	2596	1382	180550.5	1682.4794	0.03122	4279.5874	5.2545	4270.31	159	4760.31	4760.31	4935.3267	35	4270.31
abs5n45	3	 low	45	5	5	ML	 SP	4591.08	115.29	700.35	2816	982	163754.0	2011.3721	0.031087	4662.4986	2.6246	4659.64	78	4613.64	4613.64	5156.0491	28	4591.08
abs5n45	3	 low	45	4	5	ML	 SP	4289.03	106.51	710.52	2326	1578	163754.0	1664.344	0.031087	4299.4894	6.6498	4289.03	95	4721.03	4720.93	4631.3628	31	4289.93
abs1n10	6	 high	10	2	1	ML	 SP	9300.75	660.35	3428.4	4196	1097	102097.5	5737.1793	0.308182	9320.419	18.1187	9300.75	48	9381.75	9379.27	10356.9798	20	9300.75
abs1n15	6	 high	15	2	1	ML	 SP	11810.1	917.5	5391.6	3772	2147	125773.0	6086.6182	0.285	11869.26	17.4599	11810.1	37	12228.1	12217.05	12755.383	21	11856.1
abs5n50	3	 low	50	2	5	ML	 SP	4296.31	120.2	832.11	2026	1917	202575.0	1583.6831	0.03098	4360.413	16.8307	4296.31	136	4895.31	4883.5098	5053.7564	33	4296.31
abs1n15	6	 high	15	3	1	ML	 SP	12597.45	907.25	5434.2	4598	1829	125773.0	7193.2248	0.285	12603.6793	3.884	12597.45	63	12768.45	12768.37	14615.1129	15	12598.61
abs5n50	3	 low	50	3	5	ML	 SP	4908.11	120.0	832.11	3118	1111	202575.0	2217.3647	0.03098	4935.8612	20.6995	4908.11	223	5182.11	5176.11	5756.3451	33	4936.11
abs1n20	6	 high	20	2	1	ML	 SP	14370.89	1172.99	6585.9	4660	2751	143179.5	6745.1339	0.287619	14385.7206	14.4448	14370.89	32	15169.89	15168.45	15431.3941	17	14370.89
abs5n40	3	 low	40	4	5	ML	 SP	4527.95	103.9	680.37	2780	1454	180550.5	2156.8129	0.03122	4721.1351	86.2383	4531.27	518	5019.27	5019.27	5088.2897	34	4546.79
abs5n40	3	 low	40	5	5	ML	 SP	4821.61	102.22	684.39	2986	1561	180550.5	2629.9923	0.03122	4921.4021	62.979	4821.61	518	5334.61	5292.09	6169.4458	33	4896.09
abs5n50	3	 low	50	4	5	ML	 SP	5423.51	120.28	832.23	3494	1334	202575.0	2852.3061	0.03098	5448.8303	22.3312	5426.51	509	5781.51	5781.51	6461.9591	32	5614.11
abs5n50	3	 low	50	5	5	ML	 SP	6003.15	120.1	832.17	4062	1372	202575.0	3485.515	0.03098	6087.7785	32.5397	6029.27	512	6386.27	6338.15	6982.9626	27	6003.15
abs1n10	6	 high	10	3	1	ML	 SP	10743.07	588.77	3510.3	4746	1910	102097.5	7377.269	0.308182	10758.5208	17.0826	10743.07	574	10755.07	10747.0	11853.8041	13	10755.44
abs1n10	6	 high	10	4	1	ML	 SP	12089.9	690.9	3420.0	6840	1139	102097.5	9032.4747	0.308182	12093.9087	7.4716	12089.9	569	12089.9	12089.9	13409.1406	15	12118.31
abs1n10	6	 high	10	5	1	ML	 SP	13432.36	644.87	3449.4	8740	637	102097.5	10657.4483	0.308182	13478.0986	8.1	13472.27	550	13472.27	13472.27	15521.2778	14	13448.36
abs1n25	6	 high	25	2	1	ML	 SP	15212.42	1285.62	6790.8	3148	7807	188676.5	6020.2757	0.294615	15435.3347	10.7605	15212.42	47	19031.42	15790.58	15214.4707	15	15424.58
abs1n15	6	 high	15	4	1	ML	 SP	13381.92	1045.22	5270.7	5488	1730	125773.0	8294.9565	0.285	13383.4627	1.9724	13381.92	531	13533.92	13533.92	14054.225	15	13472.13
abs1n30	6	 high	30	2	1	ML	 SP	21686.69	2139.52	11832.0	5602	3012	201361.0	8118.7117	0.285484	21796.5845	5.5755	21787.52	57	22585.52	22577.18	22670.6846	20	21686.69
abs1n15	6	 high	15	5	1	ML	 SP	14391.28	963.21	5382.9	5966	2116	125773.0	9399.1256	0.285	14433.105	6.5118	14424.11	530	14428.11	14426.06	15552.8639	12	14391.28
abs1n20	6	 high	20	3	1	ML	 SP	15751.87	1166.23	6609.9	6140	2292	143179.5	8407.5509	0.287619	15777.5311	40.6957	15754.13	528	16208.13	16208.13	16373.5896	14	15751.87
abs1n25	6	 high	25	3	1	ML	 SP	15779.15	1129.55	6921.6	6084	1968	188676.5	7246.9435	0.294615	15797.8212	7.8204	15779.15	295	16103.15	16086.09	16106.1647	16	15802.09
abs1n20	6	 high	20	4	1	ML	 SP	17315.59	1123.59	6621.0	7752	1948	143179.5	10078.0379	0.287619	17326.2292	10.2819	17315.59	528	17445.59	17437.83	18684.9049	13	17320.93
abs1n20	6	 high	20	5	1	ML	 SP	18711.99	1168.51	6622.2	9227	1692	143179.5	11732.3848	0.287619	18750.9592	20.5609	18736.71	527	18710.71	18710.71	20050.9797	13	18766.31
abs1n30	6	 high	30	3	1	ML	 SP	22928.14	1907.18	12091.5	7316	2028	201361.0	9794.8456	0.285484	22946.9525	8.2828	22931.68	421	23342.68	23339.25	23982.8249	16	22951.25
abs1n25	6	 high	25	4	1	ML	 SP	16574.36	1173.18	6906.6	6932	1734	188676.5	8479.3569	0.294615	16673.1532	23.8333	16643.78	525	16746.78	16741.02	17071.0859	14	16662.77
abs1n25	6	 high	25	5	1	ML	 SP	17516.59	1204.39	6859.2	8450	1061	188676.5	9700.2792	0.294615	17558.6677	29.5259	17516.59	523	17574.59	17573.59	19625.2929	13	17520.67
abs1n40	6	 high	40	2	1	ML	 SP	25331.76	2558.26	13879.5	6640	2981	198950.0	8940.4511	0.291707	25384.1388	29.5629	25331.76	216	26058.76	26057.49	25866.5053	17	25331.76
abs1n30	6	 high	30	4	1	ML	 SP	24438.89	2248.23	11825.7	8876	1721	201361.0	11479.487	0.285484	24468.9525	17.3995	24454.93	520	24670.93	24585.04	25979.5693	12	24465.12
abs1n30	6	 high	30	5	1	ML	 SP	26052.87	1989.74	12063.3	10244	1864	201361.0	13158.6587	0.285484	26158.9885	17.247	26128.04	523	26161.04	26161.04	27517.6255	13	26236.12
abs1n35	6	 high	35	3	1	ML	 SP	22577.45	2162.55	11538.9	6606	2899	188912.5	8930.8054	0.285833	22582.7833	6.7683	22577.45	403	23206.45	23206.45	23591.1912	15	22832.59
abs1n35	6	 high	35	2	1	ML	 SP	22008.5	1974.9	11745.6	5546	3609	188912.5	7527.4534	0.285833	22009.3575	0.6429	22008.5	520	22875.5	22875.5	22329.2095	16	22154.18
abs1n35	6	 high	35	4	1	ML	 SP	23849.85	1908.85	11790.0	7944	2308	188912.5	10335.1759	0.285833	23856.6364	8.549	23849.85	517	23950.85	23945.41	24682.3903	11	23991.14
abs1n35	6	 high	35	5	1	ML	 SP	24908.84	1890.84	11865.0	9004	2293	188912.5	11740.5659	0.285833	24954.9108	49.187	24908.84	515	25052.84	25050.2	26268.5252	12	24947.65
abs1n40	6	 high	40	3	1	ML	 SP	26539.03	2559.83	13840.2	8288	2119	198950.0	10651.5766	0.291707	26615.565	51.6793	26539.03	514	26807.03	26807.03	27444.3395	12	26576.87
abs1n40	6	 high	40	4	1	ML	 SP	27477.0	2683.1	13746.9	9178	2131	198950.0	12366.9376	0.291707	27482.2582	8.9141	27478.0	515	27739.0	27739.0	29386.7126	11	27935.13
abs1n5	6	 high	5	2	1	ML	 SP	5973.34	384.64	2096.7	3026	466	72215.0	3761.379	0.265	5973.34	0.0	5973.34	3	5973.34	5973.34	6655.9048	11	5973.34
abs1n40	6	 high	40	5	1	ML	 SP	28942.65	2521.38	13932.6	10846	1877	198950.0	14071.183	0.291707	28979.673	39.8541	28953.98	511	29177.98	29177.98	31108.2087	10	29425.71
abs1n5	6	 high	5	3	1	ML	 SP	6852.36	308.26	2171.1	3400	973	72215.0	4872.9718	0.265	6852.36	0.0	6852.36	10	6852.36	6852.36	8806.24	16	6852.36
abs1n45	6	 high	45	2	1	ML	 SP	24708.89	2575.39	13756.5	5758	3414	205188.5	8616.7386	0.295435	24798.9518	35.8695	24708.89	508	25503.89	25495.39	25533.424	11	25234.01
abs1n5	6	 high	5	4	1	ML	 SP	7711.75	310.55	2167.2	4538	696	72215.0	6015.5473	0.265	7712.2159	0.3547	7711.75	66	7711.75	7711.75	13309.7494	17	7711.75
abs1n45	6	 high	45	3	1	ML	 SP	26166.27	2243.27	14076.0	7588	2555	205188.5	10188.4087	0.295435	26186.7327	31.0666	26169.27	510	26462.27	26462.27	27247.295	11	26535.22
abs1n5	6	 high	5	5	1	ML	 SP	8632.52	328.82	2141.7	5864	298	72215.0	7127.0788	0.265	8632.9317	0.2263	8632.52	46	8632.52	8632.52	13755.0628	24	8632.52
abs2n10	6	 high	10	2	2	ML	 SP	9301.79	407.39	2741.4	4904	1400	155639.0	5268.6744	0.314545	9328.1232	38.9888	9301.79	69	9452.79	9451.4	10081.1797	19	9301.79
abs1n45	6	 high	45	4	1	ML	 SP	27302.1	2440.8	13797.3	8928	2334	205188.5	11757.2773	0.295435	27382.3946	38.3256	27302.1	513	27500.1	27498.88	28809.5825	12	27645.6
abs1n45	6	 high	45	5	1	ML	 SP	28644.25	2381.85	13916.4	10618	1724	205188.5	13336.8935	0.295435	28674.3174	37.8438	28644.25	506	28640.25	28630.21	31376.0677	11	28709.23
abs1n50	6	 high	50	2	1	ML	 SP	28734.86	3016.98	16071.6	7143	2920	185596.0	10612.1853	0.299412	28759.4867	34.8141	28746.58	506	29152.58	29115.58	29580.4545	15	29820.66
abs2n15	6	 high	15	2	2	ML	 SP	11933.37	853.87	5227.5	4656	1346	127623.5	5203.8355	0.3075	11953.7386	14.3921	11933.37	42	12083.37	12081.37	12707.9433	14	11934.37
abs1n50	6	 high	50	3	1	ML	 SP	30158.14	2839.38	16252.8	9330	2005	185596.0	12734.6779	0.299412	30277.0838	54.7627	30192.18	504	30427.18	30427.18	34196.2054	13	32003.34
abs2n20	6	 high	20	2	2	ML	 SP	13905.04	1216.34	6857.7	4530	1573	149622.5	5685.8653	0.294762	13909.8944	3.159	13905.04	41	14178.04	14176.46	15353.9195	18	13905.04
abs1n50	6	 high	50	4	1	ML	 SP	32046.97	3015.97	16116.0	11222	1792	185596.0	14861.4802	0.299412	32116.7157	47.3109	32046.97	503	32145.97	32119.31	34815.8708	14	32964.12
abs2n20	6	 high	20	3	2	ML	 SP	14236.18	1234.28	6873.9	4814	1506	149622.5	6721.538	0.294762	14246.152	7.1352	14236.18	163	14428.18	14426.68	15111.5824	15	14242.22
abs1n50	6	 high	50	5	1	ML	 SP	34131.1	2881.7	16232.4	13376	1610	185596.0	16985.0503	0.299412	34205.99	81.3301	34131.1	504	34100.1	34100.1	35851.7817	14	35023.39
abs2n10	6	 high	10	3	2	ML	 SP	10949.23	441.53	2705.7	6728	1156	155639.0	7172.6316	0.314545	11011.218	57.4582	10949.23	565	11031.23	11031.23	11899.8879	15	11069.0
abs2n25	6	 high	25	2	2	ML	 SP	16299.74	1382.94	7429.8	4610	3476	176786.0	7080.9846	0.312308	16308.7547	5.7353	16299.74	97	16898.74	16898.74	17859.1281	19	16299.74
abs2n10	6	 high	10	4	2	ML	 SP	12719.08	440.68	2690.4	8344	1252	155639.0	9099.9502	0.314545	12724.2946	5.515	12719.08	581	12727.08	12719.0797	14275.1587	13	12796.55
abs2n10	6	 high	10	5	2	ML	 SP	14397.91	442.41	2692.5	9560	1702	155639.0	10966.0119	0.314545	14401.87	6.9021	14397.91	563	14397.91	14397.9098	16937.0669	14	14399.91
abs2n15	6	 high	15	3	2	ML	 SP	12646.5111	988.71	5077.8	5562	1065	127623.5	6460.6433	0.3075	12649.7776	5.2547	12646.5111	547	12694.5111	12684.93	13234.1275	16	12646.93
abs2n15	6	 high	15	4	2	ML	 SP	13557.98	949.48	5170.5	6526	948	127623.5	7725.2573	0.3075	13566.8215	22.1181	13557.98	531	13593.98	13592.98	14499.6554	14	13597.39
abs2n15	6	 high	15	5	2	ML	 SP	14477.29	892.09	5224.2	7464	913	127623.5	8974.2588	0.3075	14480.1233	3.4377	14477.29	530	14493.29	14493.29	15818.3224	15	14477.29
abs2n25	6	 high	25	3	2	ML	 SP	17561.4664	1440.31	7385.7	6882	2066	176786.0	8719.0568	0.312308	17633.5231	19.2384	17624.01	280	17774.01	17773.28	18330.8348	16	17561.4664
abs2n20	6	 high	20	4	2	ML	 SP	14869.69	1279.38	6877.23	5326	1566	149622.5	7757.2106	0.294762	14926.3511	26.987	14887.6036	528	15049.6036	15021.97	16099.2389	16	14935.01
abs2n30	6	 high	30	2	2	ML	 SP	19154.47	1725.77	9914.7	4692	4311	179408.0	6993.3694	0.297097	19349.3656	140.4792	19154.47	127	20644.47	20640.61	20367.9074	18	19154.47
abs2n20	6	 high	20	5	2	ML	 SP	15517.28	1245.68	6939.6	6318	1147	149622.5	8802.2137	0.294762	15540.472	17.9741	15517.28	527	15650.28	15607.64	17218.3022	15	15517.28
abs2n35	6	 high	35	2	2	ML	 SP	20174.53	1805.35	9617.7	6252	3768	205402.5	6942.0017	0.300278	20303.1194	29.2284	20248.05	71	21443.05	21427.11	20262.079	17	20174.53
abs2n40	6	 high	40	2	2	ML	 SP	21213.46	1871.36	10142.7	6498	4138	210923.5	7428.1951	0.303659	21670.71	126.9436	21413.06	248	22650.06	22648.22	21740.692	16	21213.46
abs2n25	6	 high	25	4	2	ML	 SP	18923.61	1418.98	7388.7	8060	2229	176786.0	10364.205	0.312308	18964.5587	29.7915	18937.68	525	19096.68	19017.45	19861.4519	16	18953.51
abs2n25	6	 high	25	5	2	ML	 SP	20422.13	1273.83	7521.3	9588	2059	176786.0	12012.9103	0.312308	20441.3014	18.8096	20422.13	524	20442.13	20442.13	21644.3751	12	20422.13
abs2n30	6	 high	30	3	2	ML	 SP	19977.74	1974.74	9720.0	5762	3395	179408.0	8338.84	0.297097	20237.1164	119.5597	19977.74	521	20851.74	20848.03	21672.4533	16	20128.06
abs2n40	6	 high	40	3	2	ML	 SP	21514.01	1986.51	10075.5	6794	3802	210923.5	8944.8226	0.303659	21516.1889	1.4659	21514.01	305	22658.01	22655.81	23201.6	18	21516.81
abs2n30	6	 high	30	4	2	ML	 SP	21196.87	1794.27	9876.6	7104	2913	179408.0	9691.755	0.297097	21388.4047	77.1617	21196.87	522	21688.87	21686.01	22156.0266	15	21285.93
abs2n30	6	 high	30	5	2	ML	 SP	22411.48	1779.0	9905.7	8478	2506	179408.0	11031.9067	0.297097	22491.6485	49.4526	22417.7	519	22668.7	22591.2	24730.4654	13	22551.78
abs2n35	6	 high	35	3	2	ML	 SP	20377.81	1784.09	9651.0	6908	3112	205402.5	8299.0225	0.300278	20670.8391	27.7587	20638.09	508	21456.09	21454.31	21495.809	11	20377.81
abs2n35	6	 high	35	4	2	ML	 SP	21228.26	1781.56	9666.3	7666	2673	205402.5	9656.0433	0.300278	21268.0965	27.3045	21232.86	517	21786.86	21786.86	22734.5779	13	21252.76
abs2n35	6	 high	35	5	2	ML	 SP	22294.46	1747.76	9716.7	8838	2348	205402.5	11018.3036	0.300278	22503.9504	147.4563	22294.46	516	22651.46	22651.46	24120.8607	13	22375.75
abs2n45	6	 high	45	2	2	ML	 SP	25061.65	2466.47	13640.7	6750	3468	204224.5	9872.4778	0.29587	25122.737	21.8538	25095.17	269	26325.17	26322.02	25870.7152	10	25802.12
abs2n5	6	 high	5	2	2	ML	 SP	5141.16	353.36	1861.8	2260	666	49384.5	3087.5275	0.261667	5148.1292	5.9353	5141.16	6	5141.16	5141.16	5783.9249	13	5141.16
abs2n40	6	 high	40	4	2	ML	 SP	22612.52	1942.12	10124.4	8416	3184	210923.5	10466.0183	0.303659	22657.53	53.0	22612.52	517	23666.52	23658.26	23754.5601	9	23155.44
abs2n40	6	 high	40	5	2	ML	 SP	24205.37	1911.07	10148.1	9818	2947	210923.5	11986.6462	0.303659	24235.743	28.2118	24208.17	516	24824.17	24795.09	26099.2262	10	24219.52
abs2n45	6	 high	45	3	2	ML	 SP	26400.16	2380.16	13806.0	8420	2579	204224.5	11810.3367	0.29587	26561.5482	127.0471	26401.16	512	27185.16	27185.16	28815.8879	11	26950.16
abs2n45	6	 high	45	4	2	ML	 SP	28269.77	2588.07	13604.7	10374	2225	204224.5	13752.9745	0.29587	28334.8475	43.8048	28269.77	512	28791.77	28791.13	29984.1454	12	28741.27
abs2n45	6	 high	45	5	2	ML	 SP	30055.23	2474.66	13691.4	12460	1846	204224.5	15689.0404	0.29587	30118.5073	21.9326	30085.06	510	30472.06	30436.38	33208.2461	11	30289.91
abs2n50	6	 high	50	2	2	ML	 SP	28163.83	2586.73	15668.1	6742	4944	222732.5	11038.9813	0.298824	28488.3063	211.3464	28163.83	506	29940.83	29940.16	29328.7101	14	28524.36
abs3n10	6	 high	10	2	3	ML	 SP	8431.62	520.02	3078.6	2928	2150	118325.5	4005.7843	0.322727	8498.3378	52.8072	8431.62	35	8676.62	8648.07	8805.9759	18	8452.07
abs2n5	6	 high	5	3	2	ML	 SP	6171.42	333.72	1874.7	2974	989	49384.5	4081.2356	0.261667	6171.42	0.0	6171.42	407	6171.42	6171.42	6600.3314	12	6171.42
abs3n10	6	 high	10	3	3	ML	 SP	9357.14	560.04	3035.1	4668	1120	118325.5	5299.5122	0.322727	9365.1725	7.7223	9357.14	129	9383.14	9383.14	10279.8585	16	9357.14
abs2n50	6	 high	50	3	2	ML	 SP	30199.13	2590.93	15688.2	9470	3332	222732.5	13153.5319	0.298824	30393.5057	123.2185	30199.13	509	31082.13	30972.99	33840.3124	14	30495.23
abs2n50	6	 high	50	4	2	ML	 SP	31935.47	2839.57	15414.9	11530	2548	222732.5	15272.3892	0.298824	32015.14	44.2181	31935.47	504	32332.47	32312.55	34414.581	15	33723.8
abs3n15	6	 high	15	2	3	ML	 SP	13265.43	1097.23	5950.2	4494	2038	184494.0	5503.1535	0.32875	13284.4325	10.1379	13265.43	91	13579.43	13579.43	14223.9353	24	13265.43
abs2n50	6	 high	50	5	2	ML	 SP	33790.9	2607.01	15629.4	13386	2651	222732.5	17382.6332	0.298824	33875.5079	74.9279	33799.41	508	34273.41	34273.41	37790.9195	14	34915.67
abs3n20	6	 high	20	2	3	ML	 SP	14122.27	1182.97	5943.3	4678	2798	173451.0	4986.5268	0.300476	14136.58	10.6278	14122.27	41	14602.27	14587.81	14491.0154	20	14128.03
abs2n5	6	 high	5	4	2	ML	 SP	7052.0	294.0	1887.0	4340	531	49384.5	5089.775	0.261667	7056.8726	3.963	7052.0	588	7052.0	7052.0	8270.1747	23	7052.0
abs2n5	6	 high	5	5	2	ML	 SP	7932.24	240.14	1928.1	5270	494	49384.5	6078.5393	0.261667	7937.9703	4.3557	7932.24	590	7932.24	7932.24	7082.7592	20	7932.24
abs3n20	6	 high	20	3	3	ML	 SP	15110.44	1093.74	6053.7	5370	3676	173451.0	6292.4452	0.300476	15175.0056	0.9089	15110.44	292	16193.44	15234.35	15105.5223	18	15175.35
abs3n10	6	 high	10	4	3	ML	 SP	10421.88	583.82	3050.1	5772	1019	118325.5	6582.3685	0.322727	10447.6365	20.4064	10425.92	562	10425.92	10421.88	12298.7702	11	10421.88
abs3n10	6	 high	10	5	3	ML	 SP	11461.38	582.78	3024.6	6252	1569	118325.5	7888.8056	0.322727	11473.4415	22.0344	11461.38	534	11428.38	11428.38	13465.0923	13	11467.67
abs3n25	6	 high	25	2	3	ML	 SP	17845.95	1526.59	8171.1	6766	1935	192264.0	7041.6766	0.313846	18079.1782	54.376	17987.69	61	18398.69	18395.69	18508.0081	22	17845.95
abs3n15	6	 high	15	3	3	ML	 SP	14432.7	986.6	6023.1	6124	1394	184494.0	6979.893	0.32875	14446.4574	8.7973	14434.7	531	14527.7	14522.48	15511.0661	16	14432.7
abs3n15	6	 high	15	4	3	ML	 SP	15499.09	1092.89	5938.2	7676	754	184494.0	8450.1271	0.32875	15501.104	2.6607	15499.09	531	15461.09	15459.0899	16210.6708	15	15499.09
abs3n15	6	 high	15	5	3	ML	 SP	16654.0	1125.9	5885.1	8712	910	184494.0	9923.6138	0.32875	16674.9064	22.6924	16654.0	531	16633.0	16633.0	18062.5691	13	16660.38
abs3n20	6	 high	20	4	3	ML	 SP	15967.14	1123.26	6039.6	6296	2610	173451.0	7592.8535	0.300476	16075.6447	41.0182	15995.86	528	16068.86	16068.86	16806.8547	15	16058.06
abs3n30	6	 high	30	2	3	ML	 SP	21878.31	2305.01	11910.3	4677	3589	204549.0	7107.0878	0.307419	22021.095	55.9534	21878.31	126	22482.31	22476.07	22774.0571	16	21916.95
abs3n30	6	 high	30	3	3	ML	 SP	22266.71	2308.07	11905.5	5674	2774	204549.0	8286.3878	0.307419	22294.3467	17.4528	22274.57	129	22661.57	22649.33	23397.0592	18	22266.71
abs3n20	6	 high	20	5	3	ML	 SP	16912.49	1170.99	5983.5	7772	2034	173451.0	8896.0169	0.300476	16917.6438	1.281	16914.49	528	16960.49	16957.49	18128.6772	13	16977.2
abs3n25	6	 high	25	3	3	ML	 SP	19224.45	1642.85	8226.6	7652	1777	192264.0	8912.515	0.313846	19246.0403	21.5225	19224.45	525	19299.45	19299.45	20160.7912	16	19224.45
abs3n25	6	 high	25	4	3	ML	 SP	20799.24	1473.14	8326.2	9786	1461	192264.0	10783.3533	0.313846	20884.2827	29.4097	20861.34	524	21047.34	21005.49	21914.5991	15	20808.46
abs3n25	6	 high	25	5	3	ML	 SP	22697.14	1482.14	8370.0	11276	1626	192264.0	12672.9	0.313846	22772.1885	59.7765	22698.14	524	22754.14	22754.14	24436.4667	13	22894.87
abs3n40	6	 high	40	2	3	ML	 SP	25446.53	2637.93	14286.6	4981	4267	195433.0	7860.3818	0.323659	25472.2247	35.3772	25446.53	235	26173.53	26169.97	26631.8008	19	25554.87
abs3n35	6	 high	35	2	3	ML	 SP	24753.14	2638.7	13746.9	5624	3081	195931.0	9250.2331	0.313056	24886.7865	63.2037	24793.6	383	25090.6	25084.16	25616.6298	20	24753.14
abs3n30	6	 high	30	4	3	ML	 SP	23052.66	2347.34	11862.9	7174	1969	204549.0	9471.4965	0.307419	23119.7607	26.6944	23062.24	521	23353.24	23336.62	24164.6237	14	23052.66
abs3n30	6	 high	30	5	3	ML	 SP	23934.07	2161.0	12073.2	7924	2051	204549.0	10650.7944	0.307419	24095.7731	36.7895	24049.2	522	24209.2	24160.01	25519.6004	13	23934.07
abs3n35	6	 high	35	3	3	ML	 SP	26411.5	2392.6	14007.3	7878	2062	195931.0	11146.8497	0.313056	26453.3971	14.3358	26421.9	520	26339.9	26327.82	27969.7692	17	26450.02
abs3n35	6	 high	35	4	3	ML	 SP	27968.39	2640.69	13735.2	9958	1582	195931.0	13048.1609	0.313056	28012.9662	64.9442	27970.89	516	27915.89	27875.31	29693.5129	14	27968.39
abs3n35	6	 high	35	5	3	ML	 SP	29701.42	2643.64	13759.8	11592	1653	195931.0	14937.1515	0.313056	29807.4767	48.6718	29761.44	513	29648.44	29648.44	32654.247	12	29915.25
abs3n40	6	 high	40	3	3	ML	 SP	25679.91	2643.51	14309.4	5411	3890	195433.0	8962.7728	0.323659	25729.01	24.3764	25679.91	329	26254.91	26250.35	26610.8192	12	26083.15
abs3n45	6	 high	45	3	3	ML	 SP	26674.33	2678.19	14568.0	6477	3821	200749.0	8847.8159	0.32087	26789.546	33.8526	26729.19	391	27546.19	27545.63	27438.7402	10	26674.33
abs3n40	6	 high	40	4	3	ML	 SP	26390.81	2596.01	14346.0	7108	2723	195433.0	10067.7304	0.323659	26646.51	32.6268	26602.01	515	26773.01	26773.01	27542.1721	11	26806.03
abs3n5	6	 high	5	2	3	ML	 SP	7723.92	325.32	1698.6	4530	1170	100922.0	6141.7388	0.395	7723.92	0.0	7723.92	43	7723.92	7723.92	8914.6469	4	7723.92
abs3n5	6	 high	5	3	3	ML	 SP	9520.01	330.01	1701.0	5932	1532	100922.0	8237.0082	0.395	9520.108	0.1084	9520.01	40	9495.01	9495.01	11906.8097	15	9520.01
abs3n5	6	 high	5	4	3	ML	 SP	11108.35	314.25	1712.1	8300	782	100922.0	10370.7229	0.395	11108.9713	0.6908	11108.35	24	11108.35	11108.35	16144.5501	15	11108.35
abs3n45	6	 high	45	2	3	ML	 SP	26288.39	2763.49	14496.9	5912	4499	200749.0	7830.5469	0.32087	26551.644	198.9452	26356.39	511	27671.39	27659.39	26602.397	10	26354.39
abs3n40	6	 high	40	5	3	ML	 SP	27300.52	2652.77	14284.5	8388	2192	195433.0	11172.3686	0.323659	27376.1355	32.1819	27314.27	515	27517.27	27457.3	28685.8184	11	27455.98
abs4n10	6	 high	10	2	4	ML	 SP	9429.88	518.35	2985.6	4466	1644	112460.5	4958.1276	0.257273	9485.2065	14.1783	9435.95	31	9613.95	9600.08	10093.4631	17	9429.88
abs3n45	6	 high	45	4	3	ML	 SP	27012.65	2852.85	14455.8	6686	3654	200749.0	9865.6825	0.32087	27107.2375	100.5615	27014.65	508	27648.65	27648.65	28471.9582	12	27335.76
abs3n45	6	 high	45	5	3	ML	 SP	27461.04	2516.44	14778.6	7682	3126	200749.0	10881.1598	0.32087	27597.2145	77.972	27477.04	506	28103.04	28103.04	28477.6752	11	27639.97
abs3n50	6	 high	50	2	3	ML	 SP	27750.41	2697.73	15629.4	6236	3495	210041.0	9260.4774	0.32098	27871.8167	66.284	27761.13	507	28058.13	28056.52	29273.249	14	28630.93
abs4n15	6	 high	15	2	4	ML	 SP	10858.41	700.61	4210.8	5252	896	125072.0	5402.7339	0.251875	10870.28	19.1589	10858.41	34	11059.41	11057.41	12252.5496	16	10859.41
abs3n50	6	 high	50	3	3	ML	 SP	29007.37	2836.98	15515.1	8028	2873	210041.0	10831.3161	0.32098	29093.0486	71.6023	29034.08	509	29253.08	29226.89	30659.0027	14	30082.53
abs3n50	6	 high	50	4	3	ML	 SP	30263.35	2493.75	15876.6	9111	3142	210041.0	12405.3638	0.32098	30399.7947	59.3529	30263.35	503	30625.35	30581.75	32164.3262	15	31028.33
abs3n50	6	 high	50	5	3	ML	 SP	31580.75	2787.27	15539.1	10928	2690	210041.0	13979.012	0.32098	31720.49	29.1781	31666.37	508	31944.37	31944.37	34118.4509	11	32555.79
abs4n20	6	 high	20	2	4	ML	 SP	14438.03	955.63	5837.4	5586	2363	182400.0	7437.3615	0.27	14458.8	22.1784	14438.03	79	14742.03	14742.03	15234.0204	19	14438.03
abs4n15	6	 high	15	3	4	ML	 SP	11675.71	656.01	4259.7	6032	844	125072.0	6741.2551	0.251875	11677.5047	1.5723	11675.71	186	11791.71	11791.71	12297.7591	17	11675.71
abs3n5	6	 high	5	5	3	ML	 SP	13220.1	153.1	1827.0	10460	780	100922.0	12499.7977	0.395	13221.0335	0.7717	13220.1	452	13220.1	13220.1	20148.1816	17	13220.1
abs4n10	6	 high	10	3	4	ML	 SP	10605.04	505.1	3004.2	5654	1533	112460.5	6487.4855	0.257273	10699.0271	3.463	10696.3	541	10696.3	10696.3	11434.3083	12	10605.04
abs4n10	6	 high	10	4	4	ML	 SP	11832.68	486.88	3025.8	7132	1184	112460.5	8020.8469	0.257273	11857.1154	20.1068	11832.68	549	11828.68	11828.35	13234.6806	13	11872.35
abs4n25	6	 high	25	2	4	ML	 SP	15824.92	1228.12	7180.8	3538	7182	175022.5	6115.8597	0.270769	16329.3283	7.2733	15824.92	119	19128.92	16977.18	15824.711	18	16227.09
abs4n25	6	 high	25	3	4	ML	 SP	16664.27	1232.77	7117.5	6022	2845	175022.5	7301.4496	0.270769	16685.8205	29.1627	16664.27	87	17217.27	17208.27	17152.2267	19	16664.27
abs4n10	6	 high	10	5	4	ML	 SP	13174.95	513.45	2986.5	8590	1085	112460.5	9538.2358	0.257273	13174.95	0.0	13174.95	559	13174.95	13174.9499	15553.7213	14	13174.95
abs4n15	6	 high	15	4	4	ML	 SP	12767.83	692.1	4214.4	6420	1523	125072.0	8096.0672	0.251875	12812.495	17.4124	12783.5	531	12849.5	12838.93	13781.1384	16	12767.83
abs4n15	6	 high	15	5	4	ML	 SP	13814.43	659.35	4265.7	7606	1338	125072.0	9422.9451	0.251875	13833.3731	12.2557	13815.05	531	13869.05	13862.05	14841.5268	13	13824.59
abs4n30	6	 high	30	2	4	ML	 SP	17328.2	1408.6	8151.0	5078	4322	173807.0	6704.3975	0.268387	17584.9872	141.3239	17356.6	126	18960.6	18955.13	17999.8623	18	17328.2
abs4n20	6	 high	20	3	4	ML	 SP	16082.3	947.2	5852.1	7254	2233	182400.0	9300.558	0.27	16156.6598	30.501	16082.3	528	16286.3	16231.45	16713.617	17	16082.39
abs4n20	6	 high	20	4	4	ML	 SP	17665.22	927.23	5858.1	8738	2227	182400.0	11166.131	0.27	17732.9074	61.4558	17680.33	528	17750.33	17747.33	18858.2178	12	17680.33
abs4n20	6	 high	20	5	4	ML	 SP	19213.13	962.44	5833.2	11051	1472	182400.0	13016.2838	0.27	19284.9027	31.2165	19262.6398	527	19319.6395	19319.6395	20488.8844	11	19316.6
abs4n35	6	 high	35	2	4	ML	 SP	19195.57	1823.77	9727.8	5002	4025	176871.0	7917.1245	0.2725	19222.3037	45.0855	19195.57	200	20578.57	20577.39	20202.116	16	19333.67
abs4n30	6	 high	30	3	4	ML	 SP	18088.14	1260.34	8335.8	5944	3686	173807.0	8101.8847	0.268387	18117.332	30.9474	18088.14	434	19226.14	19226.14	18955.6792	15	18146.57
abs4n25	6	 high	25	4	4	ML	 SP	17302.15	1180.75	7202.4	6570	2783	175022.5	8495.9142	0.270769	17369.7305	39.7001	17302.15	525	17736.15	17723.35	18462.0001	14	17303.15
abs4n25	6	 high	25	5	4	ML	 SP	18162.47	1219.74	7194.9	7656	2376	175022.5	9675.1627	0.270769	18345.4608	41.148	18289.64	523	18446.64	18438.97	19770.365	12	18162.47
abs4n30	6	 high	30	4	4	ML	 SP	19032.41	1303.19	8251.8	7187	3300	173807.0	9500.6332	0.268387	19300.3136	55.0767	19222.99	520	20042.99	19939.36	20480.6564	14	19281.91
abs4n40	6	 high	40	2	4	ML	 SP	21352.41	1841.51	10434.9	3908	12730	205643.5	7532.3549	0.277805	21872.6067	15.6552	21352.41	296	28914.41	23352.94	21346.6782	12	21860.56
abs4n30	6	 high	30	5	4	ML	 SP	20277.89	1265.96	8312.7	8310	2988	173807.0	10900.6447	0.268387	20390.5217	48.1172	20348.66	519	20876.66	20780.89	21800.9147	12	20355.65
abs4n35	6	 high	35	3	4	ML	 SP	20657.89	1939.28	9638.7	7104	2445	176871.0	9522.3668	0.2725	20662.471	5.3283	20657.98	516	21126.98	21126.98	21353.0191	15	20657.98
abs4n35	6	 high	35	4	4	ML	 SP	22037.59	1708.8	9904.2	8948	1766	176871.0	11132.9778	0.2725	22070.9707	32.0347	22051.0	518	22327.0	22326.0	23366.2491	14	22219.86
abs4n40	6	 high	40	3	4	ML	 SP	22272.66	1792.36	10386.3	7346	3706	205643.5	8772.7723	0.277805	22311.89	19.626	22272.66	320	23231.66	23229.26	23027.3517	13	22300.68
abs4n35	6	 high	35	5	4	ML	 SP	23288.9	1710.4	9877.5	10054	1866	176871.0	12729.5001	0.2725	23387.3669	55.5768	23289.9	518	23508.9	23508.9	25862.3572	13	23696.63
abs4n40	6	 high	40	4	4	ML	 SP	22892.51	1866.91	10359.6	8152	3197	205643.5	10013.1898	0.277805	22913.6233	20.7726	22897.51	512	23576.51	23575.87	23884.9144	9	22947.64
abs4n5	6	 high	5	2	4	ML	 SP	5422.95	242.15	1585.8	2412	1183	43736.5	3279.5583	0.258333	5422.95	0.0	5422.95	8	5422.95	5422.95	5987.6209	8	5422.95
abs4n40	6	 high	40	5	4	ML	 SP	23623.29	1713.79	10576.5	8830	3011	205643.5	11258.3964	0.277805	23639.623	17.3453	23623.29	515	24131.29	24131.07	24756.7088	10	23684.71
abs4n45	6	 high	45	2	4	ML	 SP	25756.05	2599.29	14064.3	6156	4133	207204.5	10341.8742	0.278261	25816.8508	31.9561	25772.59	510	26952.59	26948.23	26849.8354	12	26210.54
abs4n5	6	 high	5	3	4	ML	 SP	6073.15	242.45	1580.7	2848	1402	43736.5	4321.0015	0.258333	6073.15	0.0	6073.15	62	6073.15	6073.15	7074.226	9	6073.15
abs4n5	6	 high	5	4	4	ML	 SP	6689.6	240.9	1571.7	4380	497	43736.5	5393.7132	0.258333	6690.1556	0.527	6689.6	9	6689.6	6689.6	10181.1347	9	6689.6
abs4n45	6	 high	45	3	4	ML	 SP	26968.14	2345.94	14303.1	7942	3044	207204.5	12116.2673	0.278261	27109.4988	76.2924	26989.04	509	27635.04	27632.77	28077.7942	13	27404.96
abs5n10	6	 high	10	2	5	ML	 SP	9374.66	781.06	3801.6	2700	2226	94256.0	4642.6769	0.374545	9403.2771	30.156	9374.66	16	9508.66	9502.12	10135.0413	14	9374.66
abs4n5	6	 high	5	5	4	ML	 SP	7881.11	270.51	1533.6	5536	541	43736.5	6423.9157	0.258333	7881.55	0.3743	7881.11	56	7881.11	7881.11	11795.5257	20	7881.11
abs4n45	6	 high	45	4	4	ML	 SP	28664.46	2430.36	14237.1	9900	2512	207204.5	13887.6683	0.278261	28734.0782	36.385	28664.46	508	29079.46	28987.84	30965.6817	11	28905.27
abs4n45	6	 high	45	5	4	ML	 SP	30079.1	2474.44	14141.4	11840	1946	207204.5	15663.0589	0.278261	30285.6818	53.6145	30199.84	511	30401.84	30372.39	31887.6576	11	30394.18
abs4n50	6	 high	50	2	4	ML	 SP	29253.78	3049.92	16818.0	6254	4748	222896.5	11980.7261	0.281765	29341.4819	56.8516	29253.92	509	30869.92	30869.92	30023.8884	14	29819.13
abs5n15	6	 high	15	2	5	ML	 SP	10667.69	714.89	3967.8	4368	1805	118284.0	5736.4543	0.37375	10689.3835	11.2427	10667.69	147	10856.69	10845.78	11597.8243	17	10676.78
abs4n50	6	 high	50	3	4	ML	 SP	31136.5	2816.1	17156.4	8892	3458	222896.5	13930.4491	0.281765	31214.5442	20.0265	31190.5	508	32322.5	32321.44	33539.2414	15	32835.07
abs4n50	6	 high	50	4	4	ML	 SP	33057.75	3038.95	17026.8	10628	3267	222896.5	15880.1722	0.281765	33139.1514	97.3895	33057.75	508	33961.75	33945.69	34714.415	14	33862.99
abs4n50	6	 high	50	5	4	ML	 SP	34927.27	2958.61	17007.0	12872	2805	222896.5	17839.5473	0.281765	35130.825	39.959	35085.61	507	35642.61	35637.73	38694.2214	14	35926.46
abs5n10	6	 high	10	3	5	ML	 SP	9884.53	803.05	3786.3	3482	1921	94256.0	5713.2709	0.374545	9939.35	0.0	9939.35	424	9993.35	9993.35	10567.9018	13	9884.53
abs5n15	6	 high	15	3	5	ML	 SP	11773.77	838.57	3889.2	5360	1746	118284.0	7310.3014	0.37375	11786.3476	9.2854	11773.77	261	11833.77	11833.25	12743.5353	17	11775.25
abs5n10	6	 high	10	4	5	ML	 SP	10617.45	780.05	3809.4	4624	1403	94256.0	6786.1047	0.374545	10617.9808	0.6988	10617.45	547	10617.45	10617.45	11592.9206	13	10617.45
abs5n25	6	 high	25	2	5	ML	 SP	18294.35	1862.25	9074.1	5682	1885	165277.0	10144.4265	0.334615	18327.7044	16.9928	18294.35	84	18503.35	18498.67	19007.7846	25	18309.91
abs5n10	6	 high	10	5	5	ML	 SP	11432.09	711.79	3852.3	5442	1426	94256.0	7861.1852	0.374545	11435.6724	4.6072	11432.09	561	11432.09	11432.09	13118.5045	17	11440.76
abs5n20	6	 high	20	2	5	ML	 SP	15960.4	1412.16	6737.4	6240	1428	172582.0	8824.9334	0.352857	15994.32	17.1471	15969.56	375	15817.56	15817.56	17030.1114	25	15960.4
abs5n15	6	 high	15	4	5	ML	 SP	13131.14	807.09	3930.9	7056	1402	118284.0	8895.7637	0.37375	13153.3739	19.9426	13132.994	531	13195.994	13171.1	14260.3007	14	13131.14
abs5n15	6	 high	15	5	5	ML	 SP	14608.96	796.76	3925.2	8294	1588	118284.0	10465.2485	0.37375	14624.3064	21.1204	14608.96	531	14603.96	14603.52	15814.6741	14	14641.96
abs5n20	6	 high	20	3	5	ML	 SP	17665.25	1384.37	6736.5	8670	899	172582.0	10967.2278	0.352857	17802.2375	35.3794	17771.87	527	17689.87	17689.87	18554.1156	18	17772.87
abs5n20	6	 high	20	4	5	ML	 SP	19721.05	1321.85	6802.2	10325	1151	172582.0	13116.9867	0.352857	19797.0294	40.9641	19721.05	528	19602.0499	19602.0499	21180.5722	16	19782.08
abs5n30	6	 high	30	2	5	ML	 SP	17998.04	1748.35	9097.8	4918	2520	154354.0	7002.1876	0.33129	18066.364	63.5664	17998.15	189	18284.15	18284.15	18653.8887	20	17998.04
abs5n25	6	 high	25	3	5	ML	 SP	20016.28	1622.97	9243.6	7782	1467	165277.0	12145.9297	0.334615	20058.3595	3.5836	20053.57	357	20115.57	20115.57	21363.3671	19	20016.28
abs5n20	6	 high	20	5	5	ML	 SP	21558.19	1294.99	6837.0	12258	1122	172582.0	15256.793	0.352857	21587.0134	47.2293	21563.99	527	21511.99	21511.99	23300.7579	14	21558.19
abs5n35	6	 high	35	2	5	ML	 SP	20129.75	1931.15	10236.6	5342	3542	186176.0	7670.1835	0.319167	20200.5312	45.9988	20129.75	216	21051.75	21048.71	20987.9521	17	20164.35
abs5n25	6	 high	25	4	5	ML	 SP	21987.36	1800.36	9099.0	9646	1544	165277.0	14154.8735	0.334615	22017.3669	25.5143	21987.36	525	22089.36	22089.36	23101.1553	13	22098.08
abs5n25	6	 high	25	5	5	ML	 SP	23786.18	1748.37	9162.0	11512	1433	165277.0	16144.2924	0.334615	23839.2442	15.8755	23818.37	524	23855.37	23855.37	25986.4533	12	23786.18
abs5n30	6	 high	30	3	5	ML	 SP	18967.66	1764.4	9130.2	5966	2316	154354.0	8329.6014	0.33129	19056.9059	43.7018	18989.6	523	19176.6	19176.6	19826.0081	15	18968.29
abs5n30	6	 high	30	4	5	ML	 SP	20029.95	1695.05	9210.9	7216	2093	154354.0	9661.714	0.33129	20110.1031	56.0732	20029.95	523	20214.95	20192.33	20933.756	13	20105.32
abs5n30	6	 high	30	5	5	ML	 SP	21211.93	1639.06	9264.6	8418	2017	154354.0	10990.3025	0.33129	21235.9215	11.1326	21214.66	521	21338.66	21338.66	22470.9652	13	21348.43
abs5n35	6	 high	35	3	5	ML	 SP	21381.66	1829.76	10398.9	6949	2498	186176.0	9056.9152	0.319167	21568.3407	76.0413	21381.66	517	21677.66	21649.07	21950.483	14	21498.99
abs5n35	6	 high	35	4	5	ML	 SP	22524.64	2069.34	10125.3	8262	2301	186176.0	10448.1059	0.319167	22557.31	27.702	22524.64	516	22757.64	22737.51	23982.8093	13	22563.34
abs5n35	6	 high	35	5	5	ML	 SP	23599.29	2033.99	10176.3	9367	2315	186176.0	11830.3786	0.319167	23612.0357	9.1463	23599.29	515	23893.29	23891.13	25513.8966	14	23788.81
abs5n40	6	 high	40	2	5	ML	 SP	23302.17	2567.67	12763.5	5414	3590	180550.5	8986.2375	0.318049	23364.3629	28.9671	23302.17	513	24335.17	24328.17	24056.7552	17	23738.79
abs5n40	6	 high	40	3	5	ML	 SP	24430.72	2170.32	13157.4	6702	3017	180550.5	10413.2363	0.318049	24552.7374	118.6673	24430.72	512	25046.72	25046.72	26393.1538	9	24950.48
abs5n40	6	 high	40	4	5	ML	 SP	25724.82	2413.72	12959.1	8044	2526	180550.5	11840.235	0.318049	25771.498	21.0708	25743.82	516	25942.82	25942.82	26704.3066	10	26259.2
abs5n40	6	 high	40	5	5	ML	 SP	26648.31	2319.41	12975.9	9210	2513	180550.5	13273.871	0.318049	26760.7978	47.3026	26648.31	517	27018.31	27006.13	28333.7753	9	27228.08
abs5n5	6	 high	5	2	5	ML	 SP	4639.71	335.91	1648.8	2442	213	33031.0	3947.0239	0.391667	4675.0122	27.8752	4639.71	2	4639.71	4639.71	5249.0387	18	4639.71
abs5n45	6	 high	45	2	5	ML	 SP	26029.13	2642.53	14817.6	2530	16128	163754.0	9041.3095	0.312826	26434.53	71.1056	26029.13	508	36118.13	27304.5	26021.223	12	26303.17
abs5n5	6	 high	5	5	5	ML	 SP	7729.15	234.45	1715.7	4904	875	33031.0	7069.3534	0.391667	7729.7871	0.3435	7729.15	32	7729.15	7729.15	5617.8324	14	7729.15
abs5n45	6	 high	45	4	5	ML	 SP	26698.84	2648.8	14811.6	6680	3059	163754.0	11077.7735	0.312826	26748.159	21.3532	26721.4	471	27200.4	27200.24	28140.6154	10	26985.39
abs5n45	6	 high	45	3	5	ML	 SP	26289.91	2607.77	14862.9	5964	3727	163754.0	10057.6221	0.312826	26417.204	140.6515	26319.67	512	27162.67	27133.57	27684.6525	10	26485.1
abs1n10	6	 low	10	2	1	ML	 SP	5599.91	63.06	342.84	4196	1097	102097.5	3553.1793	0.029091	5637.2376	11.8326	5617.9	62	5698.9	5692.82	6419.2298	17	5599.91
abs5n45	6	 high	45	5	5	ML	 SP	27528.67	2633.19	14875.8	7734	2380	163754.0	12092.7139	0.312826	27736.226	129.112	27555.99	514	27622.99	27610.55	29294.4864	10	27555.99
abs5n50	6	 high	50	2	5	ML	 SP	27283.82	2742.82	15480.0	6032	4221	202575.0	11030.7536	0.312157	27564.9964	150.0904	27283.82	511	28475.82	28475.82	28491.8621	13	30133.19
abs5n50	6	 high	50	3	5	ML	 SP	29079.39	2667.49	15636.9	8344	3010	202575.0	12872.7113	0.312157	29377.0493	199.4666	29079.39	510	29658.39	29658.39	30961.2245	15	31062.11
abs5n5	6	 high	5	4	5	ML	 SP	6632.99	185.79	1762.2	4458	227	33031.0	6000.4478	0.391667	6634.5768	0.9558	6632.99	294	6632.99	6632.99	9800.6504	22	6632.99
abs5n50	6	 high	50	4	5	ML	 SP	30618.05	2577.71	15595.8	10122	2987	202575.0	14717.5072	0.312157	30669.8523	24.1859	30631.51	502	31282.51	31275.71	33012.5995	13	31941.54
abs1n15	6	 low	15	2	1	ML	 SP	6171.07	96.01	534.06	3772	2138	125773.0	2639.2582	0.026875	6180.7945	11.5838	6171.07	46	6540.07	6537.07	6594.6701	20	6171.07
abs5n5	6	 high	5	3	5	ML	 SP	5607.11	247.81	1713.3	3364	282	33031.0	4965.3886	0.391667	5609.5725	1.0089	5607.11	354	5607.11	5607.11	7461.7339	16	5607.11
abs1n15	6	 low	15	3	1	ML	 SP	6886.45	96.3	534.15	4594	1833	125773.0	3745.8648	0.026875	6931.8186	29.6576	6886.45	82	7057.45	7057.38	7372.3468	14	6887.02
abs1n20	6	 low	20	2	1	ML	 SP	7385.2	117.83	658.08	4502	2894	143179.5	3587.9339	0.027619	7399.2479	10.7735	7389.91	68	8172.91	8164.0099	8908.8664	19	7385.2
abs5n50	6	 high	50	5	5	ML	 SP	32389.87	2678.68	15555.6	12202	2447	202575.0	16563.2503	0.312157	32544.0097	39.8523	32473.28	501	32883.28	32859.03	34781.5044	13	33100.52
abs1n25	6	 low	25	2	1	ML	 SP	8207.18	120.81	677.37	3538	7763	188676.5	2727.7157	0.028462	8225.6225	5.3786	8207.18	75	12099.18	8580.07	8212.7881	16	8221.07
abs1n10	6	 low	10	3	1	ML	 SP	7050.96	61.99	344.97	5294	1355	102097.5	5193.269	0.029091	7063.0825	8.3993	7050.96	570	7055.96	7054.91	7914.3945	16	7093.14
abs1n10	6	 low	10	4	1	ML	 SP	8386.57	67.23	342.69	6562	1416	102097.5	6848.4747	0.029091	8405.0956	16.5667	8388.92	539	8388.9198	8388.9198	9632.9402	15	8388.92
abs1n10	6	 low	10	5	1	ML	 SP	9751.68	61.1	344.58	8270	1076	102097.5	8473.4483	0.029091	9756.0436	7.4736	9751.68	534	9751.68	9751.6799	11250.671	11	9754.7
abs1n30	6	 low	30	2	1	ML	 SP	9045.89	219.91	1183.98	5458	3111	201361.0	3832.1917	0.027742	9081.3643	52.1551	9045.89	56	9972.89	9972.89	9925.676	21	9045.89
abs1n15	6	 low	15	4	1	ML	 SP	7630.37	93.57	535.8	5158	2056	125773.0	4847.5965	0.026875	7653.0409	24.8529	7630.37	531	7843.37	7835.11	8589.4255	11	7835.31
abs1n15	6	 low	15	5	1	ML	 SP	8707.23	90.54	540.69	5956	2120	125773.0	5951.7656	0.026875	8715.3843	9.0355	8707.23	530	8707.23	8707.12	9799.2705	14	8709.49
abs1n20	6	 low	20	3	1	ML	 SP	8722.32	102.91	676.26	6270	2182	143179.5	5250.3509	0.027619	8784.9806	43.6741	8739.17	528	9231.17	9206.95	9867.4339	17	8722.32
abs1n20	6	 low	20	4	1	ML	 SP	10186.47	123.07	653.07	7620	2027	143179.5	6920.8379	0.027619	10372.6928	97.4508	10259.14	528	10423.14	10423.14	11091.7621	14	10357.84
abs1n20	6	 low	20	5	1	ML	 SP	11693.78	110.36	666.75	9158	1851	143179.5	8575.1848	0.027619	11748.8983	37.5498	11710.11	528	11786.11	11696.04	13073.1593	12	11705.17
abs1n25	6	 low	25	3	1	ML	 SP	8539.4	102.68	699.72	6084	1937	188676.5	3954.3835	0.028462	8542.9133	3.4213	8539.4	451	8823.4	8823.4	9053.5949	15	8577.33
abs1n25	6	 low	25	4	1	ML	 SP	9295.86	118.13	686.73	7260	1433	188676.5	5186.7969	0.028462	9358.1748	35.8334	9295.86	523	9497.86	9462.11	10071.2293	13	9407.93
abs1n40	6	 low	40	2	1	ML	 SP	10500.84	253.98	1382.88	6640	2959	198950.0	3974.0711	0.028293	10504.5435	1.5399	10502.86	167	11236.8599	11236.8599	11094.2758	17	10500.84
abs1n25	6	 low	25	5	1	ML	 SP	10196.62	108.05	699.57	7870	1565	188676.5	6407.7192	0.028462	10223.6877	47.1178	10196.62	524	10242.62	10242.62	11387.5059	13	10281.35
abs1n30	6	 low	30	3	1	ML	 SP	10297.26	204.13	1205.13	7172	2134	201361.0	5508.3256	0.027742	10335.5841	58.6768	10303.26	522	10716.26	10701.45	11481.8235	17	10297.26
abs1n30	6	 low	30	4	1	ML	 SP	11755.05	219.63	1188.42	8992	1509	201361.0	7192.967	0.027742	11847.6582	74.048	11757.05	522	11909.05	11909.05	13304.3015	14	11759.03
abs1n30	6	 low	30	5	1	ML	 SP	13403.79	215.24	1194.3	10514	1578	201361.0	8872.1387	0.027742	13497.9608	8.3207	13486.54	521	13502.54	13499.64	15034.512	13	13523.73
abs1n35	6	 low	35	2	1	ML	 SP	9428.89	225.3	1141.59	4452	7139	188912.5	3276.0334	0.0275	9631.248	10.5716	9428.89	517	12957.89	10480.53	9433.9331	15	9711.82
abs1n35	6	 low	35	3	1	ML	 SP	10053.75	208.98	1159.77	6222	3255	188912.5	4679.3854	0.0275	10071.5887	22.093	10053.75	518	10845.75	10845.75	11378.3487	15	10657.77
abs1n35	6	 low	35	4	1	ML	 SP	11288.72	196.03	1170.78	7978	2248	188912.5	6083.7559	0.0275	11414.709	58.3709	11360.81	517	11592.81	11554.24	12633.1715	13	11300.64
abs1n35	6	 low	35	5	1	ML	 SP	12395.18	196.43	1173.75	9000	2246	188912.5	7489.1459	0.0275	12452.6048	45.9167	12395.18	519	12617.18	12617.18	14146.5643	12	12596.05
abs1n45	6	 low	45	2	1	ML	 SP	9997.21	268.61	1362.6	5680	3454	205188.5	3688.1586	0.028696	9999.4467	1.8531	9997.21	261	10765.21	10765.2099	11902.7961	12	10489.93
abs1n40	6	 low	40	3	1	ML	 SP	11266.43	258.71	1378.11	8436	1937	198950.0	5685.1966	0.028293	11806.1183	31.8693	11778.82	512	12010.82	11999.77	12676.4828	12	11807.41
abs1n5	6	 low	5	2	1	ML	 SP	3736.24	35.57	209.67	2618	873	72215.0	2405.859	0.025	3736.4667	0.3348	3736.24	3	3736.24	3736.24	4414.7348	12	3736.24
abs1n5	6	 low	5	3	1	ML	 SP	4617.59	37.9	207.69	3928	443	72215.0	3517.4518	0.025	4617.59	0.0	4617.59	16	4617.59	4617.5899	6084.7378	13	4617.59
abs1n40	6	 low	40	4	1	ML	 SP	12679.96	242.59	1394.37	9178	2116	198950.0	7400.5576	0.028293	12788.8896	77.9098	12679.96	511	12931.96	12931.96	14679.9486	11	13293.07
abs1n40	6	 low	40	5	1	ML	 SP	14102.37	256.89	1383.48	10904	1785	198950.0	9104.803	0.028293	14118.33	16.3982	14102.37	513	14329.37	14329.37	16032.7209	11	14633.73
abs1n5	6	 low	5	5	1	ML	 SP	6406.12	39.82	204.3	5864	298	72215.0	5771.5588	0.025	6406.1464	0.0343	6406.12	24	6406.12	6406.12	11552.2828	45	6406.12
abs1n5	6	 low	5	4	1	ML	 SP	5479.26	38.44	206.82	3889	1344	72215.0	4660.0273	0.025	5479.26	0.0	5479.26	82	5479.26	5479.26	11106.9694	17	5479.26
abs1n45	6	 low	45	3	1	ML	 SP	11412.88	230.6	1406.28	7432	2672	205188.5	5259.8287	0.028696	11453.375	38.8364	11412.88	509	11740.88	11740.88	12575.9687	12	11795.3
abs2n10	6	 low	10	2	2	ML	 SP	6469.36	52.03	264.33	4903	1395	155639.0	3912.2544	0.032727	6469.8689	0.3611	6469.36	89	6616.36	6615.54	7003.8447	19	6469.54
abs1n45	6	 low	45	4	1	ML	 SP	12564.29	250.92	1374.18	9066	2156	205188.5	6828.6973	0.028696	12813.3612	137.0871	12678.1	509	12847.1	12847.1	13887.8073	13	12749.7
abs1n45	6	 low	45	5	1	ML	 SP	13983.68	244.79	1378.89	10618	1714	205188.5	8408.3135	0.028696	13991.1106	5.6793	13983.68	511	13955.68	13955.64	15534.2253	12	14004.92
abs1n50	6	 low	50	2	1	ML	 SP	11554.95	298.5	1602.66	7196	2831	185596.0	4881.7053	0.02902	11574.5364	27.0549	11559.16	507	11928.16	11928.16	12388.0778	15	12251.37
abs2n15	6	 low	15	2	2	ML	 SP	6465.83	98.71	513.12	4656	1325	127623.5	2720.5555	0.03125	6466.8629	0.6121	6465.83	34	6592.83	6592.73	6732.1518	17	6465.83
abs1n50	6	 low	50	3	1	ML	 SP	12867.87	286.95	1627.92	8770	2495	185596.0	7004.1979	0.02902	13133.775	155.766	12867.87	506	13179.87	13163.56	16893.8526	16	15511.7
abs1n50	6	 low	50	4	1	ML	 SP	14719.82	272.29	1639.53	11106	1873	185596.0	9131.0002	0.02902	14787.8564	66.6661	14719.82	500	14890.82	14870.06	16193.3292	14	15529.84
abs1n50	6	 low	50	5	1	ML	 SP	16771.67	294.79	1622.88	13184	1845	185596.0	11254.5703	0.02902	16842.16	59.6548	16771.67	507	16946.67	16808.12	19049.9233	13	18603.26
abs2n20	6	 low	20	2	2	ML	 SP	6423.43	118.08	703.35	4162	1893	149622.5	2349.3853	0.03	6424.4582	1.7185	6423.43	84	6877.43	6877.43	7250.0354	22	6423.43
abs2n20	6	 low	20	3	2	ML	 SP	6872.35	125.98	692.37	4814	1470	149622.5	3385.058	0.03	6907.004	31.6771	6872.35	167	7102.35	7102.17	7706.6837	15	6877.1
abs2n25	6	 low	25	2	2	ML	 SP	8364.8	134.82	742.98	4610	3480	176786.0	3568.8246	0.031538	8373.8805	7.5193	8364.8	104	8967.8	8963.8	8973.0134	21	8364.8
abs2n10	6	 low	10	3	2	ML	 SP	8117.04	56.16	260.34	6660	1223	155639.0	5816.2116	0.032727	8239.7657	57.0985	8122.5	557	8199.5	8199.5	9006.3271	17	8117.04
abs2n10	6	 low	10	4	2	ML	 SP	9896.89	49.74	264.15	8582	1004	155639.0	7743.5302	0.032727	9896.89	0.0	9896.89	533	9899.89	9899.8897	11083.0835	10	9897.78
abs2n10	6	 low	10	5	2	ML	 SP	11577.25	49.74	264.51	9492	1770	155639.0	9609.5919	0.032727	11598.9647	30.2862	11577.25	580	11577.2499	11577.2499	19024.5747	13	11577.62
abs2n15	6	 low	15	3	2	ML	 SP	7177.4	90.6	519.86	5358	1252	127623.5	3977.3633	0.03125	7193.4019	9.5223	7179.4652	531	7220.4652	7215.26	7573.6869	16	7182.0
abs2n15	6	 low	15	4	2	ML	 SP	8043.4	96.51	517.05	6130	1349	127623.5	5241.9773	0.03125	8050.0523	2.561	8045.56	531	8093.56	8085.3998	9025.5628	13	8051.4
abs2n15	6	 low	15	5	2	ML	 SP	8972.48	88.71	523.77	7463	912	127623.5	6490.9788	0.03125	8972.7673	0.4362	8972.48	531	8988.48	8988.48	10339.1037	11	8972.48
abs2n25	6	 low	25	3	2	ML	 SP	9605.57	137.21	742.41	6882	2066	176786.0	5206.8968	0.031538	9692.5079	22.3105	9677.62	305	9827.62	9825.11	10496.7374	19	9605.57
abs2n30	6	 low	30	2	2	ML	 SP	8677.38	173.08	990.3	4691	4311	179408.0	3084.9694	0.029677	8837.004	104.1013	8677.38	126	10167.38	10155.02	9121.2066	20	8804.02
abs2n20	6	 low	20	4	2	ML	 SP	7499.22	125.84	697.98	5636	1213	149622.5	4420.7306	0.03	7569.1523	28.7574	7532.82	528	7672.82	7672.82	8637.768	13	7499.22
abs2n35	6	 low	35	2	2	ML	 SP	9969.31	166.49	977.82	6252	3768	205402.5	3098.4017	0.03	10025.9632	34.2775	9969.31	55	11164.31	11153.31	10219.0363	19	9969.31
abs2n20	6	 low	20	5	2	ML	 SP	8167.0	111.76	708.3	6038	1403	149622.5	5465.7337	0.03	8217.9309	26.9203	8195.06	528	8262.06	8262.06	9644.9149	11	8167.0
abs2n25	6	 low	25	4	2	ML	 SP	11015.5	130.66	747.84	8218	1974	176786.0	6852.045	0.031538	11035.51	20.9365	11015.5	526	11070.5	11070.5	11920.0803	12	11030.78
abs2n25	6	 low	25	5	2	ML	 SP	12501.05	129.72	747.33	9542	2102	176786.0	8500.7503	0.031538	12555.5657	46.9822	12501.05	524	12521.05	12513.5699	13665.9893	14	12501.67
abs2n40	6	 low	40	3	2	ML	 SP	10659.9	194.75	1014.15	6790	3801	210923.5	4949.4226	0.030488	10663.1813	2.7622	10659.9	185	11799.9	11798.9	12414.2375	15	10659.9
abs2n30	6	 low	30	3	2	ML	 SP	9436.72	160.79	1010.22	5762	3388	179408.0	4430.44	0.029677	9702.1017	149.8493	9439.01	524	10322.01	10319.29	10748.1533	12	9436.72
abs2n30	6	 low	30	4	2	ML	 SP	10788.26	178.92	989.34	7322	2716	179408.0	5783.355	0.029677	10836.8593	37.28	10788.26	522	11207.26	11159.06	11783.7038	15	10815.06
abs2n30	6	 low	30	5	2	ML	 SP	11867.02	180.97	988.05	8434	2450	179408.0	7123.5067	0.029677	11958.6498	79.2779	11867.02	522	12053.02	12053.02	13297.8517	13	12041.55
abs2n35	6	 low	35	3	2	ML	 SP	10018.53	174.71	969.6	6908	3118	205402.5	4455.4225	0.03	10370.8312	23.3475	10347.31	459	11170.31	11165.55	11316.6314	17	10018.53
abs2n40	6	 low	40	2	2	ML	 SP	10371.19	200.38	1004.64	6917	3712	210923.5	3432.7951	0.030488	10908.936	23.7289	10896.02	404	11836.02	11834.0799	11538.7646	15	10371.19
abs2n35	6	 low	35	4	2	ML	 SP	10809.92	192.76	956.16	7390	2941	205402.5	5812.4433	0.03	10876.8954	63.775	10809.92	519	11479.92	11472.8	12678.7309	13	10959.08
abs2n35	6	 low	35	5	2	ML	 SP	11968.74	173.91	975.39	8780	2396	205402.5	7174.7036	0.03	12066.245	85.491	11996.3	517	12325.3	12325.3	13394.974	12	12079.12
abs2n40	6	 low	40	4	2	ML	 SP	11854.84	172.74	1037.1	8216	3474	210923.5	6470.6183	0.030488	11960.5113	54.3927	11854.84	512	12899.84	12842.78	13178.1032	8	12190.55
abs2n5	6	 low	5	2	2	ML	 SP	3148.7	30.46	192.24	2272	654	49384.5	2079.7675	0.028333	3150.18	2.1127	3148.7	8	3148.7	3148.7	3699.1807	12	3148.7
abs2n40	6	 low	40	5	2	ML	 SP	13335.53	201.34	1010.04	9820	2928	210923.5	7991.2462	0.030488	13433.2125	64.4791	13369.38	516	13960.38	13939.18	14920.9476	8	13878.28
abs2n45	6	 low	45	2	2	ML	 SP	10559.22	253.95	1368.21	6750	3431	204224.5	4420.8778	0.029783	10601.2167	13.9847	10573.16	512	11803.16	11792.22	12211.5743	12	10573.16
abs2n45	6	 low	45	3	2	ML	 SP	11836.91	239.67	1388.22	8420	2611	204224.5	6358.7367	0.029783	11984.4427	103.8383	11876.89	510	12658.89	12621.1299	13155.4344	11	12467.53
abs2n45	6	 low	45	4	2	ML	 SP	13639.35	253.2	1380.15	10075	2547	204224.5	8301.3745	0.029783	13750.237	64.5955	13639.35	512	14256.3499	14209.33	16268.3529	10	14210.24
abs2n45	6	 low	45	5	2	ML	 SP	15475.02	248.1	1379.01	12514	1774	204224.5	10237.4404	0.029783	15610.3355	72.5735	15549.11	510	15915.11	15897.19	17594.4941	11	15543.44
abs3n10	6	 low	10	2	3	ML	 SP	5198.21	62.15	300.06	3066	1966	118325.5	2695.6843	0.032727	5248.8733	58.3014	5198.21	31	5394.21	5385.89	5511.9005	18	5198.21
abs2n50	6	 low	50	2	2	ML	 SP	11695.96	281.31	1564.65	6724	4881	222732.5	4848.1813	0.030196	11829.4762	102.5656	11695.96	511	13450.96	13423.64	12780.6202	16	12081.93
abs2n50	6	 low	50	3	2	ML	 SP	13790.61	257.88	1574.73	9510	3197	222732.5	6962.7319	0.030196	13887.9004	112.7418	13790.61	509	14539.61	14530.65	17458.1564	15	14134.7
abs2n50	6	 low	50	4	2	ML	 SP	15406.07	269.75	1570.32	11432	2609	222732.5	9081.5892	0.030196	15562.1746	71.4805	15421.07	505	15882.07	15882.07	18751.8885	13	16904.36
abs2n50	6	 low	50	5	2	ML	 SP	17373.68	290.37	1549.68	13436	2577	222732.5	11191.8332	0.030196	17511.1943	92.1872	17389.05	510	17853.05	17836.26	20423.7897	14	17595.37
abs3n15	6	 low	15	2	3	ML	 SP	6915.0	114.64	588.36	4378	2148	184494.0	3179.3535	0.033125	6932.997	10.2926	6915.0	82	7229.0	7228.1	8003.7591	20	6930.1
abs3n10	6	 low	10	3	3	ML	 SP	6122.25	56.74	303.51	4630	1157	118325.5	3989.4122	0.032727	6123.962	0.8959	6122.25	217	6148.25	6148.25	7009.8129	15	6122.25
abs3n20	6	 low	20	2	3	ML	 SP	7713.02	113.4	604.74	4212	3225	173451.0	2844.3468	0.030476	7729.6876	38.5101	7713.14	41	8155.14	8155.14	8422.0925	21	7713.02
abs3n10	6	 low	10	4	3	ML	 SP	7156.06	58.87	305.19	5772	1020	118325.5	5272.2685	0.032727	7168.9631	10.5165	7156.06	329	7156.06	7155.95	8797.7145	13	7158.15
abs2n5	6	 low	5	3	2	ML	 SP	4184.4	28.92	192.48	3306	657	49384.5	3073.4756	0.028333	4184.4	0.0	4184.4	588	4184.4	4184.4	5444.3726	15	4184.4
abs2n5	6	 low	5	4	2	ML	 SP	5089.13	29.43	188.7	4340	531	49384.5	4082.015	0.028333	5089.954	0.4485	5089.13	589	5089.13	5089.13	6641.383	25	5089.13
abs2n5	6	 low	5	5	2	ML	 SP	5972.44	25.08	192.87	5046	709	49384.5	5070.7793	0.028333	5973.732	0.485	5972.95	590	5972.95	5972.95	5093.7992	15	5972.95
abs3n25	6	 low	25	2	3	ML	 SP	8686.27	134.55	855.72	5670	2945	192264.0	4071.6766	0.031923	8690.6261	5.1682	8686.27	65	9605.27	9598.31	10260.7703	23	8686.31
abs3n10	6	 low	10	5	3	ML	 SP	8210.56	56.11	306.45	6719	1095	118325.5	6578.7056	0.032727	8246.8343	42.5488	8210.56	534	8177.5598	8177.5598	10967.4083	14	8215.32
abs3n15	6	 low	15	3	3	ML	 SP	8115.59	124.79	580.38	5836	1673	184494.0	4656.093	0.033125	8172.7743	33.5135	8121.17	531	8214.17	8209.6698	9027.6955	14	8115.59
abs3n15	6	 low	15	4	3	ML	 SP	9168.51	112.21	588.3	7675	751	184494.0	6126.3271	0.033125	9168.5757	0.2459	9168.51	531	9128.51	9128.5099	10616.2685	14	9168.51
abs3n15	6	 low	15	5	3	ML	 SP	10312.11	108.92	590.19	8296	1320	184494.0	7599.8138	0.033125	10315.6933	2.7035	10312.11	530	10315.11	10315.11	11983.5728	15	10317.75
abs3n20	6	 low	20	3	3	ML	 SP	8581.18	120.33	599.85	5300	2784	173451.0	4150.2652	0.030476	8582.336	0.9719	8581.18	419	8804.18	8804.18	8840.1095	20	8583.18
abs3n30	6	 low	30	2	3	ML	 SP	9088.7	232.86	1194.84	4678	3598	204549.0	2835.6878	0.030968	9092.097	2.9276	9088.7	144	9703.7	9692.7	10360.0262	20	9090.7
abs3n30	6	 low	30	3	3	ML	 SP	9468.09	232.88	1194.21	5674	2739	204549.0	4014.9878	0.030968	9488.0353	17.7909	9468.09	139	9840.09	9838.09	10469.2485	17	9468.09
abs3n20	6	 low	20	4	3	ML	 SP	9451.89	126.67	593.22	6296	2602	173451.0	5450.6735	0.030476	9518.6271	28.3132	9451.89	528	9618.89	9605.81	10236.8272	14	9529.57
abs3n20	6	 low	20	5	3	ML	 SP	10477.49	120.72	598.77	7718	2085	173451.0	6753.8369	0.030476	10482.3991	1.9725	10478.49	528	10522.49	10522.4899	11868.9632	11	10479.49
abs3n25	6	 low	25	3	3	ML	 SP	10341.86	147.94	844.92	7742	1690	192264.0	5942.515	0.031923	10376.0714	10.1758	10341.86	525	10424.86	10421.7	11686.3566	17	10346.83
abs3n25	6	 low	25	4	3	ML	 SP	11974.28	156.98	833.58	9698	1463	192264.0	7813.3533	0.031923	11993.6071	11.741	11974.56	525	12151.56	12151.56	13289.5396	14	11978.1
abs3n25	6	 low	25	5	3	ML	 SP	13839.72	154.01	840.36	11376	1529	192264.0	9702.9	0.031923	13859.9308	5.3811	13848.37	526	13899.37	13897.78	15397.5657	12	13964.33
abs3n35	6	 low	35	2	3	ML	 SP	9979.99	268.83	1374.69	5623	3041	195931.0	4338.9331	0.031111	10025.0784	23.5092	10001.52	381	10309.52	10303.52	11782.1768	19	9979.99
abs3n30	6	 low	30	4	3	ML	 SP	10245.7	230.95	1194.75	6476	2642	204549.0	5200.0965	0.030968	10280.6691	26.7644	10245.7	523	10543.7	10543.7	11526.9014	11	10258.59
abs3n30	6	 low	30	5	3	ML	 SP	11141.67	232.39	1197.6	8042	1935	204549.0	6379.3944	0.030968	11208.2541	46.4913	11144.99	521	11406.99	11352.82	12512.6728	12	11141.67
abs3n35	6	 low	35	3	3	ML	 SP	11637.35	255.81	1383.21	7980	1958	195931.0	6235.5497	0.031111	11659.6396	19.4337	11645.02	517	11577.02	11554.03	13020.463	13	11641.78
abs3n40	6	 low	40	2	3	ML	 SP	10221.6	259.09	1440.51	4982	4266	195433.0	2770.3418	0.032439	10275.5933	24.6935	10221.6	364	10948.6	10946.22	11449.6484	15	10394.82
abs3n35	6	 low	35	4	3	ML	 SP	13173.89	264.93	1377.96	9866	1564	195931.0	8136.8609	0.031111	13357.8958	169.1104	13173.89	516	13073.89	13070.67	14514.5179	15	13183.41
abs3n35	6	 low	35	5	3	ML	 SP	14830.4	277.12	1366.95	11684	1576	195931.0	10025.8515	0.031111	14925.7893	46.857	14870.07	517	14904.07	14833.77	16583.0676	15	15295.64
abs3n40	6	 low	40	3	3	ML	 SP	10418.79	276.41	1430.55	5412	3859	195433.0	3872.7328	0.032439	10575.1227	63.8738	10455.96	510	10978.96	10976.06	11946.3655	11	10418.79
abs3n40	6	 low	40	4	3	ML	 SP	11050.6	257.99	1450.38	6506	3244	195433.0	4977.6904	0.032439	11255.9692	100.5653	11086.37	512	11458.37	11456.37	12190.1465	12	11303.6
abs3n45	6	 low	45	2	3	ML	 SP	10764.67	277.79	1448.88	5896	4493	200749.0	2612.5269	0.032174	11103.6436	158.8183	10764.67	430	12115.67	12111.12	11373.5658	11	10814.64
abs3n5	6	 low	5	2	3	ML	 SP	5902.29	32.43	169.86	5226	474	100922.0	4385.6588	0.04	5902.29	0.0	5902.29	46	5902.29	5902.29	7438.5239	12	5902.29
abs3n40	6	 low	40	5	3	ML	 SP	11995.02	294.75	1417.5	7719	2719	195433.0	6082.3286	0.032439	12043.341	44.2425	11997.25	515	12152.25	12152.25	13359.7202	10	12365.27
abs3n5	6	 low	5	4	3	ML	 SP	9284.5	31.29	171.21	8302	780	100922.0	8614.6429	0.04	9284.5	0.0	9284.5	16	9284.5	9284.5	14191.1901	15	9284.5
abs3n5	6	 low	5	3	3	ML	 SP	7692.37	37.65	165.72	6362	1102	100922.0	6480.9282	0.04	7692.37	0.0	7692.37	36	7667.37	7667.37	10061.3297	16	7692.37
abs3n45	6	 low	45	3	3	ML	 SP	11150.16	301.8	1434.36	6478	3765	200749.0	3629.7959	0.032174	11186.6767	25.5293	11150.16	407	11980.16	11979.16	11441.4784	12	11275.25
abs4n10	6	 low	10	2	4	ML	 SP	6223.46	52.17	304.29	4082	2011	112460.5	3285.6876	0.026364	6243.3943	24.8808	6223.46	47	6449.46	6446.06	6880.6102	14	6223.46
abs3n45	6	 low	45	4	3	ML	 SP	11375.5	276.51	1464.99	6686	3569	200749.0	4647.6625	0.032174	11417.5537	38.1732	11375.5	508	11996.5	11996.5	12445.4708	12	11593.3
abs4n15	6	 low	15	2	4	ML	 SP	6438.47	70.39	421.08	5314	830	125072.0	3023.8539	0.02625	6468.15	35.2206	6438.47	48	6636.47	6635.35	6995.8815	14	6438.47
abs3n45	6	 low	45	5	3	ML	 SP	11878.65	256.35	1482.3	7682	3060	200749.0	5663.1398	0.032174	11926.2978	59.4928	11878.65	509	12480.65	12480.65	13533.9157	12	12059.63
abs3n50	6	 low	50	2	3	ML	 SP	11105.55	290.83	1551.72	6048	3614	210041.0	3753.5574	0.032157	11208.8415	97.3769	11105.55	504	11504.55	11504.55	12339.1313	14	12638.41
abs3n50	6	 low	50	3	3	ML	 SP	12327.77	321.49	1529.28	7898	2928	210041.0	5324.3961	0.032157	12448.1673	107.0902	12327.77	510	12676.77	12651.07	14347.4585	15	13144.84
abs3n50	6	 low	50	4	3	ML	 SP	13549.8	326.71	1526.22	9496	2736	210041.0	6898.4438	0.032157	13846.2082	30.6558	13777.93	502	14085.93	13999.12	15255.2346	14	14508.89
abs3n50	6	 low	50	5	3	ML	 SP	14993.44	276.92	1571.52	10644	2816	210041.0	8472.092	0.032157	15083.5823	68.9429	14993.44	510	15308.44	15308.34	16649.8986	13	17227.39
abs4n20	6	 low	20	2	4	ML	 SP	8323.82	95.08	583.74	5566	2390	182400.0	4184.0415	0.027619	8335.1765	10.0541	8323.82	122	8634.82	8627.82	9218.0395	23	8323.82
abs4n15	6	 low	15	3	4	ML	 SP	7251.42	63.68	427.74	6156	719	125072.0	4362.3751	0.02625	7253.7567	3.1927	7251.42	246	7367.4199	7367.4199	7853.7112	15	7251.42
abs3n5	6	 low	5	5	3	ML	 SP	11437.59	22.72	174.87	10680	560	100922.0	10743.7177	0.04	11437.8439	0.1789	11437.59	590	11437.59	11437.59	18194.8216	18	11437.59
abs4n10	6	 low	10	3	4	ML	 SP	7425.87	55.44	302.43	5654	1533	112460.5	4815.0455	0.026364	7526.2756	62.4606	7425.87	561	7544.87	7541.33	8214.3358	16	7541.33
abs4n10	6	 low	10	4	4	ML	 SP	8675.35	52.59	302.76	7132	1183	112460.5	6348.4069	0.026364	8689.9	20.2247	8675.35	534	8671.35	8671.35	10102.1122	14	8675.35
abs4n10	6	 low	10	5	4	ML	 SP	10029.35	55.43	298.92	8590	1085	112460.5	7865.7958	0.026364	10030.6057	1.4988	10029.35	551	10029.35	10029.35	11911.4301	14	10033.11
abs4n25	6	 low	25	2	4	ML	 SP	8565.06	113.92	727.2	4006	6450	175022.5	2662.7397	0.027308	8797.4482	8.5914	8585.12	164	11297.12	9477.94	8582.8518	17	8565.06
abs4n25	6	 low	25	3	4	ML	 SP	9153.48	125.81	713.67	6042	2815	175022.5	3848.3296	0.027308	9163.1637	8.7157	9153.48	176	9697.48	9694.25	9468.9075	19	9155.25
abs4n15	6	 low	15	4	4	ML	 SP	8327.03	62.48	431.55	6358	1563	125072.0	5717.1872	0.02625	8354.1985	30.5888	8327.03	531	8415.03	8412.57	9426.1529	13	8391.63
abs4n15	6	 low	15	5	4	ML	 SP	9373.79	66.93	424.86	7602	1334	125072.0	7044.0651	0.02625	9385.01	4.7805	9373.79	530	9427.79	9427.79	10996.5885	11	9383.1
abs4n20	6	 low	20	3	4	ML	 SP	9941.06	92.3	587.76	7274	2177	182400.0	6047.238	0.027619	10000.9736	52.6592	9941.06	529	10132.06	10115.94	10889.4727	14	10057.57
abs4n30	6	 low	30	2	4	ML	 SP	8688.08	146.91	814.17	5078	4323	173807.0	3117.2975	0.027419	8849.99	158.7721	8688.08	191	10363.08	10360.08	8987.3223	17	8738.49
abs4n20	6	 low	20	4	4	ML	 SP	11572.9422	91.67	587.27	9017	1959	182400.0	7912.811	0.027619	11575.5384	5.5779	11572.9422	527	11655.9422	11640.4395	13197.0143	10	11573.44
abs4n35	6	 low	35	2	4	ML	 SP	8781.04	183.09	978.0	5018	4009	176871.0	3602.7045	0.028056	8838.0053	28.6028	8805.09	134	10188.09	10185.35	9622.4203	17	8781.04
abs4n20	6	 low	20	5	4	ML	 SP	13107.71	88.58	593.64	10680	1870	182400.0	9762.9638	0.027619	13167.7584	33.5902	13142.22	527	13232.22	13207.1	14756.53	14	13223.62
abs4n25	6	 low	25	4	4	ML	 SP	9740.9	122.74	719.16	6720	2622	175022.5	5042.7942	0.027308	9794.9525	39.4681	9740.9	525	10184.9	10184.9	10735.1819	12	9743.75
abs4n25	6	 low	25	5	4	ML	 SP	10647.76	117.69	731.07	7464	2628	175022.5	6222.0427	0.027308	10727.7546	27.0165	10647.76	523	10940.76	10862.32	11722.0208	14	10766.98
abs4n30	6	 low	30	3	4	ML	 SP	9453.5	135.12	829.38	5944	3684	173807.0	4514.7847	0.027419	9492.1729	30.0983	9453.5	518	10593.4999	10593.4999	10300.084	13	9483.87
abs4n30	6	 low	30	4	4	ML	 SP	10408.05	133.91	831.57	6868	3470	173807.0	5913.5332	0.027419	10697.073	27.2123	10637.48	520	11303.48	11303.48	11610.1856	14	10822.46
abs4n40	6	 low	40	3	4	ML	 SP	10901.1	188.74	1050.36	6680	4296	205643.5	4142.2123	0.028537	10902.976	1.0291	10901.1	263	12216.1	12209.9	11272.689	15	10902.9
abs4n30	6	 low	30	5	4	ML	 SP	11666.43	142.06	821.37	8438	2769	173807.0	7313.5447	0.027419	11728.8825	74.9057	11666.43	521	12171.43	12132.45	13192.4559	14	11724.09
abs4n35	6	 low	35	3	4	ML	 SP	10169.07	200.48	963.9	7044	2507	176871.0	5207.9468	0.028056	10329.5435	69.2103	10244.38	516	10715.38	10713.38	11535.7345	16	10169.07
abs4n35	6	 low	35	4	4	ML	 SP	11567.55	170.86	997.53	8948	1755	176871.0	6818.5578	0.028056	11587.3115	36.525	11569.39	520	11871.39	11870.39	12726.2163	11	11657.67
abs4n40	6	 low	40	2	4	ML	 SP	10114.95	195.06	1045.89	3526	13999	205643.5	2901.7949	0.028537	10889.4436	6.8133	10114.95	448	18765.95	12360.1	10107.908	11	10840.02
abs4n35	6	 low	35	5	4	ML	 SP	12844.44	165.3	997.14	10078	1860	176871.0	8415.0801	0.028056	12932.4118	94.8797	12844.44	518	13101.4399	13101.4399	14398.2454	11	13153.46
abs4n40	6	 low	40	4	4	ML	 SP	11658.32	194.04	1046.28	7620	3665	205643.5	5382.6298	0.028537	11834.5756	133.5961	11668.32	517	12525.32	12525.32	12562.0336	9	11910.3
abs4n40	6	 low	40	5	4	ML	 SP	12561.12	182.5	1059.75	8936	2870	205643.5	6627.8364	0.028537	12568.174	5.6701	12563.25	510	13048.25	13046.61	13618.2095	10	12666.79
abs4n5	6	 low	5	2	4	ML	 SP	3776.7	23.12	158.58	2412	1183	43736.5	2220.7983	0.025	3776.7	0.0	3776.7	7	3776.7	3776.7	4944.3718	10	3776.7
abs4n5	6	 low	5	4	4	ML	 SP	5056.62	21.08	159.54	4380	496	43736.5	4334.9532	0.025	5056.8379	0.167	5056.62	9	5056.62	5056.62	8566.9547	19	5056.62
abs4n5	6	 low	5	3	4	ML	 SP	4431.05	23.98	158.07	2837	1410	43736.5	3262.2415	0.025	4431.05	0.0	4431.05	50	4431.05	4431.05	5451.186	9	4431.05
abs5n10	6	 low	10	2	5	ML	 SP	5242.2	78.46	380.97	2810	2116	94256.0	2429.5769	0.038182	5256.7422	4.4225	5251.43	25	5385.43	5380.44	5597.0972	9	5251.43
abs4n5	6	 low	5	5	4	ML	 SP	6255.56	25.2	153.36	5816	261	43736.5	5365.1557	0.025	6255.56	0.0	6255.56	102	6255.56	6255.56	10181.3457	10	6255.56
abs4n45	6	 low	45	2	4	ML	 SP	10749.76	265.58	1415.34	6156	4112	207204.5	4112.1342	0.028696	10825.2403	36.6726	10778.92	512	11948.92	11933.84	11888.5042	12	11398.54
abs4n45	6	 low	45	3	4	ML	 SP	11999.81	248.94	1434.27	7970	2992	207204.5	5886.5273	0.028696	12166.2692	58.9982	12052.21	511	12645.21	12645.21	13182.8513	12	12424.75
abs4n45	6	 low	45	4	4	ML	 SP	13603.5	249.4	1430.37	9736	2601	207204.5	7657.9283	0.028696	13720.0721	28.9752	13685.77	510	14016.77	13995.4299	15091.6856	14	13763.06
abs4n45	6	 low	45	5	4	ML	 SP	15050.26	249.08	1432.08	11520	2229	207204.5	9433.3189	0.028696	15227.8475	65.3841	15160.16	509	15431.16	15409.04	16822.0712	12	15675.62
abs4n50	6	 low	50	2	4	ML	 SP	11155.72	310.3	1710.42	6254	4654	222896.5	4572.8861	0.029216	11284.1936	65.7899	11206.72	507	12928.72	12893.72	12121.9678	14	12892.1
abs4n50	6	 low	50	3	4	ML	 SP	12971.41	318.08	1710.33	8584	3692	222896.5	6522.6091	0.029216	13120.5321	82.5106	12971.41	508	14305.41	14304.81	15867.0063	14	13676.96
abs5n15	6	 low	15	2	5	ML	 SP	6444.93	78.62	395.31	4368	1773	118284.0	3452.2543	0.038125	6453.964	6.2045	6444.93	127	6614.93	6614.93	7465.5932	20	6444.93
abs4n50	6	 low	50	4	4	ML	 SP	15019.33	320.86	1703.82	10618	3208	222896.5	8472.3322	0.029216	15588.3918	476.9892	15046.68	502	15850.68	15850.68	16395.5242	14	16063.28
abs4n50	6	 low	50	5	4	ML	 SP	16891.12	323.02	1697.1	12752	2781	222896.5	10431.7073	0.029216	16960.6413	28.1052	16891.12	506	17553.12	17544.95	18853.7356	13	17469.7654
abs5n10	6	 low	10	3	5	ML	 SP	5750.24	89.18	373.53	3690	1700	94256.0	3500.1709	0.038182	5834.71	0.0	5834.71	441	5852.71	5852.71	6545.4645	13	5750.24
abs5n20	6	 low	20	2	5	ML	 SP	8635.53	139.33	676.2	6240	1428	172582.0	4825.3334	0.035714	8659.0567	16.2142	8635.53	299	8483.53	8483.5297	9207.8901	18	8646.99
abs5n25	6	 low	25	2	5	ML	 SP	8444.46	179.08	910.38	5682	1902	165277.0	4725.5265	0.033462	8466.8244	22.091	8444.46	62	8673.46	8657.33	9405.2316	25	8448.33
abs5n10	6	 low	10	4	5	ML	 SP	6488.07	79.13	380.94	4782	1245	94256.0	4573.0047	0.038182	6488.07	0.0	6488.07	567	6488.07	6488.07	7623.7406	12	6490.6
abs5n10	6	 low	10	5	5	ML	 SP	7325.81	72.58	385.23	5478	1390	94256.0	5648.0852	0.038182	7326.5243	0.864	7325.81	533	7325.81	7325.81	8812.022	14	7325.81
abs5n15	6	 low	15	3	5	ML	 SP	7521.5	83.67	391.83	5360	1751	118284.0	5026.1014	0.038125	7536.9069	10.2097	7521.5	551	7586.5	7581.7599	8168.839	13	7521.76
abs5n15	6	 low	15	4	5	ML	 SP	8862.37	83.08	393.33	6830	1624	118284.0	6611.5637	0.038125	8884.8539	11.5937	8871.41	531	8930.41	8910.41	9780.0535	13	8872.73
abs5n15	6	 low	15	5	5	ML	 SP	10352.98	88.24	388.74	8380	1494	118284.0	8181.0485	0.038125	10413.4029	55.862	10352.98	531	10351.98	10351.98	11607.4906	13	10481.66
abs5n20	6	 low	20	3	5	ML	 SP	10429.96	150.18	669.78	8418	1177	172582.0	6967.6278	0.035714	10495.0907	54.7142	10429.96	529	10415.96	10370.4999	11248.8004	19	10434.62
abs5n20	6	 low	20	4	5	ML	 SP	12384.9	144.52	673.41	10690	784	172582.0	9117.3867	0.035714	12425.1877	11.6488	12411.93	528	12291.93	12291.93	13309.0165	14	12384.9
abs5n30	6	 low	30	2	5	ML	 SP	8221.76	178.77	912.99	4956	2455	154354.0	3017.1076	0.032903	8299.1591	44.7111	8221.76	187	8502.76	8500.13	8783.7669	23	8236.34
abs5n20	6	 low	20	5	5	ML	 SP	14236.83	142.22	674.61	12379	995	172582.0	11257.193	0.035714	14244.5618	8.553	14236.83	527	14192.8299	14192.65	15740.4995	11	14254.65
abs5n35	6	 low	35	2	5	ML	 SP	9344.22	191.31	1031.91	5342	3523	186176.0	3181.5235	0.031389	9356.0871	11.4213	9344.22	114	10088.22	10088.14	10229.9961	17	9347.14
abs5n35	6	 low	35	3	5	ML	 SP	10553.71	205.84	1017.87	6814	2611	186176.0	4568.2552	0.031389	10593.8159	36.758	10553.71	175	10648.71	10646.09	11437.0589	17	10563.26
abs5n25	6	 low	25	3	5	ML	 SP	10215.4	164.93	922.47	7962	1280	165277.0	6727.0297	0.033462	10237.2976	23.3673	10215.4	525	10329.4	10326.3298	11312.0857	15	10215.4
abs5n25	6	 low	25	4	5	ML	 SP	12265.11	181.15	910.59	9898	1290	165277.0	8735.9735	0.033462	12350.4541	48.328	12291.74	525	12280.74	12280.74	13583.4571	17	12324.03
abs5n25	6	 low	25	5	5	ML	 SP	13975.38	189.8	906.9	11512	1425	165277.0	10725.3924	0.033462	13987.33	6.7722	13982.7	525	14033.7	14033.7	15460.2379	15	14008.41
abs5n30	6	 low	30	3	5	ML	 SP	9117.23	161.13	934.2	5932	2340	154354.0	4344.5214	0.032903	9200.2142	20.1032	9174.33	521	9367.33	9352.45	9686.3047	12	9117.23
abs5n30	6	 low	30	4	5	ML	 SP	10199.86	184.85	914.01	7184	2057	154354.0	5676.634	0.032903	10251.7256	33.0382	10211.86	520	10339.86	10339.86	11060.6907	13	10385.18
abs5n30	6	 low	30	5	5	ML	 SP	11380.33	185.76	912.57	8210	2159	154354.0	7005.2225	0.032903	11408.6964	29.0467	11380.33	522	11467.33	11467.33	12280.4984	11	11589.65
abs5n40	6	 low	40	2	5	ML	 SP	9503.74	256.99	1272.75	5414	3580	180550.5	3365.0175	0.03122	9556.915	16.9774	9503.74	371	10524.74	10517.74	10263.2609	12	9843.93
abs5n35	6	 low	35	4	5	ML	 SP	11431.97	183.92	1043.37	8272	2280	186176.0	5959.4459	0.031389	11571.7792	15.3939	11557.29	518	11779.29	11763.56	12523.7914	12	11572.43
abs5n35	6	 low	35	5	5	ML	 SP	12598.97	216.31	1009.05	9588	2077	186176.0	7341.7186	0.031389	12706.8498	27.4214	12666.36	516	12890.36	12889.42	13551.1008	13	12696.32
abs5n40	6	 low	40	3	5	ML	 SP	10568.46	234.19	1299.27	6668	3035	180550.5	4792.0163	0.03122	10609.7755	43.4184	10568.46	516	11236.46	11236.46	11869.2804	11	11333.9367
abs5n40	6	 low	40	4	5	ML	 SP	11861.44	238.3	1294.47	8032	2531	180550.5	6219.015	0.03122	11950.1659	54.3937	11915.77	516	12095.77	12095.77	13152.8403	10	11861.44
abs5n5	6	 low	5	2	5	ML	 SP	2855.1	35.46	164.64	2442	213	33031.0	2242.7839	0.04	2856.2863	0.7529	2855.1	2	2855.1	2855.1	3141.073	19	2855.1
abs5n40	6	 low	40	5	5	ML	 SP	12964.62	228.69	1302.3	9336	2346	180550.5	7652.651	0.03122	13002.258	22.7717	12978.99	512	13212.99	13212.77	14336.3871	10	13422.41
abs5n45	6	 low	45	2	5	ML	 SP	10382.57	287.97	1458.6	2944	15571	163754.0	2618.1895	0.031087	10636.8	136.8795	10382.57	513	20261.57	11601.7	10374.861	11	10533.5
abs5n5	6	 low	5	5	5	ML	 SP	5974.77	24.2	171.57	4836	943	33031.0	5365.1134	0.04	5974.96	0.2328	5974.77	44	5974.77	5974.77	3925.8974	14	5974.77
abs5n45	6	 low	45	3	5	ML	 SP	10516.38	257.39	1488.99	5884	3799	163754.0	3634.5021	0.031087	10605.7782	152.565	10516.38	508	11430.38	11393.67	10865.798	11	10586.36
abs5n45	6	 low	45	4	5	ML	 SP	11001.93	268.41	1472.52	6848	2907	163754.0	4654.6535	0.031087	11071.5096	41.3755	11009.93	508	11495.93	11474.93	12674.4664	12	11275.73
abs5n45	6	 low	45	5	5	ML	 SP	11654.79	280.23	1470.72	7734	2361	163754.0	5669.5939	0.031087	11839.3202	52.5435	11791.95	504	11846.95	11846.95	13554.654	15	11887.82
abs5n50	6	 low	50	2	5	ML	 SP	10716.39	286.28	1549.11	6032	4267	202575.0	4298.7536	0.03098	10857.0856	64.5946	10716.39	510	12134.39	12050.18	12062.6788	18	12049.93
abs5n50	6	 low	50	3	5	ML	 SP	12567.3915	270.98	1567.41	8286	3158	202575.0	6140.7113	0.03098	12689.9979	92.7255	12567.3915	505	13283.3915	13186.08	13734.3082	17	14062.6
abs5n50	6	 low	50	4	5	ML	 SP	14153.72	261.94	1572.78	10012	2802	202575.0	7985.5072	0.03098	14302.027	175.2725	14153.72	504	14648.72	14644.84	15746.5386	18	14458.62
abs5n50	6	 low	50	5	5	ML	 SP	15948.51	276.86	1559.13	12016	2469	202575.0	9831.2503	0.03098	16007.0611	38.5386	15952.99	508	16320.99	16307.79	17429.8375	19	16182.97
abs5n5	6	 low	5	3	5	ML	 SP	3842.29	28.72	168.57	3394	251	33031.0	3261.1486	0.04	3842.5855	0.2339	3842.29	592	3842.29	3842.29	7848.4304	31	3842.29
abs5n5	6	 low	5	4	5	ML	 SP	4876.62	20.15	175.47	4320	361	33031.0	4296.2078	0.04	4876.9	0.2022	4876.62	567	4876.62	4876.62	7848.4304	24	4876.62
abs1n10	3	 high	10	2	1	OU	 US	4479.55	443.05	1873.5	1568	730	102097.5	2402.1266	0.308182	4540.0012	30.2949	4479.55	2	4614.55	4614.55	4882.6396	50	4479.55
abs1n10	3	 high	10	3	1	OU	 US	4930.64	423.04	1899.6	2038	665	102097.5	2921.4529	0.308182	4982.2098	41.5638	4930.64	5	5026.64	4958.67	5358.126	48	4930.64
abs1n10	3	 high	10	5	1	OU	 US	5952.92	427.52	1895.4	2824	806	102097.5	3960.6558	0.308182	5994.0108	31.6262	5952.92	5	5952.92	5952.92	6574.2186	37	5952.92
abs1n15	3	 high	15	2	1	OU	 US	5287.58	504.48	2369.1	1678	917	125773.0	2539.0906	0.285	5342.7674	43.3913	5287.58	9	5468.58	5409.5	5699.2315	42	5287.58
abs1n15	3	 high	15	5	1	OU	 US	6327.34	457.54	2431.8	2626	817	125773.0	3713.4819	0.285	6343.8115	19.4816	6327.34	17	6332.34	6327.34	6359.943	40	6327.34
abs1n15	3	 high	15	4	1	OU	 US	5978.14	522.54	2370.6	2340	756	125773.0	3321.3847	0.285	5990.4538	10.6672	5978.14	21	5989.14	5975.14	6280.8048	39	5978.14
abs1n10	3	 high	10	4	1	OU	 US	5435.05	372.65	1922.4	2458	682	102097.5	3437.5131	0.308182	5513.1425	32.9331	5435.05	6	5435.05	5457.86	5434.0542	40	5445.86
abs1n15	3	 high	15	3	1	OU	 US	5422.58	504.48	2369.1	1742	955	125773.0	2928.0319	0.285	5484.0421	41.363	5422.58	15	5570.58	5507.82	5535.0506	47	5422.58
abs1n20	3	 high	20	3	1	OU	 US	7132.62	727.32	3102.3	2388	1059	143179.5	3352.8313	0.287619	7197.2605	44.4519	7132.62	28	7276.62	7276.62	8187.3286	40	7132.62
abs1n20	3	 high	20	2	1	OU	 US	6692.81	726.21	3072.6	2078	1176	143179.5	2792.8426	0.287619	6759.6888	44.513	6692.81	40	7052.81	7051.08	6990.6202	50	6692.81
abs1n25	3	 high	25	2	1	OU	 US	7743.7	830.0	3620.7	2554	1073	188676.5	2819.3846	0.294615	7789.9778	46.4792	7743.7	36	8078.7	8047.6998	7776.7947	36	7743.7
abs1n20	3	 high	20	4	1	OU	 US	7751.17	674.77	3143.4	3226	873	143179.5	3917.7374	0.287619	7803.3352	50.8985	7751.17	72	7918.17	7889.46	7805.1064	31	7751.17
abs1n20	3	 high	20	5	1	OU	 US	8181.54	719.14	3113.4	3752	832	143179.5	4481.2428	0.287619	8328.9348	77.6506	8181.54	80	8416.54	8345.45	8352.7886	42	8231.54
abs1n25	3	 high	25	3	1	OU	 US	7829.54	830.34	3664.2	2336	1304	188676.5	3235.942	0.294615	7997.5874	96.7336	7829.54	63	8135.54	8116.06	7970.3897	43	7846.79
abs1n30	3	 high	30	2	1	OU	 US	10733.64	1548.54	5720.1	2688	888	201361.0	3491.127	0.285484	10760.7566	16.5299	10733.64	58	10844.64	10799.45	10880.85	41	10739.45
abs1n25	3	 high	25	4	1	OU	 US	8131.02	853.12	3633.9	2730	1046	188676.5	3652.4993	0.294615	8176.4476	35.8788	8131.02	80	8264.02	8226.02	8208.1959	41	8131.02
abs1n30	3	 high	30	3	1	OU	 US	11086.18	1449.58	5835.6	2776	1287	201361.0	4019.8905	0.285484	11219.4185	73.5718	11086.18	151	11348.18	11328.18	11276.6368	39	11086.18
abs1n35	3	 high	35	2	1	OU	 US	10273.49	948.59	5949.9	1776	3243	188912.5	3286.2153	0.285833	10640.5057	68.3804	10273.49	166	11917.49	11052.38	10277.436	37	10530.38
abs1n30	3	 high	30	4	1	OU	 US	11028.22	994.42	6232.8	3030	980	201361.0	4550.1393	0.285484	11666.2976	16.5494	11028.22	198	11237.22	11775.27	11028.2861	33	11659.27
abs1n40	3	 high	40	3	1	OU	 US	11583.34	1160.84	6877.5	2438	2208	198950.0	4272.4017	0.291707	12443.6981	53.9769	11583.34	132	12684.34	12512.49	11582.5433	37	12357.07
abs1n40	3	 high	40	2	1	OU	 US	11011.94	1179.44	6853.5	1624	3271	198950.0	3743.1678	0.291707	11929.9395	27.8192	11011.94	166	12927.94	12414.69	11012.7706	38	11901.69
abs1n35	3	 high	35	3	1	OU	 US	10763.62	1307.72	5670.9	2560	1681	188912.5	3735.023	0.285833	10815.9268	40.4596	10763.62	208	11220.62	11215.51	11236.4293	41	10763.62
abs1n25	3	 high	25	5	1	OU	 US	8586.84	801.04	3691.8	3152	1033	188676.5	4067.9517	0.294615	8616.7544	17.9071	8586.84	377	8677.84	8665.15	9254.6069	32	8624.15
abs1n35	3	 high	35	4	1	OU	 US	11043.49	1272.59	5691.9	3126	1274	188912.5	4185.1297	0.285833	11157.8095	72.3147	11043.49	251	11364.49	11307.03	11224.5669	39	11131.03
abs1n30	3	 high	30	5	1	OU	 US	12084.56	1360.66	5910.9	3794	1199	201361.0	5077.4175	0.285484	12127.9932	40.439	12084.56	355	12265.56	12220.56	12313.9384	38	12084.56
abs1n35	3	 high	35	5	1	OU	 US	11624.42	1286.62	5671.8	3841	899	188912.5	4633.4499	0.285833	11640.1219	30.5229	11624.42	367	11699.42	11691.13	12254.7809	32	11626.13
abs1n45	3	 high	45	2	1	OU	 US	12022.75	1792.45	6771.3	2356	1625	205188.5	3846.5343	0.295435	12063.086	35.5555	12022.75	297	12544.75	12526.79	12400.7042	30	12030.27
abs1n5	3	 high	5	2	1	OU	 US	2029.15	132.85	594.3	902	400	72215.0	876.33	0.265	2085.946	23.1898	2029.15	0	2029.15	2029.15	2256.3179	30	2029.15
abs1n5	3	 high	5	3	1	OU	 US	2066.94	68.54	662.4	936	400	72215.0	1091.205	0.265	2236.37	32.5271	2066.94	0	2066.94	2176.57	2066.965	32	2176.57
abs1n5	3	 high	5	4	1	OU	 US	2465.87	135.27	594.6	1514	222	72215.0	1306.08	0.265	2587.3264	56.1978	2465.87	0	2465.87	2465.87	3058.5495	45	2465.87
abs2n10	3	 high	10	2	2	OU	 US	4835.05	364.55	1534.5	2606	449	155639.0	2208.0141	0.314545	4882.2791	37.0701	4835.05	6	4955.05	4927.05	4996.8618	32	4835.05
abs2n10	3	 high	10	3	2	OU	 US	5295.32	420.42	1491.9	2754	714	155639.0	2872.9112	0.314545	5330.1019	32.8798	5295.32	8	5380.32	5380.32	5677.6204	31	5295.32
abs2n10	3	 high	10	4	2	OU	 US	6206.05	393.45	1509.6	3539	849	155639.0	3537.8082	0.314545	6224.0529	25.43	6206.05	21	6292.05	6272.78	6720.4248	28	6206.05
abs1n45	3	 high	45	3	1	OU	 US	12507.27	1810.27	6753.0	2972	1372	205188.5	4351.4014	0.295435	12546.2379	36.5641	12507.27	340	12907.27	12905.27	12997.4017	28	12507.27
abs1n45	3	 high	45	4	1	OU	 US	12928.27	1810.27	6753.0	3626	958	205188.5	4857.4358	0.295435	12939.1831	7.9094	12928.27	329	13147.27	13147.27	13292.4973	29	12931.27
abs2n10	3	 high	10	5	2	OU	 US	6568.84	341.94	1569.9	3742	1009	155639.0	4206.7844	0.314545	6590.5367	13.9296	6568.84	11	6662.84	6662.84	7104.0205	30	6568.84
abs1n40	3	 high	40	4	1	OU	 US	12116.56	1160.66	6885.9	2736	2822	198950.0	4802.9857	0.291707	12939.2439	156.8014	12116.56	518	13604.56	12851.55	12117.4486	31	12727.43
abs2n15	3	 high	15	2	2	OU	 US	5354.11	507.71	2261.4	1806	985	127623.5	2111.3026	0.3075	5493.3911	55.3595	5354.11	14	5560.11	5536.89	6794.5932	36	5413.02
abs2n15	3	 high	15	3	2	OU	 US	5668.01	511.61	2252.4	2310	678	127623.5	2566.3689	0.3075	5734.1256	27.5529	5668.01	13	5753.01	5752.22	5897.3387	36	5668.01
abs2n15	3	 high	15	4	2	OU	 US	6040.88	511.18	2234.7	2720	602	127623.5	3023.7451	0.3075	6052.487	14.2653	6040.88	18	6067.88	6067.88	7036.8274	27	6040.88
abs2n20	3	 high	20	2	2	OU	 US	6427.92	773.32	3045.6	1962	848	149622.5	2302.0348	0.294762	6496.6078	44.752	6427.92	21	6628.92	6628.37	7486.5899	41	6427.92
abs1n40	3	 high	40	5	1	OU	 US	13351.37	1590.37	6495.0	4660	766	198950.0	5333.4018	0.291707	13474.1333	116.6471	13351.37	524	13511.37	13463.66	13449.8624	30	13355.41
abs2n20	3	 high	20	3	2	OU	 US	6464.88	769.48	3050.4	2112	740	149622.5	2617.3012	0.294762	6497.8232	20.3216	6464.88	20	6671.88	6630.86	6566.7062	41	6475.86
abs1n50	3	 high	50	2	1	OU	 US	13002.78	1290.38	7400.4	3050	2190	185596.0	4290.7625	0.299412	13073.6721	32.9233	13002.78	383	13930.78	13238.95	13006.5605	34	13038.95
abs2n20	3	 high	20	4	2	OU	 US	6662.69	694.39	3120.3	2290	639	149622.5	2931.3596	0.294762	6669.0478	7.8459	6662.69	28	6744.69	6733.5	6955.1204	36	6662.69
abs2n15	3	 high	15	5	2	OU	 US	6684.67	509.27	2243.4	3060	938	127623.5	3478.0414	0.3075	6713.8385	33.1113	6684.67	93	6751.67	6736.83	7098.647	33	6687.83
abs2n25	3	 high	25	2	2	OU	 US	8089.34	697.34	4098.0	2034	1722	176786.0	3197.6004	0.312308	8186.9168	16.0	8089.34	27	8551.34	8420.63	8090.8621	37	8139.21
abs2n25	3	 high	25	3	2	OU	 US	8522.41	953.11	3849.3	2848	944	176786.0	3762.3541	0.312308	8560.8079	21.8086	8522.41	46	8594.41	8594.41	9427.8551	38	8522.41
abs1n45	3	 high	45	5	1	OU	 US	13687.21	1702.31	6852.9	4250	942	205188.5	5362.5948	0.295435	13767.6304	63.7253	13687.21	515	13747.21	13712.72	14705.2105	27	13687.21
abs2n25	3	 high	25	4	2	OU	 US	8860.53	861.13	3947.4	2915	1156	176786.0	4325.4708	0.312308	8891.6742	23.0654	8860.53	56	8880.53	8866.72	9088.3506	26	8884.72
abs2n30	3	 high	30	2	2	OU	 US	9944.3	1116.2	5246.1	2338	1723	179408.0	3240.2597	0.297097	9979.6023	29.1136	9944.3	44	10423.3	10366.3	10009.2806	43	9944.3
abs1n50	3	 high	50	3	1	OU	 US	13634.99	1877.79	6943.2	4084	882	185596.0	4992.2658	0.299412	13843.1519	176.4224	13642.99	513	13787.99	13773.99	14429.1773	32	13744.21
abs2n20	3	 high	20	5	2	OU	 US	7058.54	675.94	3138.6	2402	976	149622.5	3250.0562	0.294762	7100.0028	37.0256	7058.54	133	7193.54	7192.54	7241.2642	39	7132.6
abs1n50	3	 high	50	4	1	OU	 US	14236.19	1861.93	6962.7	4568	1016	185596.0	5694.9249	0.299412	14360.7597	126.7161	14240.63	509	14408.63	14334.63	14796.1625	30	14240.63
abs2n30	3	 high	30	3	2	OU	 US	9830.27	1187.77	5167.5	2398	1676	179408.0	3689.5515	0.297097	10024.7773	69.0034	9830.27	74	10429.27	10369.24	10163.5121	44	9830.27
abs1n50	3	 high	50	5	1	OU	 US	15005.42	1781.32	7033.5	5514	703	185596.0	6396.0431	0.299412	15675.8633	409.9959	15011.82	511	15031.82	15031.82	16118.1508	27	15011.82
abs2n30	3	 high	30	4	2	OU	 US	10312.18	1146.48	5204.7	3146	1215	179408.0	4139.1752	0.297097	10429.0433	53.7643	10312.18	141	10712.18	10667.22	11534.8273	42	10392.62
abs2n35	3	 high	35	2	2	OU	 US	9323.2	1013.85	4743.6	2734	1591	205402.5	3088.8841	0.300278	9614.475	11.1951	9592.45	106	10082.45	10061.4498	9759.2512	32	9323.2
abs2n40	3	 high	40	2	2	OU	 US	10186.22	740.62	5406.6	1844	7510	210923.5	3326.2291	0.303659	10559.7589	75.0359	10186.22	77	15501.22	11142.2299	10188.1283	35	10436.0
abs2n35	3	 high	35	3	2	OU	 US	9528.64	991.04	4767.6	2610	1549	205402.5	3567.7561	0.300278	9532.4256	3.6973	9528.64	157	9918.64	9918.64	10090.8868	36	9528.64
abs2n35	3	 high	35	5	2	OU	 US	10429.25	980.05	4780.2	3592	1178	205402.5	4525.5002	0.300278	10443.4925	18.3777	10429.25	250	10530.25	10530.25	11063.7125	28	10473.2
abs2n40	3	 high	40	3	2	OU	 US	10503.75	1154.55	5095.2	2677	2272	210923.5	3858.9287	0.303659	10518.6107	16.9924	10503.75	258	11199.75	11150.24	10624.5207	30	10511.24
abs2n45	3	 high	45	3	2	OU	 US	12372.13	1589.53	6309.6	3706	1109	204224.5	4770.2338	0.29587	12430.2396	34.4013	12372.13	165	12714.13	12714.13	12538.3204	27	12494.52
abs2n25	3	 high	25	5	2	OU	 US	9516.45	867.55	3927.9	3823	907	176786.0	4893.5024	0.312308	9552.2959	26.7069	9516.45	547	9526.45	9526.45	9812.5741	34	9516.45
abs2n30	3	 high	30	5	2	OU	 US	10652.49	1102.89	5244.6	3190	1463	179408.0	4586.6442	0.297097	10694.347	32.3085	10652.49	530	11001.49	10978.49	11262.8033	27	10692.49
abs2n35	3	 high	35	4	2	OU	 US	10176.2	1000.0	4759.2	3472	1243	205402.5	4048.0971	0.300278	10384.0804	131.3704	10182.2	521	10474.2	10460.2	10228.0077	23	10182.2
abs2n5	3	 high	5	2	2	OU	 US	2016.14	124.14	543.0	1106	243	49384.5	912.2454	0.261667	2045.6773	22.0754	2016.14	0	2016.14	2016.14	2103.4161	30	2016.14
abs2n5	3	 high	5	3	2	OU	 US	2231.94	94.64	588.3	1200	349	49384.5	1203.7706	0.261667	2335.7417	24.4329	2231.94	0	2231.94	2297.81	2230.6934	29	2297.81
abs3n10	3	 high	10	2	3	OU	 US	3766.29	267.69	1518.6	918	1441	118325.5	1541.1067	0.322727	4064.2983	36.0865	3766.29	5	4145.29	4064.23	3767.0039	35	4018.23
abs3n10	3	 high	10	3	3	OU	 US	4213.29	260.29	1527.0	1350	1191	118325.5	1955.2437	0.322727	4360.8371	28.746	4213.29	7	4328.29	4330.77	4214.051	28	4334.22
abs3n10	3	 high	10	4	3	OU	 US	4675.81	397.81	1410.0	2514	389	118325.5	2377.8784	0.322727	4694.3843	23.3092	4675.81	5	4710.81	4710.81	4991.9141	28	4675.81
abs3n10	3	 high	10	5	3	OU	 US	5277.81	400.01	1408.8	3016	453	118325.5	2792.0029	0.322727	5307.6286	27.5995	5277.81	4	5277.81	5277.81	5368.147	29	5277.81
abs3n15	3	 high	15	2	3	OU	 US	5560.87	447.27	2739.6	908	2241	184494.0	2090.1101	0.32875	6062.6912	17.3728	5560.87	8	6335.87	6047.31	5559.9746	43	6036.32
abs2n40	3	 high	40	4	2	OU	 US	10849.7	1370.03	4890.0	3402	1839	210923.5	4391.6282	0.303659	10990.6443	145.1514	10851.03	517	11501.03	11428.65	11039.145	30	10944.65
abs3n15	3	 high	15	3	3	OU	 US	6176.19	602.09	2600.1	1808	1163	184494.0	2557.1701	0.32875	6224.9854	29.3155	6176.19	13	6173.19	6173.19	6880.8137	39	6176.19
abs2n40	3	 high	40	5	2	OU	 US	11534.49	1270.56	5008.5	3974	1568	210923.5	4925.3017	0.303659	11804.867	158.5762	11586.06	518	11821.06	11816.88	11924.2625	27	11744.95
abs2n50	3	 high	50	3	2	OU	 US	13771.03	1676.93	7091.1	3934	1375	222732.5	5314.0082	0.298824	13893.1143	31.9806	13849.03	199	14077.03	14077.03	14548.237	28	13771.03
abs2n45	3	 high	45	2	2	OU	 US	11031.11	1043.21	6843.9	1794	2789	204224.5	4152.5059	0.29587	12067.75	37.3482	11031.11	515	12470.11	12599.17	11031.2636	30	12119.09
abs3n15	3	 high	15	4	3	OU	 US	6606.99	436.99	2754.0	2132	1407	184494.0	3027.1862	0.32875	6773.16	3.3431	6606.99	36	6729.99	6741.35	6606.3619	34	6769.35
abs3n15	3	 high	15	5	3	OU	 US	7165.59	631.69	2577.9	2878	1089	184494.0	3493.1362	0.32875	7169.5144	4.8539	7165.59	23	7176.59	7175.59	7619.3122	27	7165.59
abs3n20	3	 high	20	2	3	OU	 US	7003.14	901.94	3088.2	2018	1228	173451.0	2110.6229	0.300476	7130.4583	70.0526	7003.14	24	7236.14	7236.14	7831.955	35	7003.14
abs3n20	3	 high	20	4	3	OU	 US	7582.16	921.16	3078.0	2606	1010	173451.0	2917.4458	0.300476	7594.6677	11.0496	7582.16	26	7615.16	7615.16	7865.5965	26	7582.16
abs3n20	3	 high	20	3	3	OU	 US	7456.31	897.91	3107.4	2373	1136	173451.0	2514.0344	0.300476	7486.469	30.3665	7456.31	57	7516.31	7491.79	7737.0348	39	7456.31
abs2n45	3	 high	45	4	2	OU	 US	12209.67	1040.57	6869.1	3348	1552	204224.5	5390.6931	0.29587	12917.1617	82.9702	12209.67	515	12809.67	13180.75	12208.8848	30	12801.05
abs3n20	3	 high	20	5	3	OU	 US	8052.47	797.47	3183.0	3294	771	173451.0	3322.1713	0.300476	8058.4367	4.5053	8052.47	45	8045.47	8045.47	8612.6205	30	8052.47
abs3n25	3	 high	25	2	3	OU	 US	8051.01	707.31	4571.7	1604	2758	192264.0	3055.1582	0.313846	8915.2892	58.869	8051.01	31	9641.01	8747.64	8049.94	48	8843.56
abs3n30	3	 high	30	2	3	OU	 US	10377.33	1078.13	6067.2	1212	5080	204549.0	3111.3113	0.307419	10766.1352	61.064	10377.33	52	13437.33	11003.36	10382.9032	33	10669.12
abs2n45	3	 high	45	5	2	OU	 US	13351.38	1468.53	6470.7	4714	1043	204224.5	6007.4447	0.29587	13663.2189	179.1013	13428.23	515	13697.23	13613.74	13977.0091	28	13442.74
abs3n30	3	 high	30	3	3	OU	 US	10636.42	1624.9	5652.0	2470	1178	204549.0	3472.2853	0.307419	10667.141	16.2439	10637.9	54	10925.9	10889.6	10807.9525	42	10636.42
abs3n25	3	 high	25	3	3	OU	 US	9247.69	1096.09	4203.6	3457	655	192264.0	3699.9873	0.313846	9293.8589	78.0847	9247.69	122	9412.69	9389.2	9417.7917	37	9247.69
abs3n25	3	 high	25	4	3	OU	 US	9948.05	1004.25	4300.8	3608	1016	192264.0	4347.2543	0.313846	10005.7016	38.5146	9948.05	119	9930.05	9897.05	10845.1553	37	9948.05
abs2n50	3	 high	50	2	2	OU	 US	13181.33	1114.63	7523.7	3084	2863	222732.5	4623.8621	0.298824	13383.822	66.9945	13181.33	511	14585.33	13882.81	13184.6515	35	13293.81
abs2n50	3	 high	50	4	2	OU	 US	14334.4	1581.8	7137.6	4368	1541	222732.5	6005.6321	0.298824	14533.3255	131.8595	14334.4	510	14628.4	14611.92	14677.1936	29	14334.4
abs3n35	3	 high	35	2	3	OU	 US	11357.57	1207.07	7069.5	2004	1393	195931.0	3954.1304	0.313056	12355.8055	32.6764	11357.57	91	11673.57	12297.38	11355.8977	42	12268.3
abs3n35	3	 high	35	3	3	OU	 US	11943.99	1209.29	7079.7	2698	1526	195931.0	4557.4956	0.313056	12787.7337	38.6121	11943.99	79	12512.99	12768.24	11941.9129	35	12732.71
abs3n30	3	 high	30	5	3	OU	 US	11185.25	1470.35	5787.9	3050	1128	204549.0	4195.3782	0.307419	11207.3407	9.8203	11185.25	99	11436.25	11422.53	11435.9909	30	11198.97
abs3n30	3	 high	30	4	3	OU	 US	10386.65	1018.65	6195.0	2418	996	204549.0	3834.0225	0.307419	10961.4269	69.1009	10386.65	180	10627.65	11282.35	10387.9159	35	10897.35
abs3n25	3	 high	25	5	3	OU	 US	10446.34	933.74	4350.6	4238	976	192264.0	4994.2187	0.313846	10478.5865	25.5831	10446.34	286	10498.34	10466.08	12025.2824	40	10446.34
abs2n50	3	 high	50	5	2	OU	 US	15002.67	1560.47	7189.2	5160	1438	222732.5	6697.072	0.298824	15497.2248	307.9802	15002.67	510	15347.67	15347.67	16011.564	29	15172.59
abs3n40	3	 high	40	2	3	OU	 US	11696.15	1070.45	6905.7	1110	7699	195433.0	3377.0378	0.323659	12168.2144	50.1608	11696.15	54	16785.15	12317.0	11693.3754	36	12111.34
abs3n45	3	 high	45	2	3	OU	 US	11987.14	1287.54	7749.6	638	7237	200749.0	3651.1769	0.32087	13325.6381	44.4944	11987.14	154	16912.14	13934.5699	11987.2465	27	13263.57
abs3n40	3	 high	40	3	3	OU	 US	11958.15	1721.45	6419.7	2146	2048	195433.0	3728.0068	0.323659	12067.83	55.2101	11958.15	299	12336.15	12310.94	11966.7486	28	12086.94
abs3n45	3	 high	45	3	3	OU	 US	12218.62	1278.02	7764.6	1504	3314	200749.0	3971.9653	0.32087	12878.0848	53.9507	12218.62	226	13860.62	13513.97	12217.0504	27	12770.01
abs3n35	3	 high	35	4	3	OU	 US	13213.78	1630.58	6670.2	3722	1314	195931.0	5160.8608	0.313056	13304.4143	62.059	13213.78	519	13337.78	13332.78	13293.2377	30	13256.78
abs3n35	3	 high	35	5	3	OU	 US	13696.84	1629.04	6695.7	4364	1249	195931.0	5767.9276	0.313056	14098.0981	317.805	13699.74	526	13937.74	13899.66	13727.3686	26	13989.98
abs3n5	3	 high	5	2	3	OU	 US	3336.18	222.18	783.0	1940	391	100922.0	2260.8544	0.395	3373.8444	28.6692	3336.18	0	3336.18	3336.18	3444.0252	18	3336.18
abs3n5	3	 high	5	3	3	OU	 US	4390.73	294.23	733.5	2274	1089	100922.0	2921.4816	0.395	4391.0633	0.9701	4390.73	0	4390.73	4390.73	4086.0085	18	4390.73
abs3n5	3	 high	5	4	3	OU	 US	4877.34	289.94	737.4	3718	132	100922.0	3582.1088	0.395	5147.5852	91.5156	4877.34	0	4877.34	4877.34	5469.504	46	4877.34
abs3n5	3	 high	5	5	3	OU	 US	4877.34	289.94	737.4	3718	132	100922.0	4249.9956	0.395	5128.9042	114.2326	4877.34	0	4877.34	4877.34	5890.715	24	4877.34
abs4n10	3	 high	10	2	4	OU	 US	4447.25	308.05	1525.2	2200	427	112460.5	2150.3969	0.257273	4499.9974	39.7948	4447.25	4	4460.25	4460.25	4586.814	34	4447.25
abs4n10	3	 high	10	3	4	OU	 US	4929.7	266.8	1545.9	2495	688	112460.5	2732.6353	0.257273	4992.5648	36.3338	4929.7	10	4996.7	4895.7	5795.2143	25	4929.7
abs4n10	3	 high	10	4	4	OU	 US	5400.04	307.34	1505.7	3198	389	112460.5	3320.5541	0.257273	5430.8928	30.7263	5400.04	14	5400.04	5400.04	5944.4718	25	5400.04
abs4n10	3	 high	10	5	4	OU	 US	6186.06	353.56	1438.5	3418	976	112460.5	3904.2127	0.257273	6196.8689	6.5559	6186.06	15	6186.06	6186.06	6331.1897	19	6186.06
abs4n15	3	 high	15	2	4	OU	 US	4790.46	352.76	1994.7	1974	705	125072.0	2174.917	0.251875	4864.8103	68.2834	4790.46	11	5026.46	5001.28	5249.7503	39	4790.46
abs4n15	3	 high	15	3	4	OU	 US	5062.32	347.82	2002.5	2544	197	125072.0	2609.8008	0.251875	5070.5316	5.7846	5062.32	10	5091.32	5091.32	5306.6162	31	5062.32
abs4n15	3	 high	15	4	4	OU	 US	5454.08	345.18	2016.9	2962	155	125072.0	3047.1141	0.251875	5459.6237	6.84	5454.08	21	5479.08	5479.08	6236.4625	27	5454.08
abs4n15	3	 high	15	5	4	OU	 US	5842.58	359.48	1982.1	3170	365	125072.0	3485.2409	0.251875	5856.3155	13.3248	5842.58	28	5876.58	5876.58	6451.3073	31	5842.58
abs3n40	3	 high	40	4	3	OU	 US	12181.77	1350.97	6649.8	2420	2468	195433.0	4079.8317	0.323659	12419.9534	36.151	12181.77	517	12888.77	12532.78	12178.9735	29	12486.75
abs3n40	3	 high	40	5	3	OU	 US	12609.11	1678.36	6466.5	3170	1486	195433.0	4431.0146	0.323659	12697.0877	64.1792	12622.86	518	12801.86	12759.86	12725.1553	31	12694.76
abs4n20	3	 high	20	2	4	OU	 US	6711.78	546.38	2636.4	2762	967	182400.0	3092.0003	0.27	6797.841	36.3091	6711.78	25	6911.78	6860.93	6954.045	42	6711.78
abs3n50	3	 high	50	2	3	OU	 US	12919.62	1372.32	7542.3	2192	3073	210041.0	4027.4361	0.32098	13099.517	26.5485	12919.62	494	14179.62	13374.92	12920.9147	30	13082.92
abs4n20	3	 high	20	3	4	OU	 US	7224.97	522.37	2679.6	3288	860	182400.0	3766.4694	0.27	7307.0977	35.6337	7224.97	32	7349.97	7277.33	7478.4358	39	7264.33
abs3n45	3	 high	45	4	3	OU	 US	13282.75	1908.45	7224.3	2988	1430	200749.0	4292.7538	0.32087	13351.419	44.9501	13282.75	514	13550.75	13527.42	13392.6473	30	13312.42
abs3n45	3	 high	45	5	3	OU	 US	13142.04	1255.44	7722.6	2704	2722	200749.0	4615.3444	0.32087	13560.6004	123.9138	13142.04	515	14404.04	13705.13	13139.8562	26	13589.39
abs3n50	3	 high	50	3	3	OU	 US	13606.4	1694.8	7332.6	3628	1061	210041.0	4548.6541	0.32098	13731.2645	33.9745	13606.4	309	13716.4	13701.78	14116.1273	31	13606.4
abs4n25	3	 high	25	2	4	OU	 US	7463.59	719.29	3813.3	1520	2228	175022.5	2839.6303	0.270769	7702.5608	66.2336	7463.59	53	8280.59	8242.13	8089.3088	39	7559.59
abs4n20	3	 high	20	4	4	OU	 US	7761.46	514.36	2693.1	3751	911	182400.0	4441.8402	0.27	7798.1283	32.5943	7761.46	103	7870.46	7860.46	8080.7182	29	7761.46
abs4n30	3	 high	30	2	4	OU	 US	8658.32	885.12	4456.2	2017	1883	173807.0	3128.4744	0.268387	8766.8978	70.9807	8658.32	75	9242.32	9191.3198	8998.9401	36	8658.32
abs4n25	3	 high	25	3	4	OU	 US	7927.47	794.9	3726.0	2085	1718	175022.5	3263.1905	0.270769	8170.2923	52.8416	8002.9	121	8324.9	8291.8999	8266.6116	31	7927.47
abs4n20	3	 high	20	5	4	OU	 US	8451.71	535.71	2655.0	4504	817	182400.0	5118.1145	0.27	8491.7504	13.5512	8451.71	238	8511.71	8483.79	8633.7159	26	8451.84
abs4n35	3	 high	35	2	4	OU	 US	9421.88	1164.88	4752.0	2380	1609	176871.0	3418.5741	0.2725	9639.1761	105.0023	9421.88	98	9906.88	9890.61	9779.4027	38	9421.88
abs3n50	3	 high	50	4	3	OU	 US	13965.04	1730.77	7292.7	3830	1396	210041.0	5070.9603	0.32098	14167.9119	70.8818	14007.47	511	14249.47	14167.14	14813.9277	27	14110.49
abs3n50	3	 high	50	5	3	OU	 US	14463.73	1722.57	7313.1	4366	1194	210041.0	5593.812	0.32098	14618.5718	159.1508	14473.67	511	14595.67	14577.67	15089.8212	28	14473.67
abs4n25	3	 high	25	4	4	OU	 US	8320.2	861.1	3629.1	2974	1051	175022.5	3686.7506	0.270769	8400.0556	76.8749	8320.2	289	8516.2	8496.04	8694.6047	32	8387.97
abs4n25	3	 high	25	5	4	OU	 US	8655.54	793.24	3735.3	3170	1041	175022.5	4113.4483	0.270769	8707.4877	66.8785	8655.54	325	8740.54	8725.54	9116.2595	31	8655.54
abs4n30	3	 high	30	3	4	OU	 US	9085.53	885.12	4456.2	2552	1660	173807.0	3610.5515	0.268387	9248.1152	33.7834	9148.32	306	9554.32	9522.42	9558.3288	33	9085.53
abs4n30	3	 high	30	4	4	OU	 US	9430.77	726.77	4554.0	2804	2413	173807.0	4092.6287	0.268387	9616.6418	34.2575	9430.77	286	10497.77	9826.21	9432.7622	33	9589.31
abs4n40	3	 high	40	2	4	OU	 US	10344.09	882.39	5573.7	1652	5980	205643.5	3514.9719	0.277805	10612.4019	34.6247	10344.09	86	14088.09	11678.9	10339.8462	31	10575.62
abs4n40	3	 high	40	3	4	OU	 US	10327.84	1234.14	5294.7	2606	2114	205643.5	3934.2391	0.277805	10366.7315	32.8318	10327.84	117	11248.84	11232.18	10507.0658	33	10338.18
abs4n35	3	 high	35	4	4	OU	 US	10353.37	1074.77	4848.6	3399	1223	176871.0	4437.3883	0.2725	10405.7061	22.2925	10353.37	216	10547.37	10530.02	10525.6206	36	10361.03
abs4n40	3	 high	40	4	4	OU	 US	10601.36	1146.76	5415.6	2974	1571	205643.5	4354.4238	0.277805	10652.3432	40.9056	10601.36	116	11107.36	11107.36	11141.0422	34	10601.36
abs4n35	3	 high	35	3	4	OU	 US	9939.58	1160.58	4773.0	3061	1335	176871.0	3927.3531	0.2725	10146.3265	92.7194	9939.58	442	10330.58	10313.41	10145.613	31	10113.05
abs4n30	3	 high	30	5	4	OU	 US	9773.64	774.14	4516.5	2854	2463	173807.0	4575.6958	0.268387	10016.5929	60.5923	9773.64	538	10607.64	10195.88	9776.2944	28	9982.27
abs4n45	3	 high	45	4	4	OU	 US	12969.08	1435.98	6557.1	3898	1291	207204.5	5614.6792	0.278261	13015.24	38.8077	12969.08	263	13183.08	13175.59	14018.678	26	13027.59
abs4n5	3	 high	5	2	4	OU	 US	2144.55	68.25	423.3	1388	265	43736.5	1441.4231	0.258333	2186.6929	34.9961	2144.55	0	2144.55	2144.55	2414.0509	21	2144.55
abs4n5	3	 high	5	3	4	OU	 US	2974.32	81.22	404.1	1670	819	43736.5	2007.3983	0.258333	2981.2478	10.6978	2974.32	0	2974.32	2974.32	3242.2155	18	2974.32
abs4n5	3	 high	5	4	4	OU	 US	3148.19	82.99	403.2	2544	118	43736.5	2560.7963	0.258333	3172.7057	17.3798	3148.19	0	3148.19	3148.19	3387.4824	28	3148.19
abs5n10	3	 high	10	2	5	OU	 US	4527.25	575.85	1775.4	1582	653	94256.0	2032.3667	0.374545	4579.7784	19.4847	4527.25	5	4586.25	4570.09	4887.0165	31	4527.25
abs5n10	3	 high	10	3	5	OU	 US	4722.42	535.12	1800.3	1507	903	94256.0	2426.35	0.374545	4737.62	10.9771	4722.42	5	4746.42	4728.42	5094.501	30	4722.42
abs5n10	3	 high	10	4	5	OU	 US	5033.26	477.26	1839.0	1644	1111	94256.0	2820.3333	0.374545	5073.9103	28.1751	5033.26	9	5071.26	5071.26	5173.2625	31	5033.26
abs4n50	3	 high	50	2	4	OU	 US	14217.42	1967.42	8136.0	2973	1681	222896.5	5324.5226	0.281765	14300.939	44.6105	14217.42	283	14759.42	14757.41	14329.183	31	14254.41
abs4n35	3	 high	35	5	4	OU	 US	10027.02	717.22	5227.8	3362	1160	176871.0	4948.8917	0.2725	11074.3711	118.5721	10027.02	520	10467.02	10992.34	10027.1493	27	10931.37
abs5n10	3	 high	10	5	5	OU	 US	5251.87	508.57	1821.3	2360	594	94256.0	3214.3167	0.374545	5274.9911	15.0781	5251.87	6	5283.87	5254.96	6126.6639	38	5251.87
abs5n15	3	 high	15	3	5	OU	 US	5272.96	501.46	1780.5	2170	1002	118284.0	2857.1535	0.37375	5317.9131	63.9002	5272.96	20	5454.96	5315.96	5398.2887	32	5272.96
abs5n15	3	 high	15	2	5	OU	 US	4899.24	480.14	1796.1	2104	729	118284.0	2314.979	0.37375	5075.8792	84.2127	4899.24	21	5109.24	5109.24	5072.8695	26	4899.24
abs4n40	3	 high	40	5	4	OU	 US	10970.04	1208.54	5344.5	3402	1466	205643.5	4773.3852	0.277805	11034.285	79.3458	10970.04	518	11421.04	11399.04	11380.4442	28	10970.04
abs4n45	3	 high	45	2	4	OU	 US	12298.14	1513.74	6473.4	2676	2197	207204.5	4419.6183	0.278261	12471.4237	96.003	12298.14	515	12861.14	12797.54	12411.2256	30	12321.85
abs4n50	3	 high	50	3	4	OU	 US	14781.09	1916.69	8219.4	3530	1549	222896.5	5962.7945	0.281765	14877.7427	54.8365	14781.09	363	15215.09	15208.99	15717.7518	30	14884.37
abs5n20	3	 high	20	2	5	OU	 US	7653.69	919.79	3267.9	2876	647	172582.0	3734.3134	0.352857	7755.7628	54.1055	7653.69	39	7711.69	7658.85	7751.6756	50	7653.69
abs5n15	3	 high	15	4	5	OU	 US	5829.24	480.14	1796.1	3010	537	118284.0	3399.328	0.37375	5835.937	12.4109	5829.24	80	5823.24	5823.24	6367.2706	33	5829.24
abs4n45	3	 high	45	3	4	OU	 US	12433.88	1450.68	6547.2	3276	1713	207204.5	5016.9732	0.278261	12605.394	84.6163	12433.88	514	12987.88	12964.62	12864.3548	35	12540.12
abs5n15	3	 high	15	5	5	OU	 US	6381.81	160.31	2026.5	3008	1328	118284.0	3941.5025	0.37375	6418.8588	5.9388	6381.81	83	6522.81	6416.39	6383.1328	25	6406.3
abs5n25	3	 high	25	2	5	OU	 US	9434.91	1283.41	4645.5	2862	729	165277.0	4556.5325	0.334615	9464.0846	24.1907	9434.91	40	9520.91	9497.94	9462.7478	41	9435.47
abs5n20	3	 high	20	3	5	OU	 US	8024.96	626.26	3512.7	3198	840	172582.0	4446.8302	0.352857	8440.2442	39.2929	8024.96	96	8176.96	8188.53	8024.9674	45	8350.37
abs4n45	3	 high	45	5	4	OU	 US	13597.69	1464.09	6534.6	4756	1019	207204.5	6210.982	0.278261	13982.1925	264.5397	13597.69	514	13774.69	13719.83	14059.8091	28	13675.88
abs5n30	3	 high	30	2	5	OU	 US	8605.95	1263.75	4462.2	1926	1186	154354.0	3081.7503	0.33129	8655.3822	36.6742	8605.95	72	8837.95	8830.4	9022.7734	37	8618.4
abs5n25	3	 high	25	3	5	OU	 US	9917.06	1265.56	4657.5	3181	858	165277.0	5179.562	0.334615	9950.0011	27.2619	9917.06	206	9964.06	9920.06	10041.0487	37	9917.06
abs5n30	3	 high	30	3	5	OU	 US	9034.57	1244.87	4502.7	2566	827	154354.0	3500.5122	0.33129	9103.7228	59.511	9034.57	108	9140.57	9116.44	9187.9666	36	9056.52
abs4n50	3	 high	50	4	4	OU	 US	15378.09	1959.29	8152.8	4277	1222	222896.5	6601.3806	0.281765	15508.8493	71.0277	15378.09	511	15613.09	15607.81	15538.8816	29	15393.81
abs4n50	3	 high	50	5	4	OU	 US	15879.05	1878.15	8253.9	4584	1473	222896.5	7238.7109	0.281765	16410.0565	288.1943	15879.05	508	16189.05	16183.97	16400.7294	31	15974.97
abs5n20	3	 high	20	5	5	OU	 US	9576.73	803.33	3377.4	4924	530	172582.0	5880.1008	0.352857	9627.063	28.6103	9576.73	278	9634.73	9634.73	9672.2056	37	9576.73
abs5n30	3	 high	30	4	5	OU	 US	9379.3	1181.7	4566.6	2422	1361	154354.0	3918.1806	0.33129	9477.6173	41.2093	9379.3	260	9532.3	9510.42	9711.195	30	9411.54
abs5n25	3	 high	25	4	5	OU	 US	10329.37	1192.27	4748.1	3548	1083	165277.0	5804.1849	0.334615	10486.853	90.9332	10329.37	452	10572.37	10552.74	10407.2852	27	10437.14
abs5n35	3	 high	35	2	5	OU	 US	9320.97	847.17	5404.8	1552	3429	186176.0	3451.7337	0.319167	9912.642	20.3529	9320.97	206	11232.97	9992.36	9322.4134	40	9897.36
abs5n20	3	 high	20	4	5	OU	 US	9011.47	656.27	3493.2	3900	1053	172582.0	5162.638	0.352857	9080.5892	48.1307	9011.47	529	9102.47	9002.14	9011.8245	40	9037.83
abs5n40	3	 high	40	3	5	OU	 US	11685.17	1592.67	6316.5	2894	1218	180550.5	4555.7894	0.318049	11715.8842	15.7946	11685.17	89	12021.17	12010.11	11925.6608	33	11698.12
abs5n25	3	 high	25	5	5	OU	 US	10993.3	1156.6	4775.7	4114	1169	165277.0	6432.0015	0.334615	11123.6571	56.0739	10993.3	555	11215.3	11132.98	11726.1339	38	11088.85
abs5n35	3	 high	35	3	5	OU	 US	9981.84	1260.64	5035.2	2835	1136	186176.0	3927.8606	0.319167	10134.6382	65.7226	9981.84	329	10268.84	10262.84	10137.4969	38	10106.81
abs5n30	3	 high	30	5	5	OU	 US	9754.62	825.72	4815.9	3150	1427	154354.0	4337.3069	0.33129	9904.6456	36.4017	9754.62	454	10218.62	9907.67	9753.0334	27	9822.67
abs5n45	3	 high	45	2	5	OU	 US	11761.85	1069.95	7089.9	1328	5427	163754.0	3986.162	0.312826	12225.7967	74.9686	11761.85	106	14914.85	12705.69	11779.1293	30	12033.73
abs5n45	3	 high	45	3	5	OU	 US	11802.71	1488.8	6773.7	2499	1565	163754.0	4333.3872	0.312826	11894.969	3.98	11890.5	171	12328.4999	12328.4998	13152.1229	29	11802.71
abs5n35	3	 high	35	4	5	OU	 US	10332.55	1259.05	4999.5	3422	996	186176.0	4405.4895	0.319167	10393.979	58.469	10332.55	519	10676.55	10665.35	11140.3792	29	10334.55
abs5n35	3	 high	35	5	5	OU	 US	10838.83	1255.71	5004.0	3862	961	186176.0	4882.9317	0.319167	11001.9273	151.1832	10842.71	533	11082.71	11082.71	11270.0625	30	10842.71
abs5n5	3	 high	5	2	5	OU	 US	2044.42	162.32	791.1	992	115	33031.0	1490.3771	0.391667	2228.6932	78.3313	2044.42	0	2060.42	2081.1	2045.3856	31	2065.1
abs5n5	3	 high	5	3	5	OU	 US	2330.98	129.58	815.4	942	535	33031.0	1779.4735	0.391667	2602.2125	31.825	2330.98	0	2421.98	2526.96	2331.6263	32	2526.96
abs5n40	3	 high	40	2	5	OU	 US	11496.13	992.63	6808.5	1978	3964	180550.5	4081.7446	0.318049	11801.5347	62.8042	11496.13	518	13743.13	12043.3699	11498.8271	30	11675.62
abs5n5	3	 high	5	4	5	OU	 US	2526.96	258.06	720.9	1450	98	33031.0	2080.2575	0.391667	2651.2014	54.5669	2526.96	0	2526.96	2526.96	2640.2606	29	2526.96
abs1n10	3	 low	10	2	1	OU	 US	2391.82	41.47	187.35	1568	730	102097.5	1187.2466	0.029091	2445.6324	28.2722	2391.82	3	2526.82	2526.82	3731.5897	45	2391.82
abs1n10	3	 low	10	3	1	OU	 US	2837.69	39.73	189.96	2194	509	102097.5	1706.5729	0.029091	2878.5842	39.103	2837.69	6	2933.69	2870.83	3247.3064	31	2837.69
abs1n10	3	 low	10	4	1	OU	 US	3358.82	43.54	185.28	2554	591	102097.5	2222.6331	0.029091	3414.0283	36.5727	3358.82	7	3373.82	3370.82	4020.5436	24	3358.82
abs1n10	3	 low	10	5	1	OU	 US	3859.69	40.15	189.54	3306	324	102097.5	2745.7758	0.029091	3888.8329	26.8352	3859.69	5	3859.69	3859.69	3891.3004	28	3859.69
abs1n15	3	 low	15	2	1	OU	 US	2694.99	46.6	240.39	1784	794	125773.0	975.2506	0.026875	2738.7232	39.0218	2694.99	10	2864.99	2819.1	2829.4718	44	2696.99
abs1n15	3	 low	15	3	1	OU	 US	2834.47	48.56	236.91	1774	898	125773.0	1364.1919	0.026875	2874.1679	34.0955	2834.47	11	2957.47	2902.99	2878.3812	33	2834.47
abs1n15	3	 low	15	4	1	OU	 US	3372.1	50.04	237.06	2454	628	125773.0	1757.5447	0.026875	3383.05	10.7583	3372.1	24	3369.1	3369.1	3919.4492	26	3372.1
abs5n45	3	 high	45	4	5	OU	 US	12152.54	1568.94	6678.6	2884	1218	163754.0	4681.204	0.312826	12183.3137	33.0062	12152.54	278	12350.54	12339.54	12509.9855	27	12154.54
abs1n15	3	 low	15	5	1	OU	 US	3723.36	44.57	242.79	2700	735	125773.0	2149.6419	0.026875	3725.1371	3.2692	3723.36	19	3722.36	3722.36	3814.0814	28	3723.36
abs1n20	3	 low	20	2	1	OU	 US	3272.95	71.69	307.26	2078	1176	143179.5	1250.6026	0.027619	3337.7033	41.2166	3272.95	33	3632.95	3622.2199	3698.2167	36	3272.95
abs1n20	3	 low	20	3	1	OU	 US	3684.23	71.0	310.23	2388	1059	143179.5	1810.5913	0.027619	3746.3324	44.7083	3684.23	31	3828.23	3828.23	4152.9577	34	3684.23
abs5n40	3	 high	40	4	5	OU	 US	12162.41	1042.11	6765.3	2706	2646	180550.5	5030.1229	0.318049	12394.5325	126.3645	12162.41	517	13159.41	12479.19	12162.0468	28	12221.19
abs1n20	3	 low	20	4	1	OU	 US	4307.86	69.16	311.7	3226	856	143179.5	2375.4974	0.027619	4362.2332	47.0808	4307.86	89	4462.86	4443.39	4695.2348	31	4307.86
abs5n40	3	 high	40	5	5	OU	 US	12603.69	1071.79	6747.9	3310	2552	180550.5	5503.3023	0.318049	13096.8245	118.4678	12603.69	517	13681.69	12867.6	12603.3653	31	12880.6
abs1n25	3	 low	25	2	1	OU	 US	3731.99	51.28	391.71	1304	4661	188676.5	985.9046	0.028462	3807.837	40.4301	3731.99	37	6407.99	4040.14	3733.669	37	3736.14
abs1n20	3	 low	20	5	1	OU	 US	4730.02	69.68	311.34	3752	831	143179.5	2939.0028	0.027619	4853.6097	92.2189	4730.02	83	4965.02	4907.98	5206.0974	35	4730.02
abs1n25	3	 low	25	3	1	OU	 US	3765.03	67.27	377.76	2328	1512	188676.5	1402.462	0.028462	3937.9512	113.368	3765.03	44	4285.03	4076.46	3767.1088	33	3783.19
abs5n45	3	 high	45	5	5	OU	 US	12362.42	1010.92	7165.5	2702	3185	163754.0	5028.2321	0.312826	12536.5686	87.8515	12362.42	514	14063.42	12500.37	12358.9044	28	12407.98
abs1n30	3	 low	30	2	1	OU	 US	4176.58	153.7	572.88	2688	867	201361.0	1300.887	0.027742	4203.7303	16.3253	4176.58	48	4281.58	4241.58	4372.3353	37	4181.58
abs1n25	3	 low	25	4	1	OU	 US	4091.18	83.79	363.39	2790	949	188676.5	1819.0193	0.028462	4129.3506	30.8734	4091.18	91	4186.18	4186.18	4635.7193	36	4091.18
abs5n50	3	 high	50	2	5	OU	 US	13412.01	1894.11	7629.9	2774	1699	202575.0	5063.2031	0.312157	13463.4868	33.6133	13412.01	461	13997.01	13988.75	13590.4073	34	13498.68
abs5n50	3	 high	50	3	5	OU	 US	13995.84	1928.94	7575.9	3470	1451	202575.0	5696.8847	0.312157	14059.0196	33.3966	13995.84	510	14426.84	14401.77	14272.5875	26	14024.14
abs1n30	3	 low	30	3	1	OU	 US	4527.56	143.0	583.56	2832	1211	201361.0	1829.6505	0.027742	4661.8064	76.7466	4527.56	195	4769.56	4769.56	4714.8289	33	4527.56
abs5n50	3	 high	50	4	5	OU	 US	14548.12	1928.12	7578.0	4018	1397	202575.0	6331.8261	0.312157	14637.9643	41.8283	14548.12	511	14921.12	14882.63	14898.9332	30	14548.12
abs5n50	3	 high	50	5	5	OU	 US	15323.45	1884.95	7633.5	4844	1229	202575.0	6965.035	0.312157	15758.538	336.8033	15323.45	509	15591.45	15591.45	15425.6984	30	15341.28
abs1n30	3	 low	30	4	1	OU	 US	5111.42	137.78	587.64	3426	1076	201361.0	2359.8993	0.027742	5116.6364	13.5054	5111.42	201	5227.42	5227.42	5871.8219	42	5111.42
abs1n35	3	 low	35	3	1	OU	 US	3912.27	86.82	609.45	2130	2207	188912.5	1585.283	0.0275	4538.3031	37.7736	3912.27	145	5033.27	4932.47	3914.6647	42	4475.47
abs1n35	3	 low	35	2	1	OU	 US	4180.07	123.93	566.58	2300	1844	188912.5	1136.4753	0.0275	4371.6536	92.0431	4252.51	172	4835.51	4805.0199	4368.2353	42	4180.07
abs1n35	3	 low	35	4	1	OU	 US	4767.93	119.74	569.19	3126	1263	188912.5	2035.3897	0.0275	4885.709	62.5362	4767.93	228	5077.93	5022.99	5173.9886	30	4846.99
abs1n25	3	 low	25	5	1	OU	 US	4541.96	78.78	369.18	3204	977	188676.5	2234.4717	0.028462	4572.223	17.5564	4541.96	399	4628.96	4623.55	4862.8685	33	4541.96
abs1n40	3	 low	40	2	1	OU	 US	3746.92	112.57	685.35	1956	1939	198950.0	1326.9378	0.028293	4620.6526	31.1511	3746.92	126	4692.92	5101.94	3746.8765	34	4588.75
abs1n40	3	 low	40	3	1	OU	 US	4308.36	111.03	687.33	2360	2207	198950.0	1856.1717	0.028293	5140.9513	44.5775	4308.36	112	5365.36	5201.06	4308.2825	31	5053.14
abs1n35	3	 low	35	5	1	OU	 US	5354.47	121.29	567.18	3926	811	188912.5	2483.7099	0.0275	5380.907	45.0534	5354.47	299	5425.47	5419.66	5641.0166	23	5354.66
abs1n45	3	 low	45	2	1	OU	 US	4299.28	174.9	677.25	2354	1620	205188.5	1293.4143	0.028696	4344.789	34.7969	4310.15	193	4826.15	4814.28	4940.1051	29	4299.28
abs1n30	3	 low	30	5	1	OU	 US	5219.34	93.08	628.26	3480	1483	201361.0	2887.1775	0.027742	5580.0206	40.8747	5219.34	497	5684.34	5674.1	5219.8781	31	5538.1
abs1n5	3	 low	5	2	1	OU	 US	1373.41	11.98	59.43	902	400	72215.0	479.37	0.025	1433.6276	26.471	1373.41	0	1373.41	1373.41	1599.8379	33	1373.41
abs1n5	3	 low	5	3	1	OU	 US	1517.65	13.24	58.41	1172	274	72215.0	694.245	0.025	1579.4006	32.8313	1517.65	0	1517.65	1517.65	1981.5169	34	1517.65
abs1n5	3	 low	5	4	1	OU	 US	1807.65	12.19	59.46	1222	514	72215.0	909.12	0.025	1902.6557	56.9697	1807.65	0	1807.65	1807.65	2401.1595	28	1807.65
abs1n45	3	 low	45	3	1	OU	 US	4795.28	175.98	675.3	2972	1372	205188.5	1798.2814	0.028696	4832.6133	40.1564	4795.28	252	5195.28	5195.28	5396.012	24	4795.28
abs2n10	3	 low	10	2	2	OU	 US	3127.78	38.33	153.45	2562	466	155639.0	1392.5241	0.032727	3165.8857	27.6904	3127.78	7	3219.78	3219.78	3382.2863	28	3127.78
abs2n10	3	 low	10	3	2	OU	 US	3575.56	39.96	153.6	2754	711	155639.0	2057.4212	0.032727	3594.9678	29.032	3575.56	9	3658.56	3658.56	3973.6804	23	3575.56
abs2n10	3	 low	10	4	2	OU	 US	4495.84	41.88	150.96	3641	747	155639.0	2722.3182	0.032727	4503.7255	16.7249	4495.84	13	4581.84	4565.06	4519.3487	22	4495.84
abs2n10	3	 low	10	5	2	OU	 US	4850.02	36.03	156.99	3682	1069	155639.0	3391.2944	0.032727	4874.2733	15.1048	4850.02	11	4944.02	4944.02	5224.6542	33	4850.02
abs2n15	3	 low	15	2	2	OU	 US	2861.96	50.82	226.14	1806	985	127623.5	1004.6626	0.03125	3015.6457	42.0813	2861.96	8	3067.96	3044.55	3484.1507	35	3027.55
abs2n15	3	 low	15	3	2	OU	 US	3125.36	51.12	225.24	2020	994	127623.5	1459.7289	0.03125	3233.6588	51.2395	3125.36	10	3290.36	3265.36	3755.436	32	3125.36
abs2n15	3	 low	15	4	2	OU	 US	3569.49	51.02	223.47	2838	484	127623.5	1917.1051	0.03125	3575.2104	7.7845	3569.49	22	3596.49	3596.49	4547.957	25	3569.49
abs1n45	3	 low	45	4	1	OU	 US	5216.28	175.98	675.3	3626	958	205188.5	2304.3158	0.028696	5228.0679	7.2834	5216.28	297	5435.28	5435.28	6481.9489	33	5216.28
abs1n50	3	 low	50	2	1	OU	 US	4713.89	134.25	734.64	2684	2006	185596.0	1692.8225	0.02902	5123.3706	29.8363	4713.89	286	5558.89	5290.99	4717.6887	31	5090.99
abs2n20	3	 low	20	2	2	OU	 US	2993.78	50.62	329.16	1666	1814	149622.5	757.9948	0.03	3061.1165	50.1362	2993.78	19	3859.78	3190.58	2991.824	37	2994.12
abs2n15	3	 low	15	5	2	OU	 US	4215.3	50.9	224.4	3242	746	127623.5	2371.4014	0.03125	4283.4504	38.9723	4215.3	68	4264.3	4262.97	4538.3041	25	4215.3
abs2n20	3	 low	20	3	2	OU	 US	3030.28	80.24	305.04	2112	740	149622.5	1073.2612	0.03	3068.7008	17.8271	3030.28	21	3237.28	3210.41	3252.5657	39	3030.28
abs1n40	3	 low	40	4	1	OU	 US	4810.3	111.07	688.23	2936	1753	198950.0	2386.7557	0.028293	5532.2812	57.1759	4810.3	516	5488.3	5559.48	4810.3549	34	5431.18
abs2n20	3	 low	20	4	2	OU	 US	3231.96	71.93	312.03	2289	640	149622.5	1387.3196	0.03	3239.5594	8.4023	3231.96	39	3313.96	3302.96	3379.8476	35	3231.96
abs1n40	3	 low	40	5	1	OU	 US	5521.66	106.99	692.67	3794	1282	198950.0	2917.1718	0.028293	6255.5525	173.8516	5521.66	517	5875.66	6168.9399	5521.3287	28	6072.1
abs2n25	3	 low	25	2	2	OU	 US	3799.16	84.42	394.74	2322	1316	176786.0	1287.0804	0.031538	3859.3848	22.6856	3799.16	44	4118.16	4098.62	3865.6318	50	3799.85
abs2n25	3	 low	25	3	2	OU	 US	4198.45	93.52	384.93	2848	944	176786.0	1851.8341	0.031538	4238.7487	22.3103	4198.45	45	4270.45	4270.45	5000.656	40	4198.45
abs2n30	3	 low	30	2	2	OU	 US	3903.91	79.69	554.22	1556	3843	179408.0	1110.5597	0.029677	4244.3121	20.5065	3903.91	31	6032.91	4640.38	3904.5403	33	4218.38
abs2n20	3	 low	20	5	2	OU	 US	3628.83	70.97	313.86	2390	988	149622.5	1706.0162	0.03	3673.705	35.0287	3628.83	118	3762.83	3762.83	3687.8761	32	3629.38
abs2n25	3	 low	25	4	2	OU	 US	4531.16	84.42	394.74	2916	1155	176786.0	2414.9508	0.031538	4564.0347	22.9262	4531.16	49	4551.16	4539.31	4817.0075	32	4531.16
abs1n45	3	 low	45	5	1	OU	 US	6008.8	168.48	682.32	4402	754	205188.5	2809.4748	0.028696	6206.8907	148.5891	6008.8	513	6006.8	6006.8	6252.6088	30	6008.8
abs2n30	3	 low	30	3	2	OU	 US	4110.33	118.58	516.75	2398	1676	179408.0	1559.8515	0.029677	4313.1411	72.5959	4110.33	76	4709.33	4666.18	5613.0287	38	4110.33
abs1n50	3	 low	50	3	1	OU	 US	5694.77	186.45	694.32	4084	883	185596.0	2394.3258	0.02902	5748.5584	41.3058	5702.77	510	5847.77	5833.77	6969.0369	31	5705.77
abs2n35	3	 low	35	2	2	OU	 US	4411.47	102.11	474.36	2734	1590	205402.5	1151.4841	0.03	4432.295	9.6789	4411.47	15	4901.47	4880.47	4652.1709	32	4411.47
abs2n30	3	 low	30	4	2	OU	 US	4595.75	114.28	520.47	3068	1269	179408.0	2009.4752	0.029677	4696.038	52.5764	4595.75	132	4971.75	4945.95	4857.1831	30	4642.8
abs1n50	3	 low	50	4	1	OU	 US	6296.39	184.12	696.27	4558	952	185596.0	3096.9849	0.02902	6327.5319	36.0132	6296.39	512	6390.39	6390.39	7309.3272	27	6398.27
abs1n50	3	 low	50	5	1	OU	 US	6975.3	176.54	703.35	5478	745	185596.0	3798.1031	0.02902	7269.4683	157.2937	7076.89	515	7103.89	7096.89	7732.0396	24	7279.79
abs2n40	3	 low	40	2	2	OU	 US	4552.7	75.0	542.7	1744	5777	210923.5	1270.9291	0.030488	4897.193	80.6377	4552.7	87	8138.7	5484.1299	4556.2033	33	4767.13
abs2n35	3	 low	35	3	2	OU	 US	4347.18	100.42	476.76	2613	1564	205402.5	1630.3561	0.03	4350.9133	3.5519	4347.18	169	4755.18	4737.1799	5809.5473	30	4347.18
abs2n35	3	 low	35	5	2	OU	 US	5245.02	98.55	478.47	3496	1280	205402.5	2588.1002	0.03	5260.1133	18.394	5245.02	242	5354.02	5346.02	5565.7351	30	5245.02
abs2n40	3	 low	40	3	2	OU	 US	4861.67	125.84	502.83	2674	2240	210923.5	1803.6287	0.030488	4882.7373	17.5885	4861.67	203	5543.67	5520.85	5065.1197	33	4898.68
abs2n25	3	 low	25	5	2	OU	 US	5190.51	86.05	392.46	3773	975	176786.0	2982.9824	0.031538	5214.905	16.4892	5190.51	563	5227.51	5208.28	5495.1746	26	5198.28
abs2n45	3	 low	45	3	2	OU	 US	5265.3	161.34	630.96	3706	1109	204224.5	2119.4338	0.029783	5322.0526	32.4532	5265.3	186	5607.3	5607.3	5500.4279	31	5265.3
abs2n30	3	 low	30	5	2	OU	 US	4939.26	109.8	524.46	3167	1491	179408.0	2456.9442	0.029677	4977.16	15.1146	4939.26	524	5293.26	5265.26	5259.7052	26	4979.26
abs2n35	3	 low	35	4	2	OU	 US	4994.18	101.26	475.92	3468	1233	205402.5	2110.6971	0.03	5179.5388	125.6477	5000.18	526	5278.18	5278.18	5152.3827	26	5135.49
abs2n5	3	 low	5	2	2	OU	 US	1416.28	12.98	54.3	860	489	49384.5	613.5054	0.028333	1453.4277	25.2421	1416.28	0	1416.28	1416.28	1510.0561	35	1416.28
abs2n5	3	 low	5	3	2	OU	 US	1618.16	10.33	58.83	1200	349	49384.5	905.0306	0.028333	1729.221	25.5013	1618.16	0	1618.16	1699.2099	1616.9134	20	1699.21
abs3n10	3	 low	10	2	3	OU	 US	2158.66	27.46	151.2	794	1458	118325.5	891.0067	0.032727	2436.5336	34.2051	2158.66	4	2430.66	2434.12	2159.3739	39	2388.12
abs3n10	3	 low	10	3	3	OU	 US	2706.51	38.8	142.71	1350	1251	118325.5	1305.1437	0.032727	2728.5513	28.3215	2706.51	5	2782.51	2700.12	2933.083	30	2706.51
abs3n10	3	 low	10	4	3	OU	 US	3049.12	40.12	141.0	2184	745	118325.5	1727.7784	0.032727	3062.508	21.6245	3049.12	6	3110.12	3084.12	3427.3154	30	3049.12
abs3n10	3	 low	10	5	3	OU	 US	3650.34	40.46	140.88	3076	393	118325.5	2141.9029	0.032727	3670.4267	28.1126	3650.34	4	3650.34	3650.34	3759.617	24	3650.34
abs2n45	3	 low	45	2	2	OU	 US	3935.7	104.79	686.91	1794	2789	204224.5	1501.7059	0.029783	4984.9382	20.0774	3935.7	421	5374.7	5468.29	3935.8536	28	4969.29
abs3n15	3	 low	15	2	3	OU	 US	2692.11	44.69	273.42	908	2241	184494.0	1039.2101	0.033125	3172.6277	16.7484	2692.11	6	3467.11	3156.19	2691.2146	43	3153.19
abs3n15	3	 low	15	3	3	OU	 US	3293.23	59.22	260.01	1974	1002	184494.0	1506.2701	0.033125	3329.7577	29.8215	3293.23	12	3295.23	3290.23	3670.529	26	3293.23
abs2n40	3	 low	40	4	2	OU	 US	5146.36	130.53	499.83	3302	1941	210923.5	2336.3282	0.030488	5351.904	120.8775	5146.36	518	5873.36	5797.36	5249.2466	25	5252.08
abs2n40	3	 low	40	5	2	OU	 US	5780.01	70.98	549.03	3468	3398	210923.5	2870.0017	0.030488	6165.3327	185.1095	5780.01	519	7486.01	6171.52	5781.7221	22	6067.34
abs3n15	3	 low	15	4	3	OU	 US	3734.51	43.11	275.4	2132	1407	184494.0	1976.2862	0.033125	3878.5582	5.0276	3734.51	37	3857.51	3847.57	3733.8819	34	3875.57
abs3n20	3	 low	20	2	3	OU	 US	3414.92	93.1	308.82	1930	1316	173451.0	937.2029	0.030476	3548.7082	64.847	3414.92	23	3647.92	3647.92	3826.3806	44	3414.92
abs3n15	3	 low	15	5	3	OU	 US	4152.51	43.11	275.4	2972	877	184494.0	2442.2362	0.033125	4278.1314	4.127	4152.51	34	4167.51	4285.97	4152.8041	29	4275.97
abs3n20	3	 low	20	3	3	OU	 US	3840.09	43.4	351.69	1680	2702	173451.0	1340.6144	0.030476	3876.7442	28.3637	3840.09	33	4777.09	3884.95	3840.7554	31	3854.26
abs3n20	3	 low	20	4	3	OU	 US	3980.87	94.3	309.57	2762	869	173451.0	1744.0258	0.030476	4002.5113	24.7702	3980.87	30	4034.87	4018.73	4250.1437	32	3980.87
abs2n50	3	 low	50	3	2	OU	 US	5923.73	170.62	709.11	3934	1398	222732.5	2365.3082	0.030196	5992.4915	30.8916	5923.73	250	6212.73	6188.73	6572.9454	33	5960.73
abs2n45	3	 low	45	4	2	OU	 US	5565.14	106.35	683.79	3930	1434	204224.5	2739.8931	0.029783	5995.3679	191.3674	5565.14	514	6154.14	6055.59	5564.5728	28	5700.59
abs3n25	3	 low	25	2	3	OU	 US	3293.83	72.38	456.45	1534	2713	192264.0	1466.2082	0.031923	4154.1821	52.9828	3293.83	27	4775.83	3984.46	3293.1827	48	4083.46
abs3n20	3	 low	20	5	3	OU	 US	3879.79	57.46	339.33	2510	1082	173451.0	2148.7513	0.030476	4474.5274	3.319	3879.79	83	3988.79	4465.01	3879.0867	23	4465.75
abs3n30	3	 low	30	2	3	OU	 US	3370.56	106.52	614.04	1110	3923	204549.0	961.5713	0.030968	4224.0806	58.1186	3370.56	42	5753.56	4454.49	3372.5513	31	4116.01
abs2n45	3	 low	45	5	2	OU	 US	6226.71	150.27	643.44	4778	942	204224.5	3356.6447	0.029783	6490.575	143.4819	6226.71	512	6513.71	6483.32	6620.7344	28	6226.71
abs3n25	3	 low	25	4	3	OU	 US	5095.27	92.19	442.08	3458	1583	192264.0	2758.3043	0.031923	5231.9757	33.7964	5095.27	115	5575.27	5125.0	5096.6966	42	5176.0
abs3n30	3	 low	30	3	3	OU	 US	3575.6	103.66	617.94	1354	2795	204549.0	1322.5453	0.030968	4113.0041	14.6828	3575.6	63	4870.6	4333.47	3577.6756	39	4086.47
abs2n50	3	 low	50	2	2	OU	 US	5335.34	162.77	717.57	3178	2013	222732.5	1675.1621	0.030196	5474.3697	107.2328	5335.34	510	6071.34	5965.44	5463.9345	32	5376.44
abs3n25	3	 low	25	3	3	OU	 US	3889.87	73.2	455.67	2728	898	192264.0	2111.0373	0.031923	4531.1733	73.4234	3889.87	133	4154.87	4620.14	3890.7124	45	4481.14
abs3n30	3	 low	30	5	3	OU	 US	4212.56	103.44	618.12	2864	873	204549.0	2045.6382	0.030968	4669.9962	6.272	4212.56	95	4458.56	4889.43	4215.0125	26	4667.07
abs3n35	3	 low	35	2	3	OU	 US	4762.83	173.22	656.61	2948	1031	195931.0	1481.4704	0.031111	4845.6645	29.6427	4762.83	73	4808.83	4784.27	4879.3896	33	4773.28
abs2n50	3	 low	50	4	2	OU	 US	6478.17	159.49	715.68	4368	1531	222732.5	3056.9321	0.030196	6696.2222	162.5269	6478.17	510	6774.17	6747.21	6809.7815	27	6478.17
abs3n35	3	 low	35	3	3	OU	 US	5225.62	171.66	657.96	3390	1073	195931.0	2084.8356	0.031111	5287.4658	37.6712	5225.62	96	5292.62	5274.62	5513.7487	36	5250.62
abs3n40	3	 low	40	2	3	OU	 US	4259.32	112.48	690.84	1430	4860	195433.0	969.4478	0.032439	4850.8289	52.954	4259.32	92	7093.32	5002.0596	4258.2454	36	4727.44
abs3n30	3	 low	30	4	3	OU	 US	4359.74	102.2	618.54	2180	2395	204549.0	1684.2825	0.030968	4448.3692	97.4412	4359.74	174	5295.74	4746.45	4361.2314	38	4361.45
abs2n50	3	 low	50	5	2	OU	 US	7129.99	158.07	718.92	5160	1438	222732.5	3748.372	0.030196	7506.6007	288.0983	7129.99	510	7474.99	7474.99	8207.243	27	7339.71
abs3n25	3	 low	25	5	3	OU	 US	5692.09	95.03	435.06	4216	1008	192264.0	3405.2687	0.031923	5724.34	27.2429	5692.09	317	5754.09	5718.27	7144.278	38	5692.09
abs3n45	3	 low	45	2	3	OU	 US	3839.14	126.22	775.92	548	7976	200749.0	942.5369	0.032174	5127.7963	57.3581	3839.14	62	9426.14	5726.89	3838.5243	27	5055.89
abs3n40	3	 low	40	3	3	OU	 US	4634.73	175.76	641.97	2145	2049	195433.0	1320.4168	0.032439	4710.0511	59.1927	4634.73	256	5012.73	4991.44	5437.0016	28	4651.83
abs3n45	3	 low	45	3	3	OU	 US	4474.15	135.36	764.79	1532	3527	200749.0	1263.3253	0.032174	4668.9446	56.8359	4474.15	203	5959.15	5273.82	4478.9286	28	4511.83
abs3n50	3	 low	50	3	3	OU	 US	5427.09	170.18	732.24	3568	1104	210041.0	1862.1541	0.032157	5620.9952	22.2245	5572.42	186	5574.42	5570.62	6571.4293	27	5427.09
abs3n35	3	 low	35	4	3	OU	 US	5084.02	113.67	712.35	3130	1639	195931.0	2688.2008	0.031111	5844.6862	52.3215	5084.02	520	5595.02	5831.46	5081.3882	26	5870.46
abs3n5	3	 low	5	2	3	OU	 US	2432.25	22.95	78.3	2160	171	100922.0	1415.2144	0.04	2494.7494	36.8414	2432.25	0	2432.25	2432.25	2566.0552	34	2432.25
abs3n5	3	 low	5	3	3	OU	 US	3458.02	3.43	91.59	2696	667	100922.0	2075.8416	0.04	3466.9733	0.9701	3458.02	0	3458.02	3466.64	3458.8954	18	3466.64
abs3n35	3	 low	35	5	3	OU	 US	6163.15	161.11	671.04	4176	1412	195931.0	3295.2676	0.031111	6405.4543	203.1546	6163.15	527	6420.15	6389.15	6198.0926	28	6238.15
abs3n5	3	 low	5	4	3	OU	 US	3953.64	29.9	73.74	3718	132	100922.0	2736.4688	0.04	4218.9511	91.1305	3953.64	0	3953.64	3953.64	4579.714	45	3953.64
abs3n5	3	 low	5	5	3	OU	 US	3953.64	29.9	73.74	3718	132	100922.0	3404.3556	0.04	4245.0011	113.044	3953.64	0	3953.64	3953.64	5004.435	35	3953.64
abs3n40	3	 low	40	4	3	OU	 US	4933.0	122.29	679.71	2346	2753	195433.0	1672.2417	0.032439	5078.0776	28.1445	4933.0	419	5901.0	5198.34	4930.5994	29	5145.42
abs4n10	3	 low	10	2	4	OU	 US	2799.27	32.75	152.52	2200	427	112460.5	1287.7169	0.026364	2855.15	42.0926	2799.27	3	2812.27	2812.27	2899.6929	33	2799.27
abs4n10	3	 low	10	3	4	OU	 US	3299.87	28.28	154.59	2452	630	112460.5	1869.9553	0.026364	3368.2536	43.576	3299.87	9	3265.87	3265.8698	4164.3743	33	3299.87
abs4n10	3	 low	10	4	4	OU	 US	3769.55	31.98	150.57	3232	355	112460.5	2457.8741	0.026364	3801.67	32.2585	3769.55	15	3769.55	3769.55	4364.7341	25	3769.55
abs4n10	3	 low	10	5	4	OU	 US	4575.27	31.48	149.79	3664	730	112460.5	3041.5327	0.026364	4576.512	1.0404	4575.27	11	4575.27	4575.27	4927.7903	20	4575.27
abs4n15	3	 low	15	2	4	OU	 US	2669.99	36.07	199.92	1874	797	125072.0	1035.037	0.02625	2731.4767	63.8612	2669.99	10	2906.99	2882.22	3178.2819	36	2669.99
abs4n15	3	 low	15	3	4	OU	 US	2946.86	34.61	200.25	2519	226	125072.0	1469.9208	0.02625	2951.3944	3.6807	2946.86	12	2980.86	2973.11	3191.0962	32	2946.86
abs4n15	3	 low	15	4	4	OU	 US	3325.93	32.47	203.46	2892	232	125072.0	1907.2341	0.02625	3333.055	6.7906	3325.93	19	3359.93	3350.93	4121.7725	40	3325.93
abs4n15	3	 low	15	5	4	OU	 US	3735.18	35.97	198.21	3169	364	125072.0	2345.3609	0.02625	3751.9422	9.2305	3735.18	28	3769.18	3765.36	4331.6173	27	3735.18
abs4n20	3	 low	20	3	4	OU	 US	4343.18	52.22	267.96	3288	860	182400.0	2238.9294	0.027619	4432.2986	38.3702	4343.18	31	4468.18	4405.96	4608.0365	29	4343.18
abs4n20	3	 low	20	2	4	OU	 US	3827.59	48.04	269.55	2424	1547	182400.0	1564.4603	0.027619	3930.236	30.3964	3827.59	38	4288.59	3996.88	3829.964	43	3878.03
abs3n40	3	 low	40	5	3	OU	 US	5290.67	171.63	646.65	3020	1602	195433.0	2023.4246	0.032439	5389.211	64.9451	5296.28	516	5441.28	5433.04	5950.3329	31	5365.59
abs3n45	3	 low	45	4	3	OU	 US	4857.18	123.52	774.66	2146	3155	200749.0	1584.1138	0.032174	5103.1285	52.5917	4857.18	514	6199.18	5328.16	4855.4029	27	5059.06
abs3n50	3	 low	50	2	3	OU	 US	4946.57	181.01	721.56	2716	1648	210041.0	1340.9361	0.032157	4978.355	17.8455	4946.57	481	5267.57	5259.57	5223.4058	32	5035.84
abs4n25	3	 low	25	2	4	OU	 US	3385.51	73.18	381.33	1520	2227	175022.5	1000.3903	0.027308	3616.6781	65.7757	3385.51	43	4202.51	4158.73	3824.8585	37	3385.51
abs4n20	3	 low	20	4	4	OU	 US	4875.13	51.82	269.31	3491	1160	182400.0	2914.3002	0.027619	4914.167	31.8609	4875.13	105	4974.13	4972.4	5151.6646	33	4875.13
abs3n45	3	 low	45	5	3	OU	 US	5181.49	194.03	718.56	3242	1321	200749.0	1906.7044	0.032174	5317.6238	119.875	5202.59	515	5475.59	5460.59	5246.0101	26	5328.37
abs4n25	3	 low	25	3	4	OU	 US	3924.67	81.41	372.6	2085	1718	175022.5	1423.9505	0.027308	4102.186	54.7934	3936.01	73	4258.01	4225.01	5103.1849	30	3924.67
abs4n25	3	 low	25	4	4	OU	 US	4281.31	86.46	365.85	2836	1161	175022.5	1847.5106	0.027308	4379.6112	57.2229	4281.31	187	4450.31	4434.87	4613.9472	26	4287.93
abs4n35	3	 low	35	2	4	OU	 US	4098.75	119.16	475.59	2380	1609	176871.0	1218.7941	0.028056	4318.5221	85.5754	4098.75	111	4584.75	4563.89	4161.5384	42	4165.72
abs4n20	3	 low	20	5	4	OU	 US	5580.09	53.59	265.5	4504	816	182400.0	3590.5745	0.027619	5617.7407	14.9605	5580.09	308	5640.09	5620.39	6658.4117	30	5582.84
abs3n50	3	 low	50	4	3	OU	 US	5833.38	178.07	725.31	3777	1360	210041.0	2384.4603	0.032157	6011.4141	109.1342	5839.38	513	6042.38	6040.38	6849.2917	29	5916.84
abs4n30	3	 low	30	2	4	OU	 US	3854.07	91.45	445.62	2121	1728	173807.0	1144.5144	0.027419	3954.2516	71.1077	3854.07	234	4387.07	4387.07	4125.5984	38	3854.07
abs3n50	3	 low	50	5	3	OU	 US	6341.04	171.73	731.31	4328	1214	210041.0	2907.312	0.032157	6520.5487	167.666	6341.04	511	6445.04	6445.04	6716.2567	30	6341.04
abs4n25	3	 low	25	5	4	OU	 US	4581.87	81.34	373.53	3281	923	175022.5	2274.2083	0.027308	4651.1408	70.8881	4581.87	306	4660.87	4651.87	5171.5469	26	4581.87
abs4n30	3	 low	30	4	4	OU	 US	4728.51	97.96	440.55	3163	1324	173807.0	2108.6687	0.027419	4811.7767	33.0956	4728.51	283	5026.51	5017.38	4789.6164	30	4822.38
abs4n30	3	 low	30	3	4	OU	 US	4263.7	91.45	445.62	2552	1660	173807.0	1626.5915	0.027419	4465.715	42.6888	4344.07	331	4750.07	4728.17	5613.1538	36	4263.7
abs4n40	3	 low	40	2	4	OU	 US	4425.57	104.7	549.87	1466	6056	205643.5	1062.4119	0.028537	4722.1529	20.5065	4425.57	83	8176.57	5796.34	4421.9494	34	4598.09
abs4n35	3	 low	35	4	4	OU	 US	5026.04	111.18	484.86	3400	1223	176871.0	2237.6083	0.028056	5075.0918	17.4014	5026.04	133	5220.04	5210.93	5252.4295	34	5028.04
abs4n40	3	 low	40	3	4	OU	 US	4429.97	120.33	539.64	2606	2089	205643.5	1481.6791	0.028537	4475.6051	40.7627	4429.97	96	5354.97	5340.89	4756.7197	39	4442.89
abs4n40	3	 low	40	4	4	OU	 US	4698.97	118.41	541.56	2870	1682	205643.5	1901.8638	0.028537	4763.0837	48.6174	4698.97	124	5211.97	5204.97	5086.4422	32	4698.97
abs4n30	3	 low	30	5	4	OU	 US	5147.15	95.03	442.41	3543	1304	173807.0	2591.7358	0.027419	5220.045	69.8637	5147.44	526	5386.44	5384.9	5373.436	20	5163.9
abs4n45	3	 low	45	4	4	OU	 US	5782.47	150.76	655.71	3901	1284	207204.5	2657.5492	0.028696	5817.9665	28.3327	5782.47	210	5992.47	5984.8	6234.4902	26	5784.44
abs4n50	3	 low	50	2	4	OU	 US	5128.21	198.93	818.28	2974	1680	222896.5	1613.0126	0.029216	5186.886	29.2456	5128.21	239	5671.21	5662.36	5295.3251	30	5128.21
abs4n5	3	 low	5	2	4	OU	 US	1701.85	6.52	42.33	1388	265	43736.5	1153.2731	0.025	1750.3929	37.0927	1701.85	0	1701.85	1701.85	1976.1009	24	1701.85
abs4n5	3	 low	5	3	4	OU	 US	2537.21	7.8	40.41	1660	829	43736.5	1719.2483	0.025	2546.392	13.0077	2537.21	0	2537.21	2537.21	2808.7355	20	2537.21
abs4n35	3	 low	35	3	4	OU	 US	4578.62	90.33	502.29	2794	1689	176871.0	1727.5731	0.028056	4823.3033	63.3009	4578.62	524	5075.62	4955.67	4579.0067	30	4762.67
abs4n5	3	 low	5	4	4	OU	 US	2709.42	7.38	41.04	2544	117	43736.5	2272.6463	0.025	2743.3914	22.3573	2709.42	0	2709.42	2709.42	2940.6124	37	2709.42
abs5n10	3	 low	10	2	5	OU	 US	2076.4	32.91	194.49	1118	942	94256.0	934.3667	0.038182	2462.69	20.11	2076.4	5	2287.4	2460.97	2075.5989	25	2412.59
abs5n10	3	 low	10	3	5	OU	 US	2621.93	54.9	180.03	1584	809	94256.0	1328.35	0.038182	2635.93	10.9885	2621.93	4	2627.93	2627.93	2842.25	31	2621.93
abs4n35	3	 low	35	5	4	OU	 US	5536.79	104.48	491.73	4150	1000	176871.0	2749.1117	0.028056	5634.7169	62.0827	5556.21	532	5746.21	5677.45	5605.5878	26	5592.58
abs5n10	3	 low	10	5	5	OU	 US	3156.31	52.18	182.13	2410	544	94256.0	2116.3167	0.038182	3178.1208	16.7463	3156.31	6	3188.31	3174.53	3494.8397	26	3156.31
abs5n10	3	 low	10	4	5	OU	 US	2949.83	48.93	183.9	1826	929	94256.0	1722.3333	0.038182	2988.4354	25.8402	2949.83	16	2987.83	2987.83	3497.4979	37	2949.83
abs5n15	3	 low	15	2	5	OU	 US	2852.69	50.08	179.61	2104	729	118284.0	1229.129	0.038125	3036.1837	85.4158	2852.69	17	3062.69	3062.69	3975.1427	30	2852.69
abs4n40	3	 low	40	5	4	OU	 US	5075.9	124.45	534.45	3329	1540	205643.5	2320.8252	0.028537	5179.9404	79.6176	5075.9	437	5528.9	5504.9	5408.6628	28	5131.61
abs5n15	3	 low	15	3	5	OU	 US	3221.21	52.16	178.05	2372	746	118284.0	1771.3035	0.038125	3263.975	61.3289	3221.21	18	3348.21	3264.21	3501.2685	32	3221.21
abs5n20	3	 low	20	2	5	OU	 US	3885.61	91.06	329.55	2876	621	172582.0	1696.7134	0.035714	3964.3836	49.1875	3885.61	18	3917.61	3872.93	4232.016	36	3885.61
abs5n15	3	 low	15	4	5	OU	 US	3782.69	50.08	179.61	3010	537	118284.0	2313.478	0.038125	3789.5567	13.0245	3782.69	54	3776.69	3776.69	4098.593	30	3782.69
abs4n50	3	 low	50	3	4	OU	 US	5664.09	197.15	821.94	3530	1549	222896.5	2251.2845	0.029216	5758.813	57.6535	5664.09	344	6098.09	6094.67	6003.4427	30	5745.32
abs4n45	3	 low	45	3	4	OU	 US	5295.38	156.89	650.49	3275	1688	207204.5	2059.8432	0.028696	5379.6757	68.0305	5295.38	465	5772.38	5764.71	5601.9767	35	5397.4
abs4n45	3	 low	45	2	4	OU	 US	5111.84	124.34	673.5	2702	3111	207204.5	1462.4883	0.028696	5224.7415	52.0979	5111.84	515	6610.84	5604.05	5121.3074	33	5136.73
abs5n15	3	 low	15	5	5	OU	 US	4359.3	51.32	178.98	3575	560	118284.0	2855.6525	0.038125	4364.7567	5.5446	4359.3	88	4366.3	4362.3	4545.5187	24	4359.3
abs5n25	3	 low	25	2	5	OU	 US	3305.08	84.85	505.23	1792	2047	165277.0	1636.9325	0.033462	4125.0498	20.35	3305.08	35	4429.08	4154.28	3302.0531	42	4103.28
abs5n20	3	 low	20	3	5	OU	 US	4536.16	79.39	337.77	2840	2296	172582.0	2409.2302	0.035714	4667.1615	41.0263	4536.16	85	5553.16	4410.96	4537.3824	46	4611.96
abs4n45	3	 low	45	5	4	OU	 US	6405.3	148.42	660.24	4814	1087	207204.5	3253.852	0.028696	6627.682	209.4894	6431.66	515	6709.66	6536.78	6647.8615	30	6431.66
abs5n30	3	 low	30	3	5	OU	 US	3862.26	124.99	450.27	2566	826	154354.0	1442.3022	0.032903	3888.3129	42.3016	3862.26	98	3968.26	3952.89	4201.7344	34	3879.85
abs5n30	3	 low	30	2	5	OU	 US	3033.97	80.21	488.76	1350	2307	154354.0	1023.5403	0.032903	3542.3468	83.3185	3033.97	76	4225.97	3667.12	3034.7835	34	3453.87
abs5n25	3	 low	25	3	5	OU	 US	4436.25	57.39	526.86	2766	1593	165277.0	2259.962	0.033462	4611.9264	24.7509	4436.25	236	4943.25	4586.25	4433.0347	36	4585.18
abs4n50	3	 low	50	4	4	OU	 US	6281.43	198.47	819.96	4372	1107	222896.5	2889.8706	0.029216	6350.7915	49.4451	6281.43	511	6497.43	6495.43	6782.569	27	6281.43
abs5n20	3	 low	20	5	5	OU	 US	5762.89	89.36	331.53	4774	701	172582.0	3842.5008	0.035714	5858.1383	29.0257	5762.89	299	5896.89	5869.26	6116.9451	30	5814.6
abs4n50	3	 low	50	5	4	OU	 US	6765.59	195.12	825.39	4584	1450	222896.5	3527.2009	0.029216	7258.9058	275.1577	6845.51	510	7054.51	7054.51	7199.6456	24	7086.54
abs5n30	3	 low	30	4	5	OU	 US	4205.11	77.08	486.03	2832	1236	154354.0	1859.9706	0.032903	4293.6748	43.846	4205.11	250	4631.11	4341.28	4202.9841	29	4232.62
abs5n35	3	 low	35	2	5	OU	 US	3383.56	84.48	541.08	1306	4015	186176.0	1160.5437	0.031389	4240.9482	19.501	3383.56	173	5946.56	4320.2	3397.3174	34	3874.85
abs5n40	3	 low	40	3	5	OU	 US	4352.24	154.66	633.87	2894	1203	180550.5	1682.4794	0.03122	4593.12	17.5431	4564.53	70	4885.53	4885.53	4935.3267	30	4352.24
abs5n20	3	 low	20	4	5	OU	 US	5239.16	90.91	329.25	4009	852	172582.0	3125.038	0.035714	5294.6845	44.1507	5239.16	575	5283.16	5232.48	5651.8205	33	5303.48
abs5n25	3	 low	25	4	5	OU	 US	4982.75	118.94	474.81	3604	1032	165277.0	2884.5849	0.033462	5097.4518	75.4019	4982.75	551	5229.75	5218.26	5212.5811	39	5084.26
abs5n25	3	 low	25	5	5	OU	 US	5632.31	116.05	478.26	3928	1342	165277.0	3512.4015	0.033462	5783.8194	54.9565	5632.31	560	5864.31	5791.44	5641.1802	32	5742.13
abs5n35	3	 low	35	3	5	OU	 US	4314.85	125.33	503.52	2836	1137	186176.0	1636.6706	0.031389	4473.32	84.0353	4314.85	425	4601.85	4595.85	4950.1653	36	4384.85
abs5n45	3	 low	45	2	5	OU	 US	4502.85	131.72	683.13	1274	6446	163754.0	969.302	0.031087	4828.0	80.0977	4502.85	121	8534.85	5280.36	4499.3476	30	4630.65
abs5n30	3	 low	30	5	5	OU	 US	4673.2	115.76	457.44	3223	960	154354.0	2279.0969	0.032903	4750.9053	25.6594	4673.2	544	4758.2	4744.91	4674.1362	30	4746.75
abs5n45	3	 low	45	3	5	OU	 US	4367.24	119.97	695.94	1612	4480	163754.0	1316.5272	0.031087	4455.2071	4.3909	4393.91	142	6907.91	4888.95	4391.0521	28	4367.24
abs5n35	3	 low	35	4	5	OU	 US	4700.44	125.06	499.38	3398	1022	186176.0	2114.2995	0.031389	4795.0263	72.9693	4700.44	534	5045.44	5012.11	5422.8942	27	4719.14
abs5n35	3	 low	35	5	5	OU	 US	5185.19	125.35	501.84	3774	1058	186176.0	2591.7417	0.031389	5306.1013	116.5977	5187.19	520	5459.19	5432.95	5195.9817	30	5187.19
abs5n5	3	 low	5	2	5	OU	 US	1184.74	10.04	83.7	664	518	33031.0	673.8971	0.04	1339.3419	79.2933	1184.74	0	1275.74	1205.16	1185.7056	26	1189.16
abs5n5	3	 low	5	3	5	OU	 US	1481.18	13.64	81.54	942	535	33031.0	962.9935	0.04	1721.8512	31.7064	1481.18	0	1572.18	1646.97	1481.8263	32	1646.97
abs5n5	3	 low	5	4	5	OU	 US	1646.97	26.88	72.09	1450	98	33031.0	1263.7775	0.04	1772.97	54.4762	1646.97	0	1646.97	1646.97	3920.2552	30	1646.97
abs5n40	3	 low	40	2	5	OU	 US	4152.33	100.76	678.57	1634	4413	180550.5	1208.4346	0.03122	4635.5947	62.8951	4152.33	495	6826.33	4914.64	4155.2059	32	4540.66
abs5n45	3	 low	45	4	5	OU	 US	4630.22	118.91	698.31	1784	4010	163754.0	1664.344	0.031087	4761.0592	42.7097	4630.22	319	6611.22	4912.87	4631.3628	26	4727.87
abs5n40	3	 low	40	4	5	OU	 US	5074.56	162.03	628.53	3192	1350	180550.5	2156.8129	0.03122	5222.3708	92.5594	5074.56	517	5332.56	5332.56	5088.2897	26	5074.56
abs5n40	3	 low	40	5	5	OU	 US	5703.64	157.01	636.63	3696	1249	180550.5	2629.9923	0.03122	5906.7316	101.4146	5738.64	518	5738.64	5738.64	6169.4458	25	5703.64
abs5n50	3	 low	50	2	5	OU	 US	4843.56	192.95	761.61	2678	1786	202575.0	1583.6831	0.03098	4892.7493	18.208	4843.56	363	5418.56	5411.5	5053.7564	29	4865.9
abs1n15	6	 high	15	2	1	OU	 US	11890.81	1224.51	5091.3	3632	2396	125773.0	6086.6182	0.285	11966.3783	62.2197	11890.81	95	12343.81	12335.81	12755.383	18	11890.81
abs1n10	6	 high	10	2	1	OU	 US	9628.95	873.15	3271.8	4384	1206	102097.5	5737.1793	0.308182	9662.0967	35.9748	9628.95	390	9735.95	9715.95	10356.9798	15	9628.95
abs5n45	3	 low	45	5	5	OU	 US	4945.1	159.89	663.21	3202	1065	163754.0	2011.3721	0.031087	4999.5297	36.9179	4945.1	515	5091.1	5069.1	5156.0491	29	5045.32
abs5n50	3	 low	50	3	5	OU	 US	5470.58	193.6	760.17	3528	1402	202575.0	2217.3647	0.03098	5625.941	137.9402	5474.77	509	5884.77	5839.77	5756.3451	29	5487.11
abs5n50	3	 low	50	4	5	OU	 US	6008.98	192.7	761.28	4018	1380	202575.0	2852.3061	0.03098	6244.3943	166.6497	6008.98	510	6351.98	6312.25	6461.9591	28	6008.98
abs5n50	3	 low	50	5	5	OU	 US	6753.09	192.61	762.48	4844	1222	202575.0	3485.515	0.03098	7016.1238	172.7742	6753.09	512	7021.09	7021.09	6982.9626	29	7101.89
abs1n10	6	 high	10	3	1	OU	 US	11203.93	881.43	3265.5	5576	1497	102097.5	7377.269	0.308182	11214.545	15.6801	11203.93	573	11219.93	11219.93	11853.8041	16	11210.94
abs1n15	6	 high	15	3	1	OU	 US	12791.97	1212.27	5111.7	4730	1936	125773.0	7193.2248	0.285	12838.2557	19.6094	12791.97	331	12989.97	12981.97	14615.1129	14	12803.81
abs1n10	6	 high	10	4	1	OU	 US	12751.49	850.95	3297.9	7582	1068	102097.5	9032.4747	0.308182	12856.5347	34.3769	12798.85	569	12798.85	12798.85	13409.1406	17	12850.49
abs1n10	6	 high	10	5	1	OU	 US	14314.68	878.88	3268.8	9742	425	102097.5	10657.4483	0.308182	14424.6786	87.6672	14314.68	551	14314.68	14314.68	15521.2778	14	14314.68
abs1n20	6	 high	20	2	1	OU	 US	14740.04	1543.24	6295.8	5034	2651	143179.5	6745.1339	0.287619	14756.866	16.7269	14740.04	401	15524.04	15524.04	15431.3941	20	14949.99
abs1n15	6	 high	15	4	1	OU	 US	13990.83	1235.31	5073.3	5860	1923	125773.0	8294.9565	0.285	14103.1662	58.9108	14036.61	531	14092.61	14082.61	14075.691	13	14067.08
abs1n25	6	 high	25	2	1	OU	 US	15212.42	1285.62	6790.8	3148	7807	188676.5	6020.2757	0.294615	15695.15	10.4209	15212.42	269	19031.42	15941.06	15214.4707	16	15685.06
abs1n15	6	 high	15	5	1	OU	 US	14765.57	1177.47	5186.1	6066	2434	125773.0	9399.1256	0.285	14836.4467	71.5651	14765.57	531	14864.57	14864.57	15552.8639	12	14765.57
abs1n20	6	 high	20	3	1	OU	 US	16214.17	1605.37	6250.8	6514	2330	143179.5	8407.5509	0.287619	16284.2486	28.0442	16214.17	528	16700.17	16634.17	16373.5896	14	16244.21
abs1n20	6	 high	20	4	1	OU	 US	17731.98	1565.78	6283.2	8338	1755	143179.5	10078.0379	0.287619	17838.8877	112.9714	17731.98	529	17941.98	17927.17	18684.9049	13	17968.95
abs1n20	6	 high	20	5	1	OU	 US	19553.65	1533.35	6285.3	10022	1720	143179.5	11732.3848	0.287619	19614.4964	32.0298	19553.65	528	19560.65	19560.65	20050.9797	11	19772.92
abs1n25	6	 high	25	3	1	OU	 US	16100.13	1310.83	6768.3	5214	4207	188676.5	7246.9435	0.294615	16363.3707	115.4426	16100.13	524	17500.13	16389.91	16106.1647	14	16128.91
abs1n30	6	 high	30	2	1	OU	 US	22412.15	3043.55	11094.6	6308	2380	201361.0	8118.7117	0.285484	22428.2622	8.3545	22412.15	333	22826.15	22826.15	22670.6846	18	22454.15
abs1n25	6	 high	25	4	1	OU	 US	17065.7	1322.8	6756.9	6638	2833	188676.5	8479.3569	0.294615	17325.7169	95.9438	17065.7	523	17550.7	17326.45	17071.0859	16	17357.24
abs1n25	6	 high	25	5	1	OU	 US	18213.52	1516.22	6597.3	8658	1603	188676.5	9700.2792	0.294615	18412.2514	150.9232	18213.52	523	18374.52	18374.5199	19625.2929	14	18569.8
abs1n30	6	 high	30	3	1	OU	 US	23434.09	2869.09	11316.0	7392	2255	201361.0	9794.8456	0.285484	23822.0192	364.8236	23434.09	521	23832.09	23832.09	23982.8249	12	23434.09
abs1n30	6	 high	30	4	1	OU	 US	25434.63	2897.65	11293.8	9854	1629	201361.0	11479.487	0.285484	25735.8123	167.6827	25529.45	522	25674.45	25674.45	26153.1581	13	25857.53
abs1n30	6	 high	30	5	1	OU	 US	26743.73	2928.63	11219.1	10968	1792	201361.0	13158.6587	0.285484	26811.508	84.2222	26743.73	521	26907.73	26891.73	27517.6255	15	26835.98
abs1n35	6	 high	35	2	1	OU	 US	22054.34	2691.86	11117.7	5306	3934	188912.5	7527.4534	0.285833	22206.435	44.4941	22135.56	519	23049.56	23049.56	22329.2095	12	22137.38
abs1n35	6	 high	35	3	1	OU	 US	23150.6	2636.4	11149.2	7202	2613	188912.5	8930.8054	0.285833	23216.985	56.9302	23150.6	519	23600.6	23586.6	23591.1912	12	23439.74
abs1n35	6	 high	35	4	1	OU	 US	24037.82	2654.92	11136.9	8214	2391	188912.5	10335.1759	0.285833	24108.9792	103.9127	24037.82	518	24396.82	24396.82	24682.3903	13	24906.83
abs1n35	6	 high	35	5	1	OU	 US	25339.99	2704.03	11077.5	9658	2354	188912.5	11740.5659	0.285833	25589.176	55.7931	25515.53	516	25793.53	25793.53	26268.5252	10	25903.28
abs1n40	6	 high	40	2	1	OU	 US	25655.98	3609.17	12978.0	6752	2965	198950.0	8940.4511	0.291707	25690.8508	27.2032	25660.17	516	26304.17	26304.17	25866.5053	12	25703.91
abs1n40	6	 high	40	3	1	OU	 US	27032.66	3584.16	13009.5	8404	2323	198950.0	10651.5766	0.291707	27051.8477	23.1548	27032.66	513	27320.66	27320.66	27444.3395	13	27545.6
abs1n40	6	 high	40	4	1	OU	 US	28469.44	3461.14	13146.3	10200	1950	198950.0	12366.9376	0.291707	28520.3069	30.1578	28469.44	516	28757.44	28671.25	29386.7126	13	28976.22
abs1n5	6	 high	5	2	1	OU	 US	6492.03	516.43	1959.6	3024	992	72215.0	3761.379	0.265	6492.03	0.0	6492.03	13	6492.03	6492.03	6655.9048	11	6492.03
abs1n5	6	 high	5	3	1	OU	 US	7458.1	546.4	1937.7	3566	1408	72215.0	4872.9718	0.265	7458.1	0.0	7458.1	3	7458.1	7458.1	8806.24	12	7458.1
abs1n5	6	 high	5	4	1	OU	 US	10322.79	666.99	1795.8	6768	1092	72215.0	6015.5473	0.265	10322.79	0.0	10322.79	1	10322.79	10322.79	13309.7494	15	10322.79
abs1n5	6	 high	5	5	1	OU	 US	9812.81	647.21	1821.6	7344	0	72215.0	7127.0788	0.265	9946.5424	77.7031	9812.81	0	9812.81	9812.81	13755.0628	17	9812.81
abs1n40	6	 high	40	5	1	OU	 US	29877.88	3569.79	13014.3	11954	1852	198950.0	14071.183	0.291707	30274.0744	9.4316	30264.09	514	30390.09	30385.09	31108.2087	9	31160.82
abs1n45	6	 high	45	2	1	OU	 US	25534.57	2573.67	13713.9	5070	6941	205188.5	8616.7386	0.295435	25602.8191	78.9538	25534.57	513	28298.57	25996.81	25533.424	11	25647.65
abs1n45	6	 high	45	3	1	OU	 US	26511.74	3510.97	12968.7	8120	2536	205188.5	10188.4087	0.295435	26836.73	66.8774	26671.67	506	27135.67	27088.34	27247.295	12	26787.59
abs1n45	6	 high	45	4	1	OU	 US	27788.3	3441.5	13045.8	9438	2125	205188.5	11757.2773	0.295435	27829.2655	33.2844	27788.3	511	28050.3	28037.3	28809.5825	11	28687.68
abs1n45	6	 high	45	5	1	OU	 US	29301.73	3488.72	12972.6	11246	1807	205188.5	13336.8935	0.295435	29434.9055	9.7655	29431.32	505	29514.32	29510.0	31376.0677	11	29942.24
abs1n50	6	 high	50	2	1	OU	 US	29190.58	4222.28	15135.3	7196	2974	185596.0	10612.1853	0.299412	29293.415	112.2462	29190.58	509	29527.58	29527.58	29580.4545	14	30427.87
abs2n15	6	 high	15	2	2	OU	 US	12030.03	1227.33	4913.7	4768	1259	127623.5	5203.8355	0.3075	12030.6454	0.5064	12030.03	66	12168.03	12165.03	12707.9433	13	12030.03
abs1n50	6	 high	50	3	1	OU	 US	31140.3	4378.55	14942.7	10194	1861	185596.0	12734.6779	0.299412	31655.0971	182.4448	31466.25	509	31376.25	31375.54	34196.2054	14	33031.76
abs1n50	6	 high	50	4	1	OU	 US	33214.43	4139.12	15148.2	12476	1557	185596.0	14861.4802	0.299412	33396.3033	123.9434	33284.32	507	33320.32	33320.32	34815.8708	12	34513.86
abs1n50	6	 high	50	5	1	OU	 US	34978.14	4231.69	15126.0	13750	2144	185596.0	16985.0503	0.299412	35209.1585	52.7617	35088.69	508	35251.69	35251.69	35851.7817	13	36671.45
abs2n20	6	 high	20	2	2	OU	 US	14077.77	1634.17	6510.6	4682	1465	149622.5	5685.8653	0.294762	14078.33	0.9189	14077.77	92	14291.77	14291.77	15353.9195	14	14077.77
abs2n10	6	 high	10	2	2	OU	 US	9770.35	691.95	2480.4	5018	1786	155639.0	5268.6744	0.314545	9848.581	62.1634	9770.35	581	9976.35	9930.15	10081.1797	21	9770.35
abs2n10	6	 high	10	3	2	OU	 US	11467.44	673.54	2490.9	7164	1143	155639.0	7172.6316	0.314545	11469.6062	3.3819	11467.44	566	11471.44	11471.44	11899.8879	13	11467.44
abs2n10	6	 high	10	4	2	OU	 US	13211.35	709.75	2463.6	8382	1662	155639.0	9099.9502	0.314545	13290.4209	82.8864	13211.35	582	13217.35	13217.35	14275.1587	11	13211.35
abs2n10	6	 high	10	5	2	OU	 US	15725.74	817.24	2350.5	11172	1382	155639.0	10966.0119	0.314545	15725.74	0.0	15725.74	561	15721.74	15721.74	16937.0669	13	15795.14
abs2n15	6	 high	15	3	2	OU	 US	13194.15	1225.85	4857.3	5894	1302	127623.5	6460.6433	0.3075	13280.3591	59.6011	13194.15	549	13280.1497	13280.1497	13234.1275	11	13194.15
abs2n15	6	 high	15	4	2	OU	 US	14214.62	1287.32	4815.3	6798	1329	127623.5	7725.2573	0.3075	14288.8033	101.2587	14214.62	530	14230.62	14214.62	14499.6554	15	14342.21
abs2n15	6	 high	15	5	2	OU	 US	15244.12	1228.12	4881.0	8126	1011	127623.5	8974.2588	0.3075	15244.12	0.0	15244.12	530	15246.12	15246.12	15818.3224	11	15278.41
abs2n20	6	 high	20	3	2	OU	 US	14557.45	1632.54	6507.0	5064	1653	149622.5	6721.538	0.294762	14636.425	82.5166	14558.54	528	14856.54	14773.03	15111.5824	12	14743.91
abs2n20	6	 high	20	4	2	OU	 US	15280.01	1580.87	6608.1	5782	1410	149622.5	7757.2106	0.294762	15439.6364	88.0378	15283.97	528	15380.97	15380.97	16099.2389	11	15304.97
abs2n20	6	 high	20	5	2	OU	 US	16294.42	1570.02	6617.4	6846	1274	149622.5	8802.2137	0.294762	16335.6618	32.8858	16294.42	527	16307.42	16307.42	17218.3022	11	16360.89
abs2n25	6	 high	25	2	2	OU	 US	16783.95	1899.2	6969.9	5340	3158	176786.0	7080.9846	0.312308	16948.4276	135.7928	16822.1	550	17367.1	17316.67	17859.1281	21	17028.81
abs2n30	6	 high	30	2	2	OU	 US	19656.46	2390.96	9361.5	5298	3765	179408.0	6993.3694	0.297097	20014.7756	130.4745	19656.46	295	20816.46	20806.88	20367.9074	18	19656.46
abs2n25	6	 high	25	3	2	OU	 US	18108.96	1838.96	7035.0	7066	2543	176786.0	8719.0568	0.312308	18233.2419	85.5359	18108.96	525	18482.96	18324.6	18330.8348	16	18268.73
abs2n35	6	 high	35	2	2	OU	 US	20258.96	1804.56	9623.4	3612	11703	205402.5	6942.0017	0.300278	20396.5173	42.0614	20258.96	157	26742.96	21532.84	20262.079	15	20385.84
abs2n25	6	 high	25	4	2	OU	 US	19526.39	1849.49	7026.9	8526	2304	176786.0	10364.205	0.312308	19697.5812	91.6047	19559.39	524	19706.39	19706.39	19861.4519	16	19815.04
abs2n25	6	 high	25	5	2	OU	 US	21095.08	1913.91	6933.3	10485	2074	176786.0	12012.9103	0.312308	21567.7593	174.1458	21338.21	524	21407.21	21374.46	21644.3751	14	21491.64
abs2n30	6	 high	30	3	2	OU	 US	20515.66	2389.96	9359.7	6386	3299	179408.0	8338.84	0.297097	20861.1671	176.2398	20515.66	521	21434.66	21329.66	21672.4533	14	20891.78
abs2n30	6	 high	30	4	2	OU	 US	21926.23	2398.23	9354.0	7714	2824	179408.0	9691.755	0.297097	21980.3667	43.3362	21926.23	522	22290.23	22284.01	22156.0266	12	21949.51
abs2n30	6	 high	30	5	2	OU	 US	23119.17	2363.27	9372.9	8530	3023	179408.0	11031.9067	0.297097	23253.574	84.5799	23119.17	521	23290.17	23290.17	24730.4654	10	23305.68
abs2n35	6	 high	35	3	2	OU	 US	20779.98	2241.18	9289.8	6474	3654	205402.5	8299.0225	0.300278	20904.5733	108.5484	20779.98	517	21658.98	21646.62	21495.809	12	20973.84
abs2n35	6	 high	35	4	2	OU	 US	22024.5	2257.3	9271.2	8344	2533	205402.5	9656.0433	0.300278	22120.2317	88.9295	22024.5	517	22405.5	22405.5	22734.5779	12	22182.26
abs2n35	6	 high	35	5	2	OU	 US	23043.48	2290.04	9223.8	9560	2377	205402.5	11018.3036	0.300278	23174.056	68.1337	23097.84	517	23450.84	23381.8399	24120.8607	10	23469.04
abs2n40	6	 high	40	2	2	OU	 US	21474.26	2550.66	9636.6	6164	4697	210923.5	7428.1951	0.303659	21874.3308	187.1575	21474.26	513	23048.26	22826.29	21740.692	12	21474.26
abs2n40	6	 high	40	3	2	OU	 US	22177.53	2610.03	9586.5	7360	3427	210923.5	8944.8226	0.303659	22213.8633	63.0445	22178.53	513	22983.53	22983.53	23201.6	12	22228.53
abs2n40	6	 high	40	4	2	OU	 US	23473.01	2027.52	10041.3	7790	7111	210923.5	10466.0183	0.303659	24374.0608	420.6948	23749.82	516	26969.82	24365.17	23754.5601	12	23687.91
abs2n40	6	 high	40	5	2	OU	 US	25075.44	2681.94	9496.5	10822	2488	210923.5	11986.6462	0.303659	25383.3814	176.0509	25075.44	515	25488.44	25487.75	26099.2262	14	25251.11
abs2n5	6	 high	5	2	2	OU	 US	5783.45	250.65	1993.8	2494	1045	49384.5	3087.5275	0.261667	5845.9733	0.9256	5783.45	22	5783.45	5844.72	5783.9249	12	5844.72
abs2n5	6	 high	5	4	2	OU	 US	7773.11	500.41	1706.7	5200	366	49384.5	5089.775	0.261667	7783.6867	6.9957	7773.11	1	7773.11	7773.11	8270.1747	30	7773.11
abs2n5	6	 high	5	3	2	OU	 US	6600.84	460.64	1780.2	3294	1066	49384.5	4081.2356	0.261667	6815.66	0.0	6600.84	1	6600.84	6815.66	6600.3314	9	6815.66
abs2n45	6	 high	45	2	2	OU	 US	25491.45	3412.55	12872.7	6776	3823	204224.5	9872.4778	0.29587	25801.2064	262.7804	25495.25	510	26884.25	26877.33	25870.7152	11	25725.56
abs3n10	6	 high	10	2	3	OU	 US	8804.49	703.09	2930.4	3546	1786	118325.5	4005.7843	0.322727	8857.2408	3.21	8804.49	90	8965.49	8892.93	8805.9759	13	8851.61
abs2n45	6	 high	45	3	2	OU	 US	27271.53	3462.43	12800.1	9296	2366	204224.5	11810.3367	0.29587	27372.1238	65.0455	27271.53	507	27924.53	27924.53	28815.8879	13	27793.27
abs2n45	6	 high	45	4	2	OU	 US	28914.21	3310.01	12952.2	11052	2161	204224.5	13752.9745	0.29587	29197.3475	230.0728	28914.21	508	29475.21	29475.21	29984.1454	12	29596.3
abs2n45	6	 high	45	5	2	OU	 US	30980.32	3290.22	12943.2	13336	1967	204224.5	15689.0404	0.29587	31104.8267	49.1726	31039.42	504	31536.42	31512.28	33208.2461	12	32103.45
abs3n15	6	 high	15	2	3	OU	 US	13779.1	1585.1	5541.0	4992	1769	184494.0	5503.1535	0.32875	13781.1857	3.1305	13779.1	208	13888.1	13876.95	14223.9353	14	13780.95
abs2n50	6	 high	50	2	2	OU	 US	29017.6	3659.1	14662.5	8132	4049	222732.5	11038.9813	0.298824	29472.1387	331.7397	29017.6	511	30502.6	30457.34	29328.7101	15	29487.92
abs2n50	6	 high	50	3	2	OU	 US	30886.93	3790.63	14607.6	10146	2990	222732.5	13153.5319	0.298824	31282.1364	252.6163	30899.23	507	31534.23	31534.23	33840.3124	14	31634.45
abs2n50	6	 high	50	4	2	OU	 US	32574.87	3648.16	14682.0	12116	2816	222732.5	15272.3892	0.298824	32719.285	40.3554	32662.16	503	33263.16	33261.84	34414.581	14	33815.85
abs2n50	6	 high	50	5	2	OU	 US	34527.67	3527.61	14830.8	14154	2815	222732.5	17382.6332	0.298824	35110.6657	198.4751	34962.41	500	35327.41	35327.41	36526.9563	14	35107.11
abs3n10	6	 high	10	4	3	OU	 US	10994.28	936.28	2733.0	5960	1365	118325.5	6582.3685	0.322727	10994.28	0.0	10994.28	405	10994.28	10994.28	12298.7702	14	11001.28
abs3n10	6	 high	10	3	3	OU	 US	9844.24	837.57	2814.3	4669	1608	118325.5	5299.5122	0.322727	9944.855	36.6453	9906.87	572	9929.87	9903.87	10279.8585	14	9844.24
abs3n20	6	 high	20	2	3	OU	 US	14378.75	1585.65	5636.1	4786	2917	173451.0	4986.5268	0.300476	14445.15	1.8001	14442.75	230	14924.75	14920.75	14491.0154	19	14378.75
abs3n10	6	 high	10	5	3	OU	 US	12414.84	1009.44	2687.4	7383	1333	118325.5	7888.8056	0.322727	12416.7567	5.5014	12414.84	533	12414.84	12414.84	13465.0923	12	12457.94
abs3n15	6	 high	15	3	3	OU	 US	14940.75	1565.81	5561.7	6298	1598	184494.0	6979.893	0.32875	15042.3492	67.1118	14942.51	531	15023.51	15023.51	15511.0661	13	15031.56
abs3n25	6	 high	25	2	3	OU	 US	18170.89	2189.09	7666.8	6679	2056	192264.0	7041.6766	0.313846	18258.5109	77.1749	18170.89	292	18591.89	18580.45	18508.0081	23	18243.73
abs3n15	6	 high	15	4	3	OU	 US	15955.04	1531.24	5572.8	7604	1265	184494.0	8450.1271	0.32875	16013.9308	101.8292	15955.04	531	15974.04	15974.04	16210.6708	13	15955.04
abs3n15	6	 high	15	5	3	OU	 US	17208.4	1577.1	5547.3	8027	2052	184494.0	9923.6138	0.32875	17217.15	7.7239	17208.4	530	17204.4	17204.4	18062.5691	12	17226.48
abs3n20	6	 high	20	3	3	OU	 US	15110.44	1093.74	6053.7	5370	3676	173451.0	6292.4452	0.300476	15651.3787	125.7147	15110.44	528	16193.44	15667.75	15105.5223	15	15412.75
abs3n20	6	 high	20	4	3	OU	 US	16801.05	1522.35	5690.7	7454	2174	173451.0	7592.8535	0.300476	16981.3323	110.5751	16801.05	527	16841.05	16841.05	16806.8547	13	16961.89
abs3n20	6	 high	20	5	3	OU	 US	17784.79	1580.91	5634.0	8526	2098	173451.0	8896.0169	0.300476	17837.5464	25.6288	17799.91	527	17838.91	17838.91	18128.6772	11	17967.34
abs3n25	6	 high	25	3	3	OU	 US	19519.75	2067.45	7827.3	8328	1553	192264.0	8912.515	0.313846	19868.4818	162.8134	19519.75	524	19775.75	19775.75	20160.7912	17	19635.0
abs3n25	6	 high	25	4	3	OU	 US	21512.33	2043.03	7845.3	10252	1488	192264.0	10783.3533	0.313846	21673.8306	156.6666	21512.33	525	21628.33	21628.33	21914.5991	16	21569.39
abs3n25	6	 high	25	5	3	OU	 US	23578.91	2025.4	7921.5	11862	1847	192264.0	12672.9	0.313846	23749.0887	100.287	23672.9	525	23655.9	23648.9	24436.4667	15	24055.36
abs3n30	6	 high	30	2	3	OU	 US	22225.09	3226.29	11188.8	5343	3019	204549.0	7107.0878	0.307419	22234.4512	5.4703	22225.09	439	22779.09	22765.09	22774.0571	16	22231.09
abs3n30	6	 high	30	3	3	OU	 US	22794.46	3121.87	11271.0	6740	2115	204549.0	8286.3878	0.307419	22970.9271	103.0858	22868.87	522	23247.87	23247.87	23397.0592	14	22952.75
abs3n30	6	 high	30	4	3	OU	 US	23749.37	3144.59	11274.9	7536	2136	204549.0	9471.4965	0.307419	23848.8908	65.7747	23776.49	520	24091.49	24024.37	24164.6237	13	24047.51
abs3n30	6	 high	30	5	3	OU	 US	24647.64	3298.34	11145.3	8890	1620	204549.0	10650.7944	0.307419	25215.3345	228.0627	24826.64	519	24953.64	24953.64	25519.6004	11	24961.95
abs3n35	6	 high	35	2	3	OU	 US	25367.74	3668.84	12909.9	6104	3041	195931.0	9250.2331	0.313056	25638.2321	155.3814	25385.74	519	25723.74	25570.74	25616.6298	14	25538.64
abs3n35	6	 high	35	3	3	OU	 US	27191.35	3613.35	12987.0	8710	1699	195931.0	11146.8497	0.313056	27356.6857	173.3318	27191.35	515	27009.35	26997.82	27969.7692	14	27202.43
abs3n35	6	 high	35	4	3	OU	 US	28621.98	3586.42	12996.6	10764	1445	195931.0	13048.1609	0.313056	28856.3136	62.0289	28763.02	517	28792.02	28790.02	29693.5129	14	29344.43
abs3n35	6	 high	35	5	3	OU	 US	30570.2	3554.29	12996.6	12239	1793	195931.0	14937.1515	0.313056	30706.7083	89.1951	30620.89	519	30584.89	30560.69	32654.247	12	31331.61
abs3n40	6	 high	40	2	3	OU	 US	25796.93	3872.93	13374.0	4997	4294	195433.0	7860.3818	0.323659	26010.0318	100.2462	25796.93	516	26538.93	26521.61	26631.8008	11	25796.93
abs3n40	6	 high	40	3	3	OU	 US	26311.12	3842.72	13400.4	6100	3491	195433.0	8962.7728	0.323659	26338.775	21.4032	26311.12	513	26834.12	26803.15	26610.8192	10	26699.59
abs3n40	6	 high	40	4	3	OU	 US	27132.74	3890.33	13357.8	7612	2670	195433.0	10067.7304	0.323659	27413.6118	36.294	27366.13	514	27530.13	27500.13	27542.1721	11	27703.86
abs3n5	6	 high	5	2	3	OU	 US	7822.09	503.49	1563.6	4426	1329	100922.0	6141.7388	0.395	7822.09	0.0	7822.09	3	7822.09	7822.09	8914.6469	13	7822.09
abs3n5	6	 high	5	3	3	OU	 US	11905.97	443.57	1607.4	7966	1889	100922.0	8237.0082	0.395	12418.9	0.0	11905.97	0	11905.97	12418.9	11906.8097	13	12418.9
abs3n5	6	 high	5	4	3	OU	 US	12830.07	738.67	1388.4	9102	1600	100922.0	10370.7229	0.395	12830.07	0.0	12830.07	2	12830.07	12830.07	16144.5501	6	12830.07
abs3n5	6	 high	5	5	3	OU	 US	13951.9	687.0	1422.9	11816	26	100922.0	12499.7977	0.395	13956.1709	5.8154	13951.9	1	13951.9	13951.9	20148.1816	11	13951.9
abs3n40	6	 high	40	5	3	OU	 US	28154.34	3771.14	13456.8	8612	2464	195433.0	11172.3686	0.323659	28242.5222	16.9073	28225.94	516	28303.94	28303.94	28685.8184	9	28356.17
abs4n10	6	 high	10	2	4	OU	 US	9677.22	653.42	2878.8	4622	1621	112460.5	4958.1276	0.257273	9693.69	16.9631	9677.22	105	9776.22	9757.22	10093.4631	15	9677.22
abs3n45	6	 high	45	2	3	OU	 US	26606.18	2605.58	14694.6	3376	15255	200749.0	7830.5469	0.32087	26995.7667	74.57	26606.18	510	35931.18	27916.14	26602.397	12	26647.92
abs3n45	6	 high	45	3	3	OU	 US	27149.44	3975.74	13574.7	6814	3671	200749.0	8847.8159	0.32087	27375.93	175.0331	27149.44	509	28036.44	27945.28	27438.7402	12	27359.0
abs3n45	6	 high	45	4	3	OU	 US	27641.12	3832.52	13707.6	7572	3106	200749.0	9865.6825	0.32087	27778.578	88.2633	27641.12	507	28218.12	28214.56	28471.9582	10	27857.66
abs3n45	6	 high	45	5	3	OU	 US	28338.62	2784.61	14573.4	6730	6947	200749.0	10881.1598	0.32087	28611.4467	85.9153	28451.01	505	31035.01	28834.3	28477.6752	12	28505.0
abs3n50	6	 high	50	2	3	OU	 US	28093.57	3875.84	14688.0	6406	3771	210041.0	9260.4774	0.32098	28427.5864	141.2755	28305.84	510	28740.84	28707.2	29273.249	14	29220.9
abs4n15	6	 high	15	2	4	OU	 US	11004.39	834.31	4065.0	5342	1033	125072.0	5402.7339	0.251875	11090.99	3.9875	11085.31	157	11274.31	11248.97	12252.5496	15	11004.39
abs3n50	6	 high	50	3	3	OU	 US	29684.42	3847.89	14715.3	8672	2838	210041.0	10831.3161	0.32098	30013.8364	141.2724	29842.19	507	30073.19	30073.19	30659.0027	14	31198.48
abs3n50	6	 high	50	4	3	OU	 US	30968.22	3865.82	14693.4	10120	2693	210041.0	12405.3638	0.32098	31217.0315	67.9413	31156.22	506	31372.22	31368.22	32164.3262	13	31769.01
abs3n50	6	 high	50	5	3	OU	 US	32281.2	3838.1	14730.0	11536	2751	210041.0	13979.012	0.32098	32769.19	125.0055	32601.1	511	32856.1	32849.1	34118.4509	12	32919.68
abs4n10	6	 high	10	3	4	OU	 US	11019.31	720.61	2813.7	5602	1933	112460.5	6487.4855	0.257273	11113.82	96.154	11019.31	539	11069.31	11069.31	11434.3083	15	11019.31
abs4n10	6	 high	10	4	4	OU	 US	12312.04	749.34	2756.7	7017	1775	112460.5	8020.8469	0.257273	12312.04	0.0	12312.04	549	12299.04	12299.04	13234.6806	14	12312.04
abs4n10	6	 high	10	5	4	OU	 US	14467.45	779.95	2713.5	8430	2544	112460.5	9538.2358	0.257273	14477.3667	8.7538	14467.45	559	14467.45	14467.45	15553.7213	12	14467.45
abs4n15	6	 high	15	3	4	OU	 US	12111.83	816.93	4086.9	5806	1498	125072.0	6741.2551	0.251875	12210.5464	67.0675	12111.83	531	12207.83	12207.83	12297.7591	11	12272.23
abs4n15	6	 high	15	4	4	OU	 US	13316.01	825.81	4069.2	6862	1623	125072.0	8096.0672	0.251875	13447.4814	126.1788	13316.01	530	13380.01	13380.01	13781.1384	14	13421.59
abs4n15	6	 high	15	5	4	OU	 US	14684.31	832.21	4067.1	8996	825	125072.0	9422.9451	0.251875	14705.2283	30.2158	14684.31	531	14721.31	14721.31	14841.5268	12	14747.31
abs4n20	6	 high	20	2	4	OU	 US	14911.52	1164.12	5633.4	6272	2173	182400.0	7437.3615	0.27	15019.9865	89.5279	14922.52	528	15242.52	15231.44	15234.0204	20	15008.44
abs4n20	6	 high	20	3	4	OU	 US	16566.16	1174.36	5614.2	7956	2085	182400.0	9300.558	0.27	16760.9543	171.8133	16614.56	527	16830.56	16819.1	16713.617	14	16671.78
abs4n25	6	 high	25	2	4	OU	 US	15824.92	1228.12	7180.8	3538	7182	175022.5	6115.8597	0.270769	16414.8281	14.5413	15824.92	252	19128.92	17104.09	15824.711	16	16374.19
abs4n20	6	 high	20	4	4	OU	 US	18325.89	1198.89	5583.0	9624	2019	182400.0	11166.131	0.27	18533.6829	117.2655	18325.89	528	18424.89	18424.89	18858.2178	14	18804.59
abs4n20	6	 high	20	5	4	OU	 US	19891.71	1282.91	5452.8	11114	2094	182400.0	13016.2838	0.27	19891.71	0.0	19891.71	528	19944.7099	19944.7099	20488.8844	11	20156.47
abs4n25	6	 high	25	3	4	OU	 US	16865.68	1540.52	6880.2	5956	3042	175022.5	7301.4496	0.270769	17005.07	84.2188	16876.72	526	17418.72	17414.72	17152.2267	14	16876.72
abs4n30	6	 high	30	2	4	OU	 US	17571.51	1776.09	7849.8	5338	4133	173807.0	6704.3975	0.268387	17758.8661	86.7216	17631.89	343	19097.89	19090.77	17999.8623	18	17571.51
abs4n25	6	 high	25	4	4	OU	 US	17834.81	1555.61	6838.2	7402	2373	175022.5	8495.9142	0.270769	18140.6433	231.4805	17834.81	523	18168.81	18168.81	18462.0001	15	17884.0
abs4n25	6	 high	25	5	4	OU	 US	18693.19	1577.04	6821.7	7898	2723	175022.5	9675.1627	0.270769	18909.7845	37.9215	18865.74	525	19019.74	19019.7399	19770.365	11	18897.81
abs4n30	6	 high	30	3	4	OU	 US	18659.28	1716.08	7912.2	6084	3935	173807.0	8101.8847	0.268387	18974.7027	205.7189	18659.28	521	19647.28	19619.28	18955.6792	15	18813.39
abs4n30	6	 high	30	4	4	OU	 US	19651.9	1762.26	7831.2	7770	3332	173807.0	9500.6332	0.268387	20196.7262	175.7395	19948.46	521	20695.46	20594.21	20480.6564	13	20146.43
abs4n30	6	 high	30	5	4	OU	 US	20855.88	1705.38	7906.5	8974	2703	173807.0	10900.6447	0.268387	21021.794	82.3032	20855.88	524	21288.88	21260.5	21800.9147	10	21295.58
abs4n35	6	 high	35	2	4	OU	 US	19939.38	2352.88	9241.5	5786	3476	176871.0	7917.1245	0.2725	20001.5169	77.6807	19939.38	520	20856.38	20836.38	20202.116	16	20015.11
abs4n35	6	 high	35	3	4	OU	 US	21260.1	2356.5	9261.6	7906	2238	176871.0	9522.3668	0.2725	21377.0238	114.0307	21260.1	517	21763.1	21755.1	21353.0191	13	21617.77
abs4n35	6	 high	35	4	4	OU	 US	22683.87	2272.46	9293.1	9364	2165	176871.0	11132.9778	0.2725	22822.065	1.5623	22820.56	517	23095.56	23095.56	23366.2491	12	23541.99
abs4n35	6	 high	35	5	4	OU	 US	24237.5	2276.96	9339.3	11152	1810	176871.0	12729.5001	0.2725	24411.12	77.0383	24326.26	519	24579.26	24560.26	25862.3572	10	25059.13
abs4n40	6	 high	40	2	4	OU	 US	21352.41	1841.51	10434.9	3908	12730	205643.5	7532.3549	0.277805	21942.1758	28.0689	21352.41	512	28914.41	23476.83	21346.6782	12	21921.83
abs4n40	6	 high	40	3	4	OU	 US	22449.81	2425.61	9885.6	7248	4004	205643.5	8772.7723	0.277805	22515.6833	83.3524	22456.21	512	23563.21	23433.81	23027.3517	12	22460.81
abs4n40	6	 high	40	4	4	OU	 US	23087.24	2353.43	9968.4	8152	3443	205643.5	10013.1898	0.277805	23244.408	135.9649	23133.83	516	23916.83	23914.21	23884.9144	10	23165.87
abs4n5	6	 high	5	2	4	OU	 US	5428.15	308.85	1515.3	2186	1470	43736.5	3279.5583	0.258333	5428.15	0.0	5428.15	6	5480.15	5480.15	5987.6209	10	5428.15
abs4n5	6	 high	5	3	4	OU	 US	6635.39	341.29	1472.1	4280	542	43736.5	4321.0015	0.258333	6645.95	11.0239	6635.39	21	6635.39	6635.39	7074.226	20	6635.39
abs4n40	6	 high	40	5	4	OU	 US	24249.89	2326.37	10034.4	9862	2690	205643.5	11258.3964	0.277805	24577.1609	42.2754	24527.77	511	24912.77	24912.77	24756.7088	11	24630.09
abs4n5	6	 high	5	4	4	OU	 US	7452.75	375.35	1433.4	5265	378	43736.5	5393.7132	0.258333	7550.1184	42.1218	7452.75	2	7452.75	7452.75	10181.1347	19	7452.75
abs4n5	6	 high	5	5	4	OU	 US	10010.95	459.15	1339.8	8212	0	43736.5	6423.9157	0.258333	10133.045	45.4231	10010.95	0	10010.95	10010.95	11795.5257	12	10010.95
abs4n45	6	 high	45	2	4	OU	 US	26239.12	3308.49	13467.0	6750	4283	207204.5	10341.8742	0.278261	26791.9283	104.7558	26630.49	512	27808.49	27554.4	26849.8354	12	26630.49
abs4n45	6	 high	45	3	4	OU	 US	27659.82	3348.32	13432.5	8380	3127	207204.5	12116.2673	0.278261	27787.8325	85.4699	27659.82	513	28287.82	28287.82	28077.7942	12	28539.7
abs5n10	6	 high	10	2	5	OU	 US	9702.52	1130.12	3554.4	3024	2071	94256.0	4642.6769	0.374545	9734.1827	13.5216	9712.52	59	9779.52	9779.52	10135.0413	15	9702.52
abs4n45	6	 high	45	4	4	OU	 US	29330.68	3234.58	13499.1	10564	2374	207204.5	13887.6683	0.278261	29514.7985	188.3423	29330.68	505	29672.68	29660.18	30965.6817	13	30143.59
abs4n45	6	 high	45	5	4	OU	 US	30919.27	3225.37	13531.8	12518	1981	207204.5	15663.0589	0.278261	31111.2527	39.6618	31060.17	508	31257.17	31213.11	31887.6576	11	31563.25
abs4n50	6	 high	50	2	4	OU	 US	30011.51	3174.51	16893.0	6184	9744	222896.5	11980.7261	0.281765	30300.0993	293.3252	30011.51	510	35995.51	31502.29	30023.8884	14	30664.81
abs5n10	6	 high	10	5	5	OU	 US	12186.46	1240.66	3439.8	6357	1147	94256.0	7861.1852	0.374545	12186.46	0.0	12186.46	240	12186.46	12186.46	13118.5045	16	12186.46
abs4n50	6	 high	50	3	4	OU	 US	31596.85	4160.15	16070.7	8996	3700	222896.5	13930.4491	0.281765	31867.3664	205.8918	31596.85	510	32926.85	32926.85	33539.2414	14	32879.31
abs4n50	6	 high	50	4	4	OU	 US	34027.83	4142.28	16063.2	11178	3348	222896.5	15880.1722	0.281765	34127.3458	43.3304	34066.48	509	34731.48	34652.78	34714.415	12	35393.65
abs4n50	6	 high	50	5	4	OU	 US	35797.74	4161.7	16035.9	13342	2890	222896.5	17839.5473	0.281765	36073.7915	277.4793	35830.6	507	36429.6	36429.6	38694.2214	13	38717.66
abs5n10	6	 high	10	4	5	OU	 US	11085.58	1116.48	3563.1	5254	1152	94256.0	6786.1047	0.374545	11085.58	0.0	11085.58	449	11085.58	11085.58	11592.9206	19	11198.58
abs5n10	6	 high	10	3	5	OU	 US	10379.59	1100.09	3577.5	4088	1613	94256.0	5713.2709	0.374545	10379.6669	0.2774	10379.59	552	10379.59	10379.59	10567.9018	13	10412.59
abs5n15	6	 high	15	2	5	OU	 US	11291.61	1086.11	3721.5	4972	1523	118284.0	5736.4543	0.37375	11301.5771	9.1447	11291.61	492	11303.61	11303.61	11597.8243	17	11291.61
abs5n15	6	 high	15	3	5	OU	 US	12336.14	1148.54	3660.6	6011	1733	118284.0	7310.3014	0.37375	12385.3762	64.99	12336.14	529	12554.14	12381.14	12743.5353	13	12508.11
abs5n15	6	 high	15	4	5	OU	 US	13824.46	1150.18	3670.8	7407	1716	118284.0	8895.7637	0.37375	13938.8883	48.3414	13904.98	531	13944.98	13944.98	14260.3007	12	13824.46
abs5n15	6	 high	15	5	5	OU	 US	15188.01	1087.51	3718.5	8990	1466	118284.0	10465.2485	0.37375	15331.0031	126.9773	15188.01	531	15262.01	15237.01	15814.6741	16	15214.05
abs5n20	6	 high	20	2	5	OU	 US	16417.4	1811.54	6426.6	6910	1225	172582.0	8824.9334	0.352857	16705.2835	171.8703	16483.14	545	16373.14	16373.14	17030.1114	17	16509.78
abs5n20	6	 high	20	3	5	OU	 US	18448.27	1898.27	6348.0	9056	1124	172582.0	10967.2278	0.352857	18622.1138	202.9877	18448.27	529	18426.27	18426.27	18554.1156	13	18512.29
abs5n20	6	 high	20	4	5	OU	 US	20321.23	1862.49	6386.4	10976	1167	172582.0	13116.9867	0.352857	20659.6306	226.3452	20400.89	527	20391.89	20391.89	21180.5722	16	20445.42
abs5n20	6	 high	20	5	5	OU	 US	22690.2	1884.6	6351.6	13018	1377	172582.0	15256.793	0.352857	22826.5971	69.2766	22690.2	528	22631.2	22631.2	23300.7579	14	22942.53
abs5n25	6	 high	25	2	5	OU	 US	18885.34	2436.04	8571.3	6136	1906	165277.0	10144.4265	0.334615	19112.6117	141.5731	18897.34	526	19049.34	19049.34	19007.7846	18	19016.72
abs5n25	6	 high	25	3	5	OU	 US	20893.22	2467.33	8529.3	8534	1461	165277.0	12145.9297	0.334615	21055.4982	108.7733	20897.63	525	20991.63	20954.41	21363.3671	17	20893.22
abs5n25	6	 high	25	4	5	OU	 US	22650.11	2521.11	8481.0	9934	1874	165277.0	14154.8735	0.334615	22823.3969	120.7557	22650.11	526	22810.11	22810.11	23101.1553	13	22917.42
abs5n25	6	 high	25	5	5	OU	 US	24768.86	2512.76	8537.1	12194	1595	165277.0	16144.2924	0.334615	24939.66	133.4564	24768.86	523	24838.86	24838.86	25986.4533	11	24967.39
abs5n30	6	 high	30	2	5	OU	 US	18153.29	2427.81	8637.0	4766	2852	154354.0	7002.1876	0.33129	18583.0925	428.0581	18170.81	523	18682.81	18682.81	18653.8887	16	18170.81
abs5n30	6	 high	30	3	5	OU	 US	19488.28	2399.18	8645.1	6600	2022	154354.0	8329.6014	0.33129	19583.2686	102.4533	19488.28	519	19666.28	19655.96	19826.0081	14	19513.96
abs5n30	6	 high	30	4	5	OU	 US	20718.1	2382.52	8663.7	7994	1927	154354.0	9661.714	0.33129	20880.1545	71.3156	20794.22	520	20967.22	20967.22	20933.756	11	20871.87
abs5n30	6	 high	30	5	5	OU	 US	21754.25	2333.08	8707.8	8816	2089	154354.0	10990.3025	0.33129	22020.48	70.4671	21910.88	520	21945.88	21945.88	22399.1925	11	22192.22
abs5n35	6	 high	35	2	5	OU	 US	20526.06	2618.26	9724.8	5572	3454	186176.0	7670.1835	0.319167	20949.425	198.871	20624.06	520	21369.06	21369.06	20987.9521	16	20859.56
abs5n35	6	 high	35	3	5	OU	 US	21915.21	2669.32	9654.3	7382	2435	186176.0	9056.9152	0.319167	22028.9014	123.2133	21918.62	518	22140.62	22110.62	21950.483	14	22187.76
abs5n35	6	 high	35	4	5	OU	 US	22929.22	2700.64	9596.1	8720	2336	186176.0	10448.1059	0.319167	23099.4173	126.6534	22974.74	517	23352.74	23310.29	23982.8093	11	23140.44
abs5n35	6	 high	35	5	5	OU	 US	24218.52	2646.82	9632.7	10004	2368	186176.0	11830.3786	0.319167	24336.8192	81.9086	24218.52	517	24651.52	24651.52	25513.8966	12	24750.58
abs5n40	6	 high	40	2	5	OU	 US	23697.56	3300.86	12206.7	5496	3915	180550.5	8986.2375	0.318049	24084.335	277.3868	23697.56	517	24919.56	24782.22	24056.7552	12	24410.64
abs5n40	6	 high	40	3	5	OU	 US	25045.81	3176.18	12282.9	7088	3076	180550.5	10413.2363	0.318049	25305.679	96.1362	25191.08	515	25624.0799	25624.0799	26393.1538	10	25661.61
abs5n40	6	 high	40	5	5	OU	 US	27412.63	3228.86	12282.3	9632	2744	180550.5	13273.871	0.318049	27651.4911	88.6928	27568.16	512	27887.16	27887.16	28150.1368	9	28043.09
abs5n40	6	 high	40	4	5	OU	 US	26394.02	3432.51	12031.2	8770	2473	180550.5	11840.235	0.318049	26509.0355	106.5952	26434.71	515	26706.71	26699.14	26704.3066	11	26583.81
abs5n5	6	 high	5	3	5	OU	 US	6231.35	697.15	1390.2	3890	254	33031.0	4965.3886	0.391667	6231.35	0.0	6231.35	4	6231.35	6231.35	7461.7339	7	6231.35
abs5n5	6	 high	5	2	5	OU	 US	4871.89	570.09	1483.8	2622	196	33031.0	3947.0239	0.391667	4902.93	12.7124	4871.89	8	4871.89	4871.89	5249.0387	17	4871.89
abs5n5	6	 high	5	4	5	OU	 US	7463.79	769.59	1336.2	4966	392	33031.0	6000.4478	0.391667	7480.1214	9.0225	7463.79	2	7463.79	7463.79	9800.6504	14	7463.79
abs5n45	6	 high	45	2	5	OU	 US	26038.08	2608.68	14852.4	2822	12765	163754.0	9041.3095	0.312826	26600.339	57.7895	26038.08	513	33048.08	27658.08	26039.2416	10	26530.2
abs5n45	6	 high	45	3	5	OU	 US	26905.84	3707.64	13996.2	6288	3494	163754.0	10057.6221	0.312826	27056.4927	139.0197	26905.84	507	27485.84	27477.64	27684.6525	11	26966.99
abs5n45	6	 high	45	4	5	OU	 US	27295.71	3790.71	13899.0	6998	3228	163754.0	11077.7735	0.312826	27412.7791	83.6617	27295.71	511	27915.71	27637.31	28140.6154	11	27413.29
abs5n45	6	 high	45	5	5	OU	 US	28062.81	3689.0	14017.2	8544	2115	163754.0	12092.7139	0.312826	28198.632	14.9228	28159.2	511	28365.2	28331.88	29294.4864	10	28323.43
abs1n15	6	 low	15	2	1	OU	 US	6198.48	111.39	519.09	3632	2384	125773.0	2639.2582	0.026875	6242.9435	38.2835	6198.48	91	6646.48	6637.52	6594.6701	17	6231.52
abs5n50	6	 high	50	2	5	OU	 US	27984.61	3880.23	14467.5	6996	3765	202575.0	11030.7536	0.312157	28377.25	101.3359	28233.73	510	29108.73	29101.46	28491.8621	14	30016.08
abs5n50	6	 high	50	3	5	OU	 US	29757.77	3735.04	14686.8	8798	3166	202575.0	12872.7113	0.312157	30164.1594	335.9716	29771.84	501	30385.84	30385.84	30961.2245	16	31403.63
abs5n50	6	 high	50	4	5	OU	 US	31215.01	3905.51	14459.4	11012	2758	202575.0	14717.5072	0.312157	31780.36	127.0939	31640.91	500	32134.91	32129.91	33012.5995	13	32613.51
abs1n10	6	 low	10	2	1	OU	 US	5894.28	83.1	327.18	5034	537	102097.5	3553.1793	0.029091	5937.4284	38.4063	5894.28	394	5981.28	5981.28	6419.2298	19	5894.28
abs5n50	6	 high	50	5	5	OU	 US	33243.43	3705.19	14707.8	12634	2906	202575.0	16563.2503	0.312157	33544.18	179.4768	33311.99	503	33952.99	33915.98	34781.5044	13	34987.68
abs1n10	6	 low	10	3	1	OU	 US	7467.32	83.77	326.55	6280	817	102097.5	5193.269	0.029091	7517.2077	58.0934	7467.32	568	7507.32	7483.32	7914.3945	13	7480.53
abs1n20	6	 low	20	2	1	OU	 US	7679.16	153.21	628.95	5040	2625	143179.5	3587.9339	0.027619	7694.6442	20.5542	7679.16	278	8448.16	8448.1599	8908.8664	19	7679.16
abs1n15	6	 low	15	3	1	OU	 US	7080.52	114.79	516.54	4730	1924	125773.0	3745.8648	0.026875	7149.6406	10.967	7131.33	393	7286.33	7285.84	7372.3468	17	7080.52
abs1n10	6	 low	10	4	1	OU	 US	9005.35	82.82	328.53	7378	1216	102097.5	6848.4747	0.029091	9109.315	86.116	9005.35	537	9005.35	9005.35	9632.9402	12	9199.64
abs1n10	6	 low	10	5	1	OU	 US	10577.48	83.6	326.88	9260	907	102097.5	8473.4483	0.029091	10612.4133	31.3448	10577.48	533	10577.48	10577.48	11250.671	15	10577.48
abs1n25	6	 low	25	2	1	OU	 US	8207.18	120.81	677.37	3538	7763	188676.5	2727.7157	0.028462	8420.474	5.7432	8207.18	206	12099.18	8655.85	8212.7881	20	8418.85
abs1n15	6	 low	15	4	1	OU	 US	8267.19	113.61	518.58	5224	2529	125773.0	4847.5965	0.026875	8395.2806	97.8921	8267.19	530	8386.19	8366.46	8589.4255	16	8282.19
abs1n15	6	 low	15	5	1	OU	 US	9033.21	112.6	518.61	6534	1967	125773.0	5951.7656	0.026875	9092.21	37.8342	9033.21	530	9132.21	9132.21	9799.2705	15	9280.12
abs1n20	6	 low	20	3	1	OU	 US	9212.65	154.23	627.42	6210	2568	143179.5	5250.3509	0.027619	9217.9577	16.8789	9212.65	527	9559.65	9559.65	9867.4339	13	9306.77
abs1n20	6	 low	20	4	1	OU	 US	10643.31	150.33	631.98	8174	1909	143179.5	6920.8379	0.027619	10819.1664	206.5757	10643.31	528	10865.31	10842.31	11091.7621	14	11021.31
abs1n20	6	 low	20	5	1	OU	 US	12362.45	160.11	617.34	10094	1550	143179.5	8575.1848	0.027619	12502.3491	121.1283	12362.45	528	12421.45	12421.45	13073.1593	11	12609.77
abs1n30	6	 low	30	2	1	OU	 US	9675.75	298.75	1113.0	6308	2368	201361.0	3832.1917	0.027742	9690.284	8.0818	9675.75	267	10087.75	10083.53	9925.676	20	9676.53
abs1n25	6	 low	25	3	1	OU	 US	8815.51	151.37	655.65	6664	1616	188676.5	3954.3835	0.028462	8903.5644	71.4875	8831.02	525	9087.02	9087.02	9053.5949	16	8833.06
abs1n25	6	 low	25	4	1	OU	 US	9894.39	147.48	657.12	7286	1980	188676.5	5186.7969	0.028462	9996.7136	75.7546	9908.6	526	10070.6	10061.6	10071.2293	14	9988.85
abs1n25	6	 low	25	5	1	OU	 US	10893.29	149.61	652.11	8616	1706	188676.5	6407.7192	0.028462	11098.46	24.9829	11077.72	525	11123.72	11123.72	11387.5059	11	11215.81
abs1n30	6	 low	30	3	1	OU	 US	10663.57	282.97	1131.6	7278	2369	201361.0	5508.3256	0.027742	10825.2364	106.2416	10663.57	521	11061.57	11061.57	11481.8235	14	10663.57
abs1n30	6	 low	30	4	1	OU	 US	12587.95	294.43	1122.57	9452	1969	201361.0	7192.967	0.027742	12784.0343	40.5399	12705.0	521	12838.0	12838.0	13304.3015	14	12789.24
abs1n30	6	 low	30	5	1	OU	 US	13959.72	279.25	1130.58	11102	1867	201361.0	8872.1387	0.027742	14358.8258	129.7407	14285.83	519	14378.83	14378.83	15034.512	12	14764.72
abs1n35	6	 low	35	2	1	OU	 US	9428.89	225.3	1141.59	4452	7139	188912.5	3276.0334	0.0275	9971.0007	271.9479	9428.89	520	12957.89	10593.26	9433.9331	15	9800.96
abs1n35	6	 low	35	3	1	OU	 US	10699.1	249.26	1116.84	7174	2633	188912.5	4679.3854	0.0275	10794.84	73.725	10699.1	518	11173.1	11156.1	11378.3487	12	11190.77
abs1n35	6	 low	35	4	1	OU	 US	11610.3	256.65	1108.32	8214	2528	188912.5	6083.7559	0.0275	11848.4245	90.3497	11680.97	516	12106.97	12105.91	12633.1715	11	11981.26
abs1n35	6	 low	35	5	1	OU	 US	12901.56	246.94	1117.62	9434	2415	188912.5	7489.1459	0.0275	12955.4164	52.5947	12901.56	519	13213.56	13213.56	14146.5643	11	13831.2
abs1n40	6	 low	40	3	1	OU	 US	12031.54	344.78	1301.76	8202	2568	198950.0	5685.1966	0.028293	12161.1658	100.0148	12031.54	515	12416.54	12372.71	12676.4828	12	12434.69
abs1n40	6	 low	40	2	1	OU	 US	10637.75	345.61	1300.29	6810	2909	198950.0	3974.0711	0.028293	10706.455	29.5083	10680.9	513	11364.9	11357.39	11094.2758	14	10637.75
abs1n40	6	 low	40	4	1	OU	 US	13514.68	343.71	1304.97	10382	1852	198950.0	7400.5576	0.028293	13727.6236	87.7557	13653.68	512	13882.68	13882.68	14679.9486	11	13952.94
abs1n5	6	 low	5	2	1	OU	 US	4259.38	47.42	195.96	2176	1839	72215.0	2405.859	0.025	4259.38	0.0	4259.38	13	4259.38	4259.38	4414.7348	9	4259.38
abs1n5	6	 low	5	3	1	OU	 US	5218.47	50.7	193.77	4098	876	72215.0	3517.4518	0.025	5218.47	0.0	5218.47	2	5218.47	5218.47	6084.7378	11	5218.47
abs1n40	6	 low	40	5	1	OU	 US	15048.23	341.73	1305.18	12132	1636	198950.0	9104.803	0.028293	15286.7856	29.9656	15236.91	510	15414.91	15396.53	16032.7209	9	15676.17
abs1n5	6	 low	5	5	1	OU	 US	7586.1	59.94	182.16	7344	0	72215.0	5771.5588	0.025	7747.1407	71.1772	7586.1	0	7586.1	7586.1	11552.2828	27	7586.1
abs1n5	6	 low	5	4	1	OU	 US	8101.24	61.66	179.58	7003	856	72215.0	4660.0273	0.025	8101.24	0.0	8101.24	1	8101.24	8101.2398	11106.9694	13	8101.24
abs1n45	6	 low	45	2	1	OU	 US	10461.87	344.76	1297.11	6168	3331	205188.5	3688.1586	0.028696	10611.3417	104.9727	10461.87	513	11140.87	11131.43	11902.7961	12	10617.4
abs1n45	6	 low	45	3	1	OU	 US	11776.0	333.75	1307.25	7938	2607	205188.5	5259.8287	0.028696	11868.6225	90.3241	11776.0	508	12186.0	12128.94	12575.9687	12	11843.64
abs1n45	6	 low	45	4	1	OU	 US	12945.85	341.29	1299.0	9887	1908	205188.5	6828.6973	0.028696	13225.4408	27.2977	13202.29	512	13437.29	13421.69	13887.8073	12	13268.04
abs1n45	6	 low	45	5	1	OU	 US	14482.79	334.11	1305.96	11082	2010	205188.5	8408.3135	0.028696	14642.3864	34.2005	14603.07	507	14732.07	14707.95	15534.2253	11	15266.06
abs2n15	6	 low	15	2	2	OU	 US	6489.96	123.59	491.37	4768	1259	127623.5	2720.5555	0.03125	6504.6267	0.4924	6503.96	55	6641.96	6638.96	6732.1518	12	6489.96
abs1n50	6	 low	50	2	1	OU	 US	11759.6	414.2	1511.94	7260	3023	185596.0	4881.7053	0.02902	11942.6631	163.7687	11804.14	506	12209.14	12209.14	12388.0778	13	11827.04
abs1n50	6	 low	50	3	1	OU	 US	13618.67	411.08	1512.93	9592	2378	185596.0	7004.1979	0.02902	14086.6479	229.7449	13912.01	506	13895.01	13893.86	16893.8526	14	15139.26
abs2n20	6	 low	20	2	2	OU	 US	6736.89	165.21	658.68	4544	1583	149622.5	2349.3853	0.03	6741.035	4.7925	6736.89	107	6950.89	6950.89	7250.0354	16	6736.89
abs1n50	6	 low	50	4	1	OU	 US	15773.02	407.85	1518.27	12116	1807	185596.0	9131.0002	0.02902	15974.6362	111.0021	15815.12	503	15849.12	15849.12	16193.3292	13	16487.92
abs1n50	6	 low	50	5	1	OU	 US	17656.99	413.45	1515.78	13978	1899	185596.0	11254.5703	0.02902	17791.9123	99.6707	17695.23	509	17806.23	17806.13	19049.9233	13	19142.7
abs2n10	6	 low	10	2	2	OU	 US	6916.03	69.99	248.04	5018	1785	155639.0	3912.2544	0.032727	6998.4072	65.4134	6916.03	534	7122.03	7078.39	7003.8447	18	6916.03
abs2n10	6	 low	10	3	2	OU	 US	8620.9	68.81	249.09	7232	1075	155639.0	5816.2116	0.032727	8621.1708	0.4227	8620.9	561	8624.9	8624.9	9006.3271	13	8620.9
abs2n10	6	 low	10	4	2	OU	 US	10356.92	74.61	244.71	8794	1359	155639.0	7743.5302	0.032727	10481.8872	101.4678	10378.32	534	10472.32	10472.32	11083.0835	18	10378.32
abs2n10	6	 low	10	5	2	OU	 US	12876.88	83.83	235.05	10851	1701	155639.0	9609.5919	0.032727	12876.88	0.0	12876.88	581	12872.8788	12872.8788	19024.5747	11	12876.88
abs2n15	6	 low	15	3	2	OU	 US	7573.57	82.54	531.03	4828	2823	127623.5	3977.3633	0.03125	7817.955	115.8124	7573.57	531	8264.57	7791.7	7573.6869	12	7719.03
abs2n15	6	 low	15	4	2	OU	 US	8723.14	129.6	486.84	6772	1416	127623.5	5241.9773	0.03125	8938.4115	130.2033	8809.44	531	8804.44	8804.44	9025.5628	13	8723.14
abs2n15	6	 low	15	5	2	OU	 US	9724.98	125.28	486.15	8144	991	127623.5	6490.9788	0.03125	9766.4857	9.7675	9757.43	530	9746.43	9746.43	10339.1037	14	9890.53
abs2n20	6	 low	20	3	2	OU	 US	7209.5	158.91	664.59	5020	1568	149622.5	3385.058	0.03	7363.9354	92.5259	7209.5	528	7411.5	7410.5	7706.6837	13	7271.15
abs2n20	6	 low	20	4	2	OU	 US	7904.33	166.44	658.89	5782	1474	149622.5	4420.7306	0.03	7930.8708	31.4154	7906.33	528	8081.33	8017.15	8637.768	12	7920.15
abs2n20	6	 low	20	5	2	OU	 US	8932.15	163.41	661.74	6846	1273	149622.5	5465.7337	0.03	9023.0627	80.0634	8932.15	528	8945.15	8945.15	9644.9149	11	9048.48
abs2n30	6	 low	30	2	2	OU	 US	9058.34	239.19	936.15	5318	3746	179408.0	3084.9694	0.029677	9396.885	172.4594	9079.34	254	10239.34	10239.34	9121.2066	16	9058.34
abs2n25	6	 low	25	2	2	OU	 US	8788.88	186.7	696.6	5502	2964	176786.0	3568.8246	0.031538	9046.6656	145.5096	8896.3	526	9349.3	9338.3	8973.0134	18	8860.86
abs2n25	6	 low	25	3	2	OU	 US	10193.6	180.38	704.22	7282	2167	176786.0	5206.8968	0.031538	10310.1707	80.6423	10193.6	524	10333.6	10333.6	10496.7374	15	10266.68
abs2n25	6	 low	25	4	2	OU	 US	11593.5	175.47	708.03	8526	2297	176786.0	6852.045	0.031538	11705.8967	62.7421	11593.5	524	11706.5	11701.5	11920.0803	15	11790.48
abs2n35	6	 low	35	2	2	OU	 US	9838.51	231.27	924.24	6251	3778	205402.5	3098.4017	0.03	10023.7453	43.4518	9936.51	142	11185.51	11164.51	10219.0363	17	9838.51
abs2n25	6	 low	25	5	2	OU	 US	13100.58	186.21	695.61	10632	1788	176786.0	8500.7503	0.031538	13447.4275	104.957	13292.82	526	13301.82	13301.82	13665.9893	12	13533.57
abs2n30	6	 low	30	3	2	OU	 US	9953.34	238.64	935.97	6756	2824	179408.0	4430.44	0.029677	10271.8018	122.3077	10153.61	521	10754.61	10754.61	10748.1533	11	10153.61
abs2n30	6	 low	30	4	2	OU	 US	11228.6	234.16	940.44	7660	2746	179408.0	5783.355	0.029677	11291.1114	82.4991	11228.6	520	11580.6	11578.6	11783.7038	14	11348.6
abs2n40	6	 low	40	2	2	OU	 US	10637.98	263.13	957.81	6918	3714	210923.5	3432.7951	0.030488	10915.7862	2.8239	10913.94	335	11853.94	11852.9399	11538.7646	13	10637.98
abs2n30	6	 low	30	5	2	OU	 US	12392.61	233.51	941.1	8594	2914	179408.0	7123.5067	0.029677	12600.2455	129.111	12392.61	522	12682.61	12682.61	13297.8517	11	12862.34
abs2n35	6	 low	35	3	2	OU	 US	10404.51	226.53	928.98	6384	3771	205402.5	4455.4225	0.03	10668.5892	148.2866	10404.51	516	11310.51	11276.51	11316.6314	13	10483.51
abs2n35	6	 low	35	4	2	OU	 US	11556.51	226.08	929.43	8254	2606	205402.5	5812.4433	0.03	11705.5192	224.0777	11556.51	515	12015.51	12012.51	12678.7309	13	11795.39
abs2n35	6	 low	35	5	2	OU	 US	12749.76	230.05	925.71	9452	2348	205402.5	7174.7036	0.03	12826.048	66.4827	12749.76	519	12955.76	12955.76	13394.974	10	13200.73
abs2n40	6	 low	40	3	2	OU	 US	11202.34	262.69	958.65	7360	3427	210923.5	4949.4226	0.030488	11216.2567	15.716	11202.34	516	12008.34	12008.34	12414.2375	12	11287.34
abs2n40	6	 low	40	4	2	OU	 US	12479.06	261.51	959.43	9328	2908	210923.5	6470.6183	0.030488	12965.5367	116.9719	12871.94	511	13456.94	13442.94	13178.1032	12	12594.09
abs2n40	6	 low	40	5	2	OU	 US	14138.11	260.56	960.78	10724	2660	210923.5	7991.2462	0.030488	14479.6117	190.2889	14180.34	517	14605.34	14605.34	14920.9476	12	14579.01
abs2n5	6	 low	5	3	2	OU	 US	4844.91	55.11	166.8	3621	1000	49384.5	3073.4756	0.028333	4844.91	0.0	4844.91	1	4844.91	4844.91	5444.3726	9	4844.91
abs2n5	6	 low	5	4	2	OU	 US	5788.91	52.24	170.67	5199	366	49384.5	4082.015	0.028333	5796.9875	5.7801	5788.91	2	5788.91	5788.91	6641.383	24	5788.91
abs2n5	6	 low	5	2	2	OU	 US	3699.42	31.71	193.71	2696	778	49384.5	2079.7675	0.028333	3839.9992	5.044	3699.42	30	3699.42	3832.73	3699.1807	13	3832.73
abs2n45	6	 low	45	2	2	OU	 US	10817.06	357.44	1279.35	6846	3850	204224.5	4420.8778	0.029783	11153.4083	286.2642	10832.79	515	12332.79	12161.06	12211.5743	12	11412.48
abs3n10	6	 low	10	2	3	OU	 US	5509.17	56.93	306.24	3172	2436	118325.5	2695.6843	0.032727	5552.3857	3.6989	5509.17	102	5971.17	5588.64	5511.9005	14	5546.75
abs2n45	6	 low	45	3	2	OU	 US	12582.97	364.17	1273.8	9296	2343	204224.5	6358.7367	0.029783	12715.3808	155.6006	12582.97	505	13277.97	13275.35	13155.4344	12	12717.37
abs2n45	6	 low	45	4	2	OU	 US	14263.25	336.77	1299.48	11056	2189	204224.5	8301.3745	0.029783	14631.2225	261.5762	14263.25	509	14881.25	14874.25	16268.3529	12	15368.69
abs2n45	6	 low	45	5	2	OU	 US	16103.64	341.51	1295.04	12736	2288	204224.5	10237.4404	0.029783	16283.8208	46.5616	16210.55	511	16660.55	16660.55	17594.4941	12	17365.05
abs2n50	6	 low	50	2	2	OU	 US	12151.64	369.76	1479.45	8104	3955	222732.5	4848.1813	0.030196	12998.53	324.6359	12535.21	503	13908.21	13908.21	12780.6202	10	12535.21
abs2n50	6	 low	50	3	2	OU	 US	14296.36	391.29	1460.07	10146	2975	222732.5	6962.7319	0.030196	14707.2007	492.3803	14296.36	508	14972.36	14961.1	17458.1564	15	15361.1
abs3n15	6	 low	15	2	3	OU	 US	7362.26	156.31	553.95	4756	2004	184494.0	3179.3535	0.033125	7363.135	1.6683	7362.26	208	7470.26	7458.26	8003.7591	16	7362.26
abs2n50	6	 low	50	4	2	OU	 US	15981.87	368.65	1478.22	12014	2879	222732.5	9081.5892	0.030196	16289.8046	209.0803	16083.87	501	16739.87	16718.96	18751.8885	13	17589.51
abs2n50	6	 low	50	5	2	OU	 US	18196.05	376.25	1477.8	13814	2927	222732.5	11191.8332	0.030196	18403.2982	181.7805	18196.05	501	18595.05	18595.05	20007.12	11	18728.64
abs3n10	6	 low	10	4	3	OU	 US	7694.25	95.95	273.3	6341	982	118325.5	5272.2685	0.032727	7694.25	0.0	7694.25	390	7694.25	7694.25	8797.7145	15	7694.25
abs3n10	6	 low	10	3	3	OU	 US	6592.3	90.14	278.16	4643	1735	118325.5	3989.4122	0.032727	6691.295	45.7813	6592.3	556	6748.3	6618.74	7009.8129	16	6705.85
abs3n20	6	 low	20	2	3	OU	 US	7947.97	163.36	563.61	4874	2825	173451.0	2844.3468	0.030476	7948.2189	0.2587	7947.97	259	8425.97	8425.97	8422.0925	18	7948.29
abs3n10	6	 low	10	5	3	OU	 US	9090.33	103.59	268.74	7400	1317	118325.5	6578.7056	0.032727	9090.33	0.0	9090.33	534	9090.33	9090.3298	10967.4083	11	9090.33
abs3n15	6	 low	15	3	3	OU	 US	8505.7	153.67	556.17	6322	1574	184494.0	4656.093	0.033125	8649.1364	68.4505	8524.84	531	8605.84	8605.84	9027.6955	14	8614.26
abs3n15	6	 low	15	4	3	OU	 US	9558.41	150.13	557.28	6676	2201	184494.0	6126.3271	0.033125	9575.5875	36.338	9558.41	531	9584.41	9577.41	10616.2685	12	9558.41
abs3n15	6	 low	15	5	3	OU	 US	10793.52	154.79	554.73	7346	2734	184494.0	7599.8138	0.033125	10793.8057	0.7263	10793.52	530	10789.52	10789.5198	11983.5728	14	10795.52
abs3n20	6	 low	20	3	3	OU	 US	8843.18	126.76	594.42	5230	4064	173451.0	4150.2652	0.030476	9372.3719	252.1449	8843.18	528	10015.18	9172.97	8840.1095	16	8917.97
abs3n20	6	 low	20	4	3	OU	 US	10241.95	116.22	602.73	6744	3303	173451.0	5450.6735	0.030476	10387.0315	10.5617	10241.95	529	10765.95	10367.91	10236.8272	13	10410.33
abs3n25	6	 low	25	2	3	OU	 US	9310.41	224.29	771.12	6766	1951	192264.0	4071.6766	0.031923	9485.851	76.7312	9310.41	476	9713.41	9705.41	10260.7703	20	9439.71
abs3n20	6	 low	20	5	3	OU	 US	11164.83	168.22	557.61	8344	2168	173451.0	6753.8369	0.030476	11273.0389	112.6584	11164.83	527	11237.83	11237.83	11868.9632	9	11165.23
abs3n25	6	 low	25	3	3	OU	 US	10701.42	216.6	782.82	8072	1786	192264.0	5942.515	0.031923	11265.9093	516.9845	10701.42	525	10857.42	10846.42	11686.3566	14	10720.9
abs3n25	6	 low	25	4	3	OU	 US	12613.39	211.7	786.69	9914	1885	192264.0	7813.3533	0.031923	12714.658	96.0856	12613.39	524	12797.39	12735.1	13289.5396	15	12808.29
abs3n25	6	 low	25	5	3	OU	 US	14682.31	213.44	786.87	12044	1618	192264.0	9702.9	0.031923	14758.4217	58.2081	14682.31	524	14662.31	14662.31	15397.5657	12	14867.84
abs3n30	6	 low	30	2	3	OU	 US	9220.13	330.11	1120.02	5324	3037	204549.0	2835.6878	0.030968	9261.2447	12.3254	9220.13	431	9811.13	9792.49	10360.0262	17	9220.13
abs3n30	6	 low	30	3	3	OU	 US	9827.51	313.56	1132.77	6740	2111	204549.0	4014.9878	0.030968	10016.46	84.489	9916.33	521	10297.33	10297.33	10469.2485	12	10026.74
abs3n30	6	 low	30	4	3	OU	 US	10628.61	314.68	1131.93	7426	2187	204549.0	5200.0965	0.030968	10766.3575	130.4784	10628.61	521	11060.61	11049.61	11526.9014	12	10842.25
abs3n30	6	 low	30	5	3	OU	 US	11664.17	329.77	1124.25	8370	2106	204549.0	6379.3944	0.030968	11858.8142	162.7964	11694.02	519	11931.02	11931.02	12512.6728	12	12105.06
abs3n35	6	 low	35	2	3	OU	 US	10440.75	360.76	1290.99	6492	2500	195931.0	4338.9331	0.031111	11078.7547	385.0371	10458.75	517	10643.75	10643.75	11782.1768	15	10458.75
abs3n35	6	 low	35	3	3	OU	 US	12131.99	357.1	1297.89	8280	2190	195931.0	6235.5497	0.031111	12247.3233	73.0251	12131.99	517	12125.99	12060.65	13020.463	12	12392.53
abs3n35	6	 low	35	4	3	OU	 US	13704.53	350.33	1300.74	10490	1608	195931.0	8136.8609	0.031111	13890.0792	72.8252	13784.07	518	13749.07	13749.07	14514.5179	13	14720.81
abs3n35	6	 low	35	5	3	OU	 US	15614.33	351.7	1302.57	12266	1774	195931.0	10025.8515	0.031111	15797.0636	66.6403	15681.27	519	15694.27	15694.27	16583.0676	11	16867.43
abs3n40	6	 low	40	2	3	OU	 US	10122.55	393.28	1340.01	5144	4149	195433.0	2770.3418	0.032439	10448.2882	139.2171	10291.29	514	11026.29	11016.29	11449.6484	11	10624.83
abs3n40	6	 low	40	3	3	OU	 US	10800.49	389.91	1340.58	5948	3570	195433.0	3872.7328	0.032439	11011.4183	224.2484	10800.49	514	11248.49	11248.49	11946.3655	12	10827.73
abs3n40	6	 low	40	4	3	OU	 US	11613.83	385.96	1344.87	7192	2924	195433.0	4977.6904	0.032439	11665.3356	31.2466	11613.83	514	11846.83	11846.83	12190.1465	9	12053.19
abs3n5	6	 low	5	2	3	OU	 US	5961.31	49.95	156.36	4426	1329	100922.0	4385.6588	0.04	5961.31	0.0	5961.31	3	5961.31	5961.31	7438.5239	11	5961.31
abs3n5	6	 low	5	3	3	OU	 US	10060.49	45.89	159.6	7966	1889	100922.0	6480.9282	0.04	10519.87	0.0	10060.49	0	10060.49	10519.87	10061.3297	10	10519.87
abs3n5	6	 low	5	4	3	OU	 US	10915.65	73.81	138.84	9324	1379	100922.0	8614.6429	0.04	10915.65	0.0	10915.65	1	10915.65	10915.65	14191.1901	7	10915.65
abs3n5	6	 low	5	5	3	OU	 US	12052.87	68.58	142.29	11816	26	100922.0	10743.7177	0.04	12061.1809	6.3501	12052.87	1	12052.87	12052.87	18194.8216	22	12052.87
abs3n40	6	 low	40	5	3	OU	 US	12718.26	382.15	1348.11	8636	2510	195433.0	6082.3286	0.032439	12750.1378	26.0292	12718.26	514	12876.26	12813.26	13359.7202	9	13007.21
abs3n45	6	 low	45	2	3	OU	 US	10832.91	390.64	1362.27	5896	4492	200749.0	2612.5269	0.032174	11158.89	118.0441	10832.91	510	12141.91	12132.46	11373.5658	10	11014.91
abs3n45	6	 low	45	3	3	OU	 US	11394.91	384.22	1368.69	6500	3970	200749.0	3629.7959	0.032174	11504.415	125.6608	11394.91	510	12222.91	12128.91	11441.4784	12	11394.91
abs4n10	6	 low	10	2	4	OU	 US	6502.53	69.65	287.88	4790	1435	112460.5	3285.6876	0.026364	6514.99	17.1377	6502.53	99	6582.53	6582.53	6880.6102	18	6502.53
abs3n45	6	 low	45	4	3	OU	 US	11788.35	383.21	1368.24	7744	2995	200749.0	4647.6625	0.032174	12140.6318	88.2279	12013.45	513	12490.45	12479.45	12445.4708	11	11993.89
abs3n45	6	 low	45	5	3	OU	 US	12636.07	383.53	1369.5	8440	2835	200749.0	5663.1398	0.032174	12843.5491	146.6848	12670.03	507	13028.03	13025.07	13533.9157	11	12802.81
abs3n50	6	 low	50	2	3	OU	 US	11364.01	389.54	1470.06	6572	3595	210041.0	3753.5574	0.032157	11927.8408	227.8064	11662.6	508	12026.6	11994.6	12352.1486	12	11683.47
abs3n50	6	 low	50	3	3	OU	 US	13026.66	395.16	1465.5	8362	3110	210041.0	5324.3961	0.032157	13219.7621	179.4161	13026.66	506	13332.66	13331.66	14347.4585	14	13923.9
abs4n15	6	 low	15	2	4	OU	 US	6583.16	82.79	406.5	5342	1032	125072.0	3023.8539	0.02625	6676.3945	1.7265	6675.29	183	6864.29	6832.17	6995.8815	22	6583.16
abs3n50	6	 low	50	4	3	OU	 US	14268.41	386.23	1471.68	10098	2795	210041.0	6898.4438	0.032157	14528.7314	59.7032	14395.91	510	14750.91	14750.91	15690.7564	14	14846.55
abs3n50	6	 low	50	5	3	OU	 US	15844.0	393.83	1465.17	11440	2944	210041.0	8472.092	0.032157	16141.2262	148.0345	15909.0	499	16243.0	16243.0	16649.8986	13	17381.02
abs4n10	6	 low	10	3	4	OU	 US	7832.46	74.97	284.49	5948	1604	112460.5	4815.0455	0.026364	7931.6785	76.8703	7832.46	560	7912.46	7905.71	8214.3358	13	7944.71
abs4n10	6	 low	10	4	4	OU	 US	9162.43	80.76	275.67	6984	1809	112460.5	6348.4069	0.026364	9162.43	0.0	9162.43	534	9149.43	9149.43	10102.1122	10	9162.43
abs4n10	6	 low	10	5	4	OU	 US	11328.99	83.64	271.35	8522	2452	112460.5	7865.7958	0.026364	11369.1862	35.457	11328.99	553	11328.99	11328.99	11911.4301	16	11496.07
abs4n15	6	 low	15	3	4	OU	 US	7698.02	81.33	408.69	5682	1622	125072.0	4362.3751	0.02625	7698.02	0.0	7698.02	531	7794.02	7794.02	7853.7112	14	7798.2
abs4n15	6	 low	15	4	4	OU	 US	8930.84	80.04	411.51	6782	1746	125072.0	5717.1872	0.02625	8974.6354	12.6462	8963.55	531	9019.55	9006.21	9426.1529	13	8963.55
abs4n15	6	 low	15	5	4	OU	 US	10259.22	81.85	407.37	8068	1728	125072.0	7044.0651	0.02625	10296.9473	43.7129	10259.22	530	10285.22	10285.22	11061.4742	11	10457.3
abs4n20	6	 low	20	2	4	OU	 US	8801.43	115.95	563.22	6260	2224	182400.0	4184.0415	0.027619	8972.9627	104.9495	8854.17	528	9163.17	9116.17	9218.0395	15	8832.88
abs4n20	6	 low	20	3	4	OU	 US	10512.16	114.17	565.89	8224	1807	182400.0	6047.238	0.027619	10765.9506	165.4544	10565.06	528	10711.06	10711.06	10889.4727	18	10565.06
abs4n25	6	 low	25	2	4	OU	 US	8585.12	113.92	727.2	4006	6450	175022.5	2662.7397	0.027308	8835.2674	26.5589	8585.12	245	11297.12	9544.81	8582.8518	19	8813.12
abs4n20	6	 low	20	4	4	OU	 US	12314.88	125.01	549.87	10038	1730	182400.0	7912.811	0.027619	12431.6186	115.1837	12314.88	528	12442.88	12442.88	13197.0143	14	12615.93
abs4n20	6	 low	20	5	4	OU	 US	13742.78	124.11	551.67	10662	2583	182400.0	9762.9638	0.027619	13912.5	116.1695	13742.78	528	13920.78	13895.78	14756.53	9	13982.36
abs4n30	6	 low	30	2	4	OU	 US	8954.89	182.65	786.24	5338	4132	173807.0	3117.2975	0.027419	9079.6011	100.1517	8954.89	329	10438.89	10434.5	8987.3223	18	9129.95
abs4n25	6	 low	25	3	4	OU	 US	9301.12	157.1	688.02	5955	3042	175022.5	3848.3296	0.027308	9305.6825	8.033	9301.12	524	9843.12	9839.12	9468.9075	16	9492.05
abs4n25	6	 low	25	4	4	OU	 US	10114.47	155.94	686.82	7587	2219	175022.5	5042.7942	0.027308	10403.329	71.3078	10340.76	524	10650.7598	10650.7598	10735.1819	10	10340.76
abs4n25	6	 low	25	5	4	OU	 US	11117.09	156.89	688.2	7904	2608	175022.5	6222.0427	0.027308	11294.04	86.1964	11117.09	525	11357.09	11357.09	11722.0208	11	11199.71
abs4n30	6	 low	30	3	4	OU	 US	9999.17	179.93	788.55	6450	3636	173807.0	4514.7847	0.027419	10242.7471	114.584	10079.48	521	11054.48	11054.48	10300.084	14	10196.95
abs4n30	6	 low	30	4	4	OU	 US	11006.95	178.16	786.93	7866	3156	173807.0	5913.5332	0.027419	11518.3025	97.7324	11334.09	521	11987.09	11987.09	11610.1856	12	11408.11
abs4n30	6	 low	30	5	4	OU	 US	12178.76	179.72	788.04	9079	2642	173807.0	7313.5447	0.027419	12399.0042	124.6469	12178.76	520	12689.76	12630.4	13192.4559	12	12473.28
abs4n35	6	 low	35	2	4	OU	 US	9373.41	238.27	931.14	5949	3367	176871.0	3602.7045	0.028056	9547.3987	97.19	9390.41	520	10487.41	10396.18	9622.4203	15	9373.41
abs4n35	6	 low	35	3	4	OU	 US	10726.09	234.41	934.68	7844	2341	176871.0	5207.9468	0.028056	10799.6993	44.4622	10726.09	517	11354.09	11288.66	11555.3614	14	10963.41
abs4n35	6	 low	35	4	4	OU	 US	12173.19	242.17	928.02	9262	2249	176871.0	6818.5578	0.028056	12243.1377	24.2465	12173.19	518	12681.19	12598.46	12726.2163	13	12861.78
abs4n35	6	 low	35	5	4	OU	 US	13667.13	233.09	935.04	10558	2316	176871.0	8415.0801	0.028056	13863.7473	175.1869	13667.13	518	14042.13	14033.13	14398.2454	11	14204.17
abs4n40	6	 low	40	2	4	OU	 US	10114.95	195.06	1045.89	3526	13999	205643.5	2901.7949	0.028537	10924.7373	29.6992	10114.95	516	18765.95	12370.59	10107.908	11	10898.59
abs4n40	6	 low	40	3	4	OU	 US	11278.02	189.19	1048.83	5080	10614	205643.5	4142.2123	0.028537	11563.7367	204.515	11278.02	512	16932.02	12327.05	11272.689	12	11337.59
abs4n40	6	 low	40	4	4	OU	 US	12011.78	244.87	998.91	8054	3515	205643.5	5382.6298	0.028537	12104.896	74.2397	12011.78	517	12812.78	12801.78	12562.0336	10	12403.29
abs4n5	6	 low	5	2	4	OU	 US	3784.83	29.3	151.53	2234	1422	43736.5	2220.7983	0.025	3784.83	0.0	3784.83	4	3836.83	3836.83	4944.3718	10	3784.83
abs4n5	6	 low	5	3	4	OU	 US	4998.92	31.12	148.8	4656	163	43736.5	3262.2415	0.025	5008.611	9.785	4998.92	17	4998.92	4998.92	5451.186	20	4998.92
abs4n40	6	 low	40	5	4	OU	 US	13094.4	238.15	1004.82	9164	3343	205643.5	6627.8364	0.028537	13224.861	94.274	13117.97	514	13749.97	13701.55	13618.2095	10	13584.32
abs4n5	6	 low	5	4	4	OU	 US	5823.06	35.72	143.34	5546	98	43736.5	4334.9532	0.025	5922.132	41.6915	5823.06	1	5823.06	5823.06	8566.9547	20	5823.06
abs4n5	6	 low	5	5	4	OU	 US	8389.86	43.88	133.98	8212	0	43736.5	5365.1557	0.025	8507.5918	45.1254	8389.86	0	8389.86	8389.86	10181.3457	11	8389.86
abs4n45	6	 low	45	2	4	OU	 US	11136.63	341.12	1350.51	6440	4204	207204.5	4112.1342	0.028696	12077.6225	792.2321	11136.63	510	12335.63	12329.78	11888.5042	12	11369.84
abs5n10	6	 low	10	2	5	OU	 US	5498.39	114.95	355.44	3024	2071	94256.0	2429.5769	0.038182	5521.9736	18.6977	5498.39	50	5565.39	5565.39	5597.0972	11	5498.39
abs4n45	6	 low	45	3	4	OU	 US	12536.23	341.24	1349.37	8622	2881	207204.5	5886.5273	0.028696	13036.5267	294.7053	12695.61	512	13193.61	13193.61	13182.8513	12	13187.84
abs4n45	6	 low	45	4	4	OU	 US	14173.86	337.33	1353.81	10564	2393	207204.5	7657.9283	0.028696	14496.3627	188.6848	14301.14	512	14648.14	14648.14	15091.6856	11	15464.94
abs4n45	6	 low	45	5	4	OU	 US	16048.56	343.69	1344.87	12696	1783	207204.5	9433.3189	0.028696	16056.4483	8.196	16048.56	507	16167.56	16136.38	16822.0712	12	16355.24
abs4n50	6	 low	50	2	4	OU	 US	11787.16	435.56	1599.6	7136	4163	222896.5	4572.8861	0.029216	12161.1707	324.4119	11787.16	503	13334.16	13334.16	12121.9678	15	11947.86
abs5n10	6	 low	10	5	5	OU	 US	7964.25	131.09	341.16	5779	1712	94256.0	5648.0852	0.038182	7964.25	0.0	7964.25	218	7964.25	7964.25	8812.022	12	7964.25
abs4n50	6	 low	50	3	4	OU	 US	13447.39	425.67	1610.61	9306	3451	222896.5	6522.6091	0.029216	13762.9514	56.5018	13672.28	507	14793.28	14793.28	15867.0063	14	14651.87
abs4n50	6	 low	50	4	4	OU	 US	15576.87	430.78	1608.51	11470	3153	222896.5	8472.3322	0.029216	15832.9564	189.1622	15655.29	500	16662.29	16656.97	16395.5242	14	17026.53
abs4n50	6	 low	50	5	4	OU	 US	17548.88	425.1	1608.78	13368	2874	222896.5	10431.7073	0.029216	17600.9183	58.3707	17548.88	504	18275.88	18272.88	18853.7356	12	18811.94
abs5n10	6	 low	10	3	5	OU	 US	6171.62	111.87	357.75	3978	1723	94256.0	3500.1709	0.038182	6171.62	0.0	6171.62	440	6171.62	6171.62	6545.4645	15	6204.62
abs5n10	6	 low	10	4	5	OU	 US	6875.63	113.32	356.31	5380	1026	94256.0	4573.0047	0.038182	6875.63	0.0	6875.63	469	6875.63	6875.63	7623.7406	19	6875.63
abs5n15	6	 low	15	2	5	OU	 US	6968.51	112.36	372.15	4972	1524	118284.0	3452.2543	0.038125	6978.87	7.9182	6968.51	495	6980.51	6980.51	7465.5932	18	6968.51
abs5n15	6	 low	15	3	5	OU	 US	8011.54	119.06	366.06	5988	1678	118284.0	5026.1014	0.038125	8124.9777	118.4138	8013.12	551	8152.12	8057.12	8168.839	13	8011.54
abs5n15	6	 low	15	4	5	OU	 US	9413.19	112.0	372.3	7816	1222	118284.0	6611.5637	0.038125	9534.505	38.2118	9503.3	531	9522.3	9522.3	9780.0535	12	9509.47
abs5n15	6	 low	15	5	5	OU	 US	10862.77	112.08	371.85	8993	1437	118284.0	8181.0485	0.038125	11105.1417	167.4987	10865.93	531	10914.9297	10914.9296	11607.4906	12	10865.93
abs5n20	6	 low	20	2	5	OU	 US	9060.51	186.41	638.52	6824	1314	172582.0	4825.3334	0.035714	9296.7448	138.2239	9101.93	538	8962.93	8952.5	9207.8901	23	9060.51
abs5n20	6	 low	20	3	5	OU	 US	11050.64	191.16	636.48	9214	935	172582.0	6967.6278	0.035714	11324.2076	232.4817	11050.64	528	10976.64	10976.64	11248.8004	17	11185.44
abs5n20	6	 low	20	4	5	OU	 US	12907.57	185.27	639.3	10786	1333	172582.0	9117.3867	0.035714	13016.8746	106.0681	12907.57	529	12943.57	12943.57	13309.0165	13	13148.32
abs5n20	6	 low	20	5	5	OU	 US	15046.27	182.28	643.53	13236	1277	172582.0	11257.193	0.035714	15398.5682	59.3292	15321.81	527	15338.81	15338.81	15740.4995	11	15427.92
abs5n25	6	 low	25	2	5	OU	 US	8965.25	241.5	855.75	6136	1965	165277.0	4725.5265	0.033462	9309.841	243.1791	8965.25	526	9198.25	9139.71	9405.2316	21	9016.71
abs5n25	6	 low	25	3	5	OU	 US	10828.04	239.22	857.82	8052	1888	165277.0	6727.0297	0.033462	11018.7671	154.6399	10828.04	524	11037.04	11027.04	10892.0214	17	11020.23
abs5n25	6	 low	25	4	5	OU	 US	12775.86	239.0	859.86	9917	1956	165277.0	8735.9735	0.033462	12966.1612	187.304	12775.86	523	12973.86	12964.86	13583.4571	16	12805.48
abs5n25	6	 low	25	5	5	OU	 US	14832.1	245.4	854.7	12258	1579	165277.0	10725.3924	0.033462	14957.9118	82.674	14848.1	526	14937.1	14937.1	15460.2379	11	15131.23
abs5n30	6	 low	30	2	5	OU	 US	8213.81	244.11	863.7	4727	2889	154354.0	3017.1076	0.032903	8305.5857	162.9063	8213.81	522	8725.81	8725.81	8783.7669	14	8603.17
abs5n30	6	 low	30	3	5	OU	 US	9552.19	240.88	866.31	6638	1970	154354.0	4344.5214	0.032903	9830.0062	210.3675	9552.19	522	9715.19	9715.19	9686.3047	16	9576.13
abs5n30	6	 low	30	4	5	OU	 US	10709.44	237.81	869.79	7994	1946	154354.0	5676.634	0.032903	11037.8692	122.8615	10943.6	522	11047.6	11047.6	11060.6907	12	11019.7
abs5n30	6	 low	30	5	5	OU	 US	11895.85	240.79	864.06	8528	2505	154354.0	7005.2225	0.032903	12008.2454	37.8999	11956.85	522	12137.85	12137.85	12280.4984	13	12286.61
abs5n35	6	 low	35	2	5	OU	 US	9414.88	259.4	972.48	5572	3454	186176.0	3181.5235	0.031389	9817.2525	259.4011	9470.88	519	10257.88	10257.88	10229.9961	16	9470.88
abs5n35	6	 low	35	3	5	OU	 US	10770.2	269.98	962.22	7210	2561	186176.0	4568.2552	0.031389	11005.7264	157.0721	10770.2	516	11003.2	10985.2	11437.0589	14	10978.63
abs5n35	6	 low	35	4	5	OU	 US	11898.74	268.13	959.61	8804	2224	186176.0	5959.4459	0.031389	12015.175	72.1245	11905.74	517	12255.74	12246.97	12523.7914	12	11994.02
abs5n35	6	 low	35	5	5	OU	 US	13362.48	260.2	971.28	10214	2107	186176.0	7341.7186	0.031389	13422.9745	33.2958	13362.48	517	13552.48	13552.48	13551.1008	11	13477.32
abs5n40	6	 low	40	2	5	OU	 US	9885.06	326.37	1217.73	5700	3719	180550.5	3365.0175	0.03122	10286.7933	146.5101	9965.1	513	10963.1	10850.24	10263.2609	12	10145.29
abs5n40	6	 low	40	3	5	OU	 US	11150.51	317.47	1226.04	7087	3103	180550.5	4792.0163	0.03122	11240.7436	41.707	11150.51	513	11735.51	11692.66	11869.2804	11	11833.12
abs5n40	6	 low	40	4	5	OU	 US	12179.1	319.59	1224.51	8560	2600	180550.5	6219.015	0.03122	12426.5091	69.6404	12335.1	514	12704.1	12704.1	13152.8403	11	12921.9
abs5n5	6	 low	5	2	5	OU	 US	3025.22	58.84	148.38	2622	196	33031.0	2242.7839	0.04	3049.7989	10.3623	3025.22	8	3025.22	3025.22	3141.073	18	3025.22
abs5n5	6	 low	5	3	5	OU	 US	4355.68	72.66	139.02	3714	430	33031.0	3261.1486	0.04	4355.68	0.0	4355.68	4	4355.68	4355.68	7848.4304	12	4355.68
abs5n5	6	 low	5	4	5	OU	 US	5571.34	79.72	133.62	4966	392	33031.0	4296.2078	0.04	5594.1075	10.33	5571.34	2	5571.34	5571.34	7848.4304	16	5571.34
abs5n40	6	 low	40	5	5	OU	 US	13627.78	324.4	1222.5	9992	2366	180550.5	7652.651	0.03122	13731.759	30.7716	13663.9	515	13904.9	13887.39	14336.3871	10	13972.33
abs5n45	6	 low	45	2	5	OU	 US	10382.57	287.97	1458.6	2944	15571	163754.0	2618.1895	0.031087	10670.6117	67.7612	10382.57	512	20261.57	11615.85	10374.861	12	10732.34
abs5n45	6	 low	45	3	5	OU	 US	10850.93	370.89	1394.04	5986	3796	163754.0	3634.5021	0.031087	11073.602	89.4349	10850.93	511	11546.93	11540.27	10865.798	15	10850.93
abs5n45	6	 low	45	4	5	OU	 US	11360.88	370.99	1393.89	7476	2474	163754.0	4654.6535	0.031087	11702.1464	318.1872	11360.88	510	11714.88	11690.49	12674.4664	14	11391.49
abs5n45	6	 low	45	5	5	OU	 US	12070.08	378.15	1386.93	8334	2180	163754.0	5669.5939	0.031087	12303.0167	181.3866	12124.08	506	12279.08	12277.89	13554.654	15	12423.48
abs5n50	6	 low	50	2	5	OU	 US	11402.16	390.76	1457.4	6802	3713	202575.0	4298.7536	0.03098	11595.0963	141.6149	11402.16	510	12363.16	12363.16	12062.6788	19	11810.0
abs5n50	6	 low	50	3	5	OU	 US	13160.91	373.38	1468.68	8748	3235	202575.0	6140.7113	0.03098	13417.2126	193.0467	13192.06	511	13825.06	13820.06	13734.3082	19	13737.84
abs5n50	6	 low	50	4	5	OU	 US	14802.94	397.68	1447.89	10744	2985	202575.0	7985.5072	0.03098	15075.6928	36.1596	15034.57	501	15574.57	15545.73	15746.5386	18	15722.13
abs5n50	6	 low	50	5	5	OU	 US	16410.94	275.89	1549.59	12004	7116	202575.0	9831.2503	0.03098	17522.4505	64.5322	17428.48	506	20945.48	17587.29	17429.8375	19	17834.14
abs1n10	3	 high	10	2	1	OU	 SP	4479.55	443.05	1873.5	1568	730	102097.5	2402.1266	0.308182	4540.118	30.5032	4479.55	3	4614.55	4614.55	4882.6396	50	4479.55
abs1n10	3	 high	10	3	1	OU	 SP	4930.64	423.04	1899.6	1916	796	102097.5	2921.4529	0.308182	4980.2916	39.3666	4930.64	4	5035.64	4958.67	5358.126	50	4930.64
abs1n15	3	 high	15	2	1	OU	 SP	5287.58	504.48	2369.1	1604	971	125773.0	2539.0906	0.285	5342.5758	44.1678	5287.58	10	5449.58	5409.5	5699.2315	50	5287.58
abs1n15	3	 high	15	4	1	OU	 SP	5917.58	504.48	2369.1	2266	790	125773.0	3321.3847	0.285	5933.676	12.946	5917.58	12	5930.58	5921.58	6280.8048	35	5917.58
abs1n10	3	 high	10	5	1	OU	 SP	5941.74	470.14	1854.6	2824	793	102097.5	3960.6558	0.308182	5954.8711	10.1608	5941.74	18	5941.74	5941.74	6574.2186	36	5941.74
abs1n15	3	 high	15	3	1	OU	 SP	5457.78	540.18	2343.6	1810	824	125773.0	2928.0319	0.285	5471.701	7.5437	5457.78	8	5517.78	5507.82	5535.0506	42	5457.78
abs1n15	3	 high	15	5	1	OU	 SP	6317.82	477.12	2414.7	2740	688	125773.0	3713.4819	0.285	6342.2254	12.6193	6317.82	18	6320.82	6319.82	6359.943	37	6317.82
abs1n10	3	 high	10	4	1	OU	 SP	5435.05	372.65	1922.4	2458	682	102097.5	3437.5131	0.308182	5492.9874	28.1376	5435.05	10	5435.05	5457.86	5434.0542	43	5445.86
abs1n20	3	 high	20	2	1	OU	 SP	6676.81	726.21	3072.6	2084	1183	143179.5	2792.8426	0.287619	6723.8348	27.4799	6676.81	21	7065.81	7041.8099	6990.6202	50	6676.81
abs1n20	3	 high	20	3	1	OU	 SP	7132.62	727.32	3102.3	2367	1150	143179.5	3352.8313	0.287619	7204.5886	47.5848	7132.62	32	7347.62	7276.62	8187.3286	49	7132.62
abs1n20	3	 high	20	4	1	OU	 SP	7666.9	705.0	3123.9	3208	836	143179.5	3917.7374	0.287619	7699.5871	22.5443	7666.9	46	7872.9	7834.9	7805.1064	34	7666.9
abs1n25	3	 high	25	2	1	OU	 SP	7743.7	830.0	3620.7	2482	1149	188676.5	2819.3846	0.294615	7786.3	45.5287	7743.7	32	8082.7	8047.7	7776.7947	40	7743.7
abs1n30	3	 high	30	2	1	OU	 SP	10739.45	1555.65	5728.8	2688	847	201361.0	3491.127	0.285484	10756.8157	10.1261	10739.45	27	10820.45	10799.45	10880.85	44	10739.45
abs1n25	3	 high	25	3	1	OU	 SP	7829.54	830.34	3664.2	2336	1304	188676.5	3235.942	0.294615	8012.1622	97.4175	7829.54	70	8135.54	8116.06	7970.3897	41	7846.79
abs1n25	3	 high	25	4	1	OU	 SP	8131.02	853.12	3633.9	2809	933	188676.5	3652.4993	0.294615	8175.0218	35.0993	8131.02	71	8230.02	8226.02	8208.1959	33	8131.02
abs1n30	3	 high	30	3	1	OU	 SP	11085.18	1449.58	5835.6	2776	1312	201361.0	4019.8905	0.285484	11122.9868	38.0884	11085.18	104	11374.18	11328.18	11276.6368	37	11086.18
abs1n20	3	 high	20	5	1	OU	 SP	8181.54	652.45	3165.0	3814	766	143179.5	4481.2428	0.287619	8361.1265	30.1016	8339.45	159	8398.45	8345.45	8352.7886	34	8181.54
abs1n30	3	 high	30	4	1	OU	 SP	11028.22	994.42	6232.8	3030	980	201361.0	4550.1393	0.285484	11653.6649	11.9461	11028.22	118	11237.22	11769.25	11028.2861	37	11644.25
abs1n35	3	 high	35	3	1	OU	 SP	10763.62	1307.72	5670.9	2560	1681	188912.5	3735.023	0.285833	10974.5561	100.6482	10763.62	107	11220.62	11202.38	11236.4293	31	10922.02
abs1n35	3	 high	35	2	1	OU	 SP	10216.49	1321.29	5629.2	1926	2174	188912.5	3286.2153	0.285833	10574.3897	154.5381	10216.49	146	11050.49	11050.49	10277.436	39	10216.49
abs1n35	3	 high	35	4	1	OU	 SP	11104.03	1283.33	5690.7	3160	1174	188912.5	4185.1297	0.285833	11120.5612	15.6163	11104.03	108	11308.03	11286.03	11224.5669	32	11104.03
abs1n40	3	 high	40	2	1	OU	 SP	11011.94	1179.44	6853.5	1624	3271	198950.0	3743.1678	0.291707	11936.1664	24.7773	11011.94	105	12927.94	12414.69	11012.7706	36	11901.69
abs1n40	3	 high	40	3	1	OU	 SP	11583.34	1160.84	6877.5	2438	2208	198950.0	4272.4017	0.291707	12431.1668	51.2674	11583.34	90	12684.34	12512.49	11582.5433	38	12357.07
abs1n45	3	 high	45	3	1	OU	 SP	12507.27	1810.27	6753.0	2971	1372	205188.5	4351.4014	0.295435	12540.5803	25.8182	12507.27	123	12907.27	12905.27	12997.4017	29	12507.27
abs1n45	3	 high	45	4	1	OU	 SP	12928.27	1810.27	6753.0	3626	959	205188.5	4857.4358	0.295435	12942.1367	7.2907	12928.27	137	13148.27	13147.27	13292.4973	30	12928.27
abs1n30	3	 high	30	5	1	OU	 SP	12049.95	1433.65	5817.3	4069	899	201361.0	5077.4175	0.285484	12068.0374	13.2999	12049.95	417	12220.95	12220.56	12313.9384	34	12071.95
abs1n45	3	 high	45	2	1	OU	 SP	12017.57	1771.57	6780.0	2356	1626	205188.5	3846.5343	0.295435	12042.7364	31.841	12017.57	195	12534.57	12522.01	12400.7042	36	12022.36
abs1n5	3	 high	5	2	1	OU	 SP	2029.15	132.85	594.3	902	400	72215.0	876.33	0.265	2082.5224	18.7603	2029.15	0	2029.15	2029.15	2256.3179	37	2029.15
abs1n5	3	 high	5	3	1	OU	 SP	2066.94	68.54	662.4	936	400	72215.0	1091.205	0.265	2201.9967	14.3554	2066.94	0	2066.94	2176.57	2066.965	21	2176.57
abs1n5	3	 high	5	4	1	OU	 SP	2460.13	116.13	612.0	1188	544	72215.0	1306.08	0.265	2485.533	12.9142	2460.13	0	2460.13	2460.13	3058.5495	27	2460.13
abs1n5	3	 high	5	5	1	OU	 SP	2701.87	135.27	594.6	1920	52	72215.0	1532.2642	0.265	2728.7548	13.7673	2701.87	0	2701.87	2701.87	2764.1473	25	2701.87
abs2n10	3	 high	10	2	2	OU	 SP	4788.48	410.48	1491.0	2122	895	155639.0	2208.0141	0.314545	4823.2311	21.9239	4788.48	5	4918.48	4850.41	4996.8618	38	4788.48
abs2n10	3	 high	10	3	2	OU	 SP	5295.32	420.42	1491.9	2798	673	155639.0	2872.9112	0.314545	5312.3733	25.2491	5295.32	6	5384.32	5356.41	5677.6204	30	5295.32
abs1n25	3	 high	25	5	1	OU	 SP	8562.65	787.05	3699.6	2988	1224	188676.5	4067.9517	0.294615	8633.6104	59.1343	8562.65	565	8698.65	8665.15	9254.6069	24	8575.91
abs2n10	3	 high	10	4	2	OU	 SP	6011.59	342.69	1563.9	3290	863	155639.0	3537.8082	0.314545	6022.7438	16.5595	6011.59	28	6059.59	6059.59	6720.4248	26	6011.59
abs2n15	3	 high	15	2	2	OU	 SP	5482.89	554.89	2214.0	2104	625	127623.5	2111.3026	0.3075	5484.9767	2.9929	5482.89	11	5497.89	5497.89	6794.5932	36	5482.89
abs2n10	3	 high	10	5	2	OU	 SP	6615.89	351.59	1551.3	4300	413	155639.0	4206.7844	0.314545	6618.21	2.5285	6615.89	31	6615.89	6615.89	7104.0205	25	6615.89
abs2n15	3	 high	15	3	2	OU	 SP	5668.01	511.61	2252.4	2138	851	127623.5	2566.3689	0.3075	5726.1828	28.9894	5668.01	16	5753.01	5752.22	5897.3387	36	5668.01
abs2n15	3	 high	15	4	2	OU	 SP	6040.88	511.18	2234.7	2726	595	127623.5	3023.7451	0.3075	6041.24	0.4899	6040.88	23	6067.88	6067.88	7036.8274	25	6040.88
abs1n50	3	 high	50	2	1	OU	 SP	13002.78	1290.38	7400.4	3050	2190	185596.0	4290.7625	0.299412	13066.2241	22.1529	13002.78	279	13930.78	13238.95	13006.5605	29	13038.95
abs1n35	3	 high	35	5	1	OU	 SP	11617.83	1281.23	5664.6	3926	838	188912.5	4633.4499	0.285833	11630.8024	19.5044	11617.83	538	11710.83	11691.13	12254.7809	33	11626.13
abs2n20	3	 high	20	2	2	OU	 SP	6427.92	773.32	3045.6	1962	848	149622.5	2302.0348	0.294762	6496.6078	44.752	6427.92	20	6628.92	6628.37	7486.5899	41	6427.92
abs2n20	3	 high	20	4	2	OU	 SP	6658.86	727.66	3076.2	2317	614	149622.5	2931.3596	0.294762	6670.84	9.76	6659.86	15	6735.86	6733.5	6955.1204	27	6659.86
abs2n20	3	 high	20	3	2	OU	 SP	6475.86	727.66	3076.2	2100	728	149622.5	2617.3012	0.294762	6500.1053	13.3764	6475.86	14	6632.86	6630.86	6566.7062	30	6475.86
abs1n40	3	 high	40	4	1	OU	 SP	12116.56	1160.66	6885.9	2736	2822	198950.0	4802.9857	0.291707	12773.5668	21.2589	12116.56	518	13604.56	12851.55	12117.4486	34	12773.55
abs1n40	3	 high	40	5	1	OU	 SP	13349.97	1587.07	6498.9	4684	739	198950.0	5333.4018	0.291707	13428.9775	93.8634	13349.97	523	13508.97	13463.66	13449.8624	28	13370.27
abs2n25	3	 high	25	3	2	OU	 SP	8522.41	953.11	3849.3	2848	943	176786.0	3762.3541	0.312308	8558.9703	15.5113	8522.41	33	8594.41	8571.49	9427.8551	36	8522.41
abs2n25	3	 high	25	2	2	OU	 SP	8089.34	697.34	4098.0	2034	1722	176786.0	3197.6004	0.312308	8185.5885	13.2853	8089.34	42	8551.34	8420.63	8090.8621	34	8139.21
abs2n15	3	 high	15	5	2	OU	 SP	6637.55	491.15	2276.4	3066	853	127623.5	3478.0414	0.3075	6666.724	18.1561	6637.55	166	6687.55	6672.43	7098.647	30	6637.55
abs2n25	3	 high	25	4	2	OU	 SP	8860.53	861.13	3947.4	2916	1156	176786.0	4325.4708	0.312308	8889.451	10.1143	8860.53	50	8881.53	8866.72	9088.3506	30	8881.18
abs2n30	3	 high	30	2	2	OU	 SP	9944.3	1116.2	5246.1	2513	1535	179408.0	3240.2597	0.297097	9971.4364	23.1099	9944.3	28	10412.3	10366.3	10009.2806	33	9944.3
abs1n45	3	 high	45	5	1	OU	 SP	13688.97	1747.52	6808.2	4324	833	205188.5	5362.5948	0.295435	13732.3238	14.0918	13715.72	515	13712.72	13712.72	14705.2105	26	13688.97
abs2n20	3	 high	20	5	2	OU	 SP	7108.59	733.79	3082.8	2699	647	149622.5	3250.0562	0.294762	7155.8209	31.3712	7108.59	170	7163.59	7163.59	7241.2642	33	7108.59
abs2n25	3	 high	25	5	2	OU	 SP	9353.93	859.93	3960.0	3714	827	176786.0	4893.5024	0.312308	9359.999	4.1398	9353.93	95	9360.93	9360.93	9812.5741	29	9353.93
abs2n30	3	 high	30	3	2	OU	 SP	9830.27	1187.77	5167.5	2398	1675	179408.0	3689.5515	0.297097	10019.0679	70.2804	9830.27	76	10429.27	10369.24	10163.5121	39	9973.39
abs2n30	3	 high	30	4	2	OU	 SP	10271.27	1146.48	5204.7	3068	1268	179408.0	4139.1752	0.297097	10429.118	49.0018	10312.18	82	10688.18	10662.62	11534.8273	30	10271.27
abs1n50	3	 high	50	3	1	OU	 SP	13641.99	1877.79	6943.2	4110	845	185596.0	4992.2658	0.299412	13645.5614	3.3931	13641.99	497	13776.99	13773.99	14429.1773	28	13771.36
abs2n35	3	 high	35	3	2	OU	 SP	9528.64	991.04	4767.6	2610	1549	205402.5	3567.7561	0.300278	9531.9517	3.7432	9528.64	73	9918.64	9918.64	10090.8868	29	9528.64
abs1n50	3	 high	50	4	1	OU	 SP	14240.63	1861.93	6962.7	4532	984	185596.0	5694.9249	0.299412	14350.5808	72.0316	14240.63	510	14341.63	14334.63	14796.1625	26	14417.65
abs1n50	3	 high	50	5	1	OU	 SP	14995.29	1761.59	7046.7	5508	777	185596.0	6396.0431	0.299412	15071.9867	48.2099	14995.29	512	15094.29	15021.91	16118.1508	27	15256.8
abs2n40	3	 high	40	2	2	OU	 SP	10186.22	740.62	5406.6	1844	7510	210923.5	3326.2291	0.303659	10551.69	75.502	10186.22	53	15501.22	11142.2299	10188.1283	31	10424.27
abs2n35	3	 high	35	2	2	OU	 SP	9488.2	1013.85	4743.6	2734	1590	205402.5	3088.8841	0.300278	9612.97	12.3306	9592.45	178	10082.45	10061.4499	9759.2512	40	9488.2
abs2n40	3	 high	40	3	2	OU	 SP	10504.87	1243.57	5028.3	2673	2240	210923.5	3858.9287	0.303659	10554.0252	69.6073	10504.87	124	11186.87	11150.24	10624.5207	31	10510.04
abs2n35	3	 high	35	5	2	OU	 SP	10429.25	980.05	4780.2	3496	1281	205402.5	4525.5002	0.300278	10446.5152	19.4029	10429.25	218	10538.25	10530.25	11063.7125	29	10429.25
abs2n45	3	 high	45	3	2	OU	 SP	12372.13	1589.53	6309.6	3706	1109	204224.5	4770.2338	0.29587	12409.8004	29.7547	12372.13	144	12714.13	12714.13	12538.3204	25	12495.74
abs2n50	3	 high	50	3	2	OU	 SP	13849.03	1676.93	7091.1	3933	1391	222732.5	5314.0082	0.298824	13886.4272	31.0544	13849.03	86	14093.03	14077.03	14548.237	25	13849.03
abs2n30	3	 high	30	5	2	OU	 SP	10633.49	1102.89	5244.6	3165	1473	179408.0	4586.6442	0.297097	10734.8574	63.6969	10633.49	529	10987.49	10966.49	11262.8033	27	10856.49
abs2n5	3	 high	5	2	2	OU	 SP	2016.14	124.14	543.0	860	489	49384.5	912.2454	0.261667	2037.5777	12.7455	2016.14	0	2016.14	2016.14	2103.4161	26	2016.14
abs2n5	3	 high	5	3	2	OU	 SP	2231.94	94.64	588.3	1200	349	49384.5	1203.7706	0.261667	2314.56	17.4871	2231.94	1	2231.94	2297.81	2230.6934	16	2297.81
abs2n5	3	 high	5	4	2	OU	 SP	2805.86	110.46	554.4	1670	471	49384.5	1502.7708	0.261667	2836.0767	11.9072	2805.86	0	2805.86	2805.86	2924.8453	27	2805.86
abs2n5	3	 high	5	5	2	OU	 SP	2685.16	81.36	589.8	1740	274	49384.5	1804.3157	0.261667	2903.1447	17.2598	2685.16	0	2685.16	2861.65	2685.2602	30	2861.65
abs3n10	3	 high	10	2	3	OU	 SP	3766.29	267.69	1518.6	918	1441	118325.5	1541.1067	0.322727	4059.4039	35.4862	3766.29	4	4145.29	4064.23	3767.0039	31	4018.23
abs3n10	3	 high	10	3	3	OU	 SP	4213.29	260.29	1527.0	1350	1191	118325.5	1955.2437	0.322727	4367.2257	23.8452	4213.29	5	4328.29	4330.77	4214.051	35	4334.22
abs3n10	3	 high	10	4	3	OU	 SP	4675.81	397.81	1410.0	2516	387	118325.5	2377.8784	0.322727	4697.43	21.49	4675.81	9	4710.81	4710.81	4991.9141	24	4675.81
abs2n35	3	 high	35	4	2	OU	 SP	10115.2	1000.0	4759.2	3172	1538	205402.5	4048.0971	0.300278	10249.1168	92.9919	10115.2	520	10469.2	10460.2	10228.0077	28	10252.55
abs3n10	3	 high	10	5	3	OU	 SP	4988.77	372.07	1439.7	2704	440	118325.5	2792.0029	0.322727	4995.2321	5.6523	4988.77	8	4955.77	4955.77	5368.147	29	4988.77
abs3n15	3	 high	15	2	3	OU	 SP	5560.87	447.27	2739.6	908	2241	184494.0	2090.1101	0.32875	6059.9944	16.7767	5560.87	9	6335.87	6047.31	5559.9746	34	6036.32
abs3n15	3	 high	15	3	3	OU	 SP	6176.19	602.09	2600.1	1974	1001	184494.0	2557.1701	0.32875	6215.1037	30.0922	6176.19	11	6178.19	6173.19	6880.8137	38	6176.19
abs2n45	3	 high	45	2	2	OU	 SP	11031.11	1043.21	6843.9	1794	2789	204224.5	4152.5059	0.29587	12050.9313	22.5362	11031.11	408	12470.11	12590.73	11031.2636	30	12124.8
abs3n15	3	 high	15	4	3	OU	 SP	6606.99	436.99	2754.0	2132	1407	184494.0	3027.1862	0.32875	6711.1431	2.9076	6606.99	28	6729.99	6692.48	6606.3619	26	6708.48
abs3n20	3	 high	20	2	3	OU	 SP	7003.14	901.94	3088.2	2018	1228	173451.0	2110.6229	0.300476	7097.7345	62.8542	7003.14	22	7236.14	7229.11	7831.955	29	7003.14
abs3n15	3	 high	15	5	3	OU	 SP	7165.59	631.69	2577.9	2970	995	184494.0	3493.1362	0.32875	7165.9348	0.7689	7165.59	39	7175.59	7175.59	7619.3122	29	7165.59
abs2n40	3	 high	40	4	2	OU	 SP	10813.67	1358.45	4900.2	3470	1700	210923.5	4391.6282	0.303659	11048.4788	160.3347	10852.65	518	11428.65	11428.65	11039.145	24	11141.09
abs2n40	3	 high	40	5	2	OU	 SP	11409.38	1278.81	4979.1	4191	1436	210923.5	4925.3017	0.303659	11799.4708	117.6689	11507.91	518	11886.91	11812.25	11924.2625	25	11458.08
abs3n20	3	 high	20	3	3	OU	 SP	7456.31	897.91	3107.4	2374	1137	173451.0	2514.0344	0.300476	7478.2814	15.3183	7456.31	40	7516.31	7491.79	7737.0348	35	7456.31
abs3n20	3	 high	20	4	3	OU	 SP	7582.16	921.16	3078.0	2606	1010	173451.0	2917.4458	0.300476	7598.8328	12.9648	7582.16	35	7615.16	7615.16	7865.5965	39	7582.16
abs2n45	3	 high	45	4	2	OU	 SP	12209.67	1040.57	6869.1	3348	1552	204224.5	5390.6931	0.29587	13011.1841	111.9203	12209.67	515	12809.67	13180.75	12208.8848	27	12973.89
abs2n45	3	 high	45	5	2	OU	 SP	13379.76	1507.78	6407.4	4731	1003	204224.5	6007.4447	0.29587	13581.1204	104.4449	13385.18	515	13650.18	13592.7	13977.0091	28	13403.7
abs3n25	3	 high	25	2	3	OU	 SP	8051.01	707.31	4571.7	1604	2758	192264.0	3055.1582	0.313846	8902.3995	46.6465	8051.01	28	9641.01	8747.64	8049.94	42	8843.56
abs3n25	3	 high	25	4	3	OU	 SP	9817.89	990.09	4300.8	3722	906	192264.0	4347.2543	0.313846	9866.1128	45.4081	9817.89	62	9918.89	9861.01	10845.1553	32	9845.01
abs3n20	3	 high	20	5	3	OU	 SP	7994.2	844.62	3144.0	3028	1028	173451.0	3322.1713	0.300476	8049.5356	9.8216	8029.62	126	8045.62	8035.14	8612.6205	36	7994.2
abs2n50	3	 high	50	2	2	OU	 SP	13181.33	1114.63	7523.7	3084	2863	222732.5	4623.8621	0.298824	13427.5449	64.3683	13181.33	511	14585.33	13852.86	13184.6515	35	13397.86
abs3n30	3	 high	30	2	3	OU	 SP	10377.33	1078.13	6067.2	1212	5080	204549.0	3111.3113	0.307419	10766.1352	61.064	10377.33	31	13437.33	11003.36	10382.9032	33	10669.12
abs3n25	3	 high	25	3	3	OU	 SP	9231.05	1113.85	4159.2	3414	706	192264.0	3699.9873	0.313846	9253.6911	21.6235	9231.05	105	9394.05	9374.56	9417.7917	46	9233.56
abs3n30	3	 high	30	3	3	OU	 SP	10637.9	1624.9	5652.0	2481	1149	204549.0	3472.2853	0.307419	10663.5671	13.9645	10637.9	39	10908.9	10889.6	10807.9525	41	10637.9
abs3n30	3	 high	30	5	3	OU	 SP	11161.69	1486.99	5768.7	3049	1096	204549.0	4195.3782	0.307419	11179.0567	8.6199	11161.69	60	11401.69	11391.51	11435.9909	33	11161.69
abs3n35	3	 high	35	2	3	OU	 SP	11357.57	1207.07	7069.5	2004	1393	195931.0	3954.1304	0.313056	12355.2246	32.8621	11357.57	91	11673.57	12297.38	11355.8977	41	12268.3
abs2n50	3	 high	50	4	2	OU	 SP	14339.28	1599.08	7105.2	4368	1549	222732.5	6005.6321	0.298824	14478.1588	118.5127	14339.28	511	14621.28	14605.06	14677.1936	25	14339.28
abs3n30	3	 high	30	4	3	OU	 SP	10386.65	1018.65	6195.0	2418	996	204549.0	3834.0225	0.307419	10940.7128	35.1699	10386.65	118	10627.65	11238.77	10387.9159	29	10915.23
abs3n35	3	 high	35	3	3	OU	 SP	11943.99	1209.29	7079.7	2698	1526	195931.0	4557.4956	0.313056	12790.643	38.3764	11943.99	96	12512.99	12768.24	11941.9129	40	12744.24
abs3n40	3	 high	40	2	3	OU	 SP	11696.15	1070.45	6905.7	1110	7699	195433.0	3377.0378	0.323659	12159.9006	44.4359	11696.15	80	16785.15	12317.0	11693.3754	33	12149.34
abs2n50	3	 high	50	5	2	OU	 SP	14986.6798	1540.28	7205.4	5178	1391	222732.5	6697.072	0.298824	15391.4997	257.485	14986.68	509	15314.68	15305.68	16011.564	29	15125.56
abs3n25	3	 high	25	5	3	OU	 SP	10458.08	979.28	4297.8	4298	896	192264.0	4994.2187	0.313846	10489.0458	40.2999	10458.08	321	10471.08	10466.08	12025.2824	36	10458.08
abs3n40	3	 high	40	3	3	OU	 SP	11958.15	1721.45	6419.7	2146	2048	195433.0	3728.0068	0.323659	12085.9352	54.2807	11958.15	160	12336.15	12310.94	11966.7486	31	12087.94
abs3n45	3	 high	45	2	3	OU	 SP	11987.14	1287.54	7749.6	638	7237	200749.0	3651.1769	0.32087	13328.1172	45.2557	11987.14	127	16912.14	13934.57	11987.2465	25	13020.78
abs3n45	3	 high	45	3	3	OU	 SP	12754.59	1234.04	7741.8	1744	4720	200749.0	3971.9653	0.32087	12904.0252	69.9611	12762.84	155	15439.84	13513.97	12762.2329	29	12754.59
abs3n40	3	 high	40	4	3	OU	 SP	12181.77	1350.97	6649.8	2420	2468	195433.0	4079.8317	0.323659	12388.933	22.1885	12181.77	230	12888.77	12519.23	12178.9735	27	12375.73
abs3n5	3	 high	5	2	3	OU	 SP	3336.18	222.18	783.0	1940	391	100922.0	2260.8544	0.395	3370.9062	19.9375	3336.18	0	3336.18	3336.18	3444.0252	26	3336.18
abs3n5	3	 high	5	3	3	OU	 SP	4107.21	236.41	778.8	2264	828	100922.0	2921.4816	0.395	4145.2393	29.5836	4107.21	0	4107.21	4085.21	4086.0085	29	4107.21
abs3n5	3	 high	5	4	3	OU	 SP	4744.23	268.23	753.0	3288	435	100922.0	3582.1088	0.395	4755.78	12.0829	4744.23	1	4744.23	4744.23	5469.504	18	4744.23
abs3n5	3	 high	5	5	3	OU	 SP	4877.34	289.94	737.4	3718	132	100922.0	4249.9956	0.395	4912.1733	18.8242	4877.34	0	4877.34	4877.34	5890.715	30	4877.34
abs4n10	3	 high	10	2	4	OU	 SP	4384.65	265.95	1544.7	2064	519	112460.5	2150.3969	0.257273	4431.8452	33.9016	4384.65	3	4393.65	4393.65	4586.814	27	4384.65
abs3n35	3	 high	35	4	3	OU	 SP	13213.78	1630.58	6670.2	3722	1314	195931.0	5160.8608	0.313056	13329.5894	51.7562	13213.78	420	13337.78	13332.78	13293.2377	32	13255.49
abs4n10	3	 high	10	3	4	OU	 SP	4804.46	312.56	1488.9	2272	831	112460.5	2732.6353	0.257273	4837.897	43.6135	4804.46	7	4905.46	4837.91	5795.2143	30	4804.46
abs3n50	3	 high	50	2	3	OU	 SP	12919.62	1802.32	7215.6	2716	1648	210041.0	4027.4361	0.32098	13109.351	24.0789	13061.92	169	13382.92	13356.54	13257.0456	29	13291.37
abs4n10	3	 high	10	4	4	OU	 SP	5400.04	307.34	1505.7	3232	355	112460.5	3320.5541	0.257273	5417.9447	17.1961	5400.04	14	5400.04	5400.04	5944.4718	34	5400.04
abs4n10	3	 high	10	5	4	OU	 SP	5862.78	318.28	1486.5	3690	368	112460.5	3904.2127	0.257273	5865.1904	3.7261	5862.78	15	5862.78	5862.78	6331.1897	23	5862.78
abs4n15	3	 high	15	2	4	OU	 SP	4790.46	352.76	1994.7	1936	743	125072.0	2174.917	0.251875	4876.6124	75.086	4790.46	6	5027.46	5001.28	5249.7503	29	4790.46
abs4n15	3	 high	15	3	4	OU	 SP	5062.32	347.82	2002.5	2544	197	125072.0	2609.8008	0.251875	5070.7782	5.8228	5062.32	6	5091.32	5091.32	5306.6162	33	5062.32
abs4n15	3	 high	15	4	4	OU	 SP	5322.44	329.84	2034.6	2406	602	125072.0	3047.1141	0.251875	5334.7948	14.5821	5322.44	12	5373.44	5355.44	6236.4625	31	5322.44
abs3n50	3	 high	50	3	3	OU	 SP	13691.75	1707.38	7322.4	3568	1104	210041.0	4548.6541	0.32098	13732.2494	16.5295	13699.78	129	13701.78	13701.78	14116.1273	32	13691.75
abs4n15	3	 high	15	5	4	OU	 SP	5843.58	359.48	1982.1	3220	308	125072.0	3485.2409	0.251875	5856.3386	11.0281	5843.58	11	5870.58	5863.58	6451.3073	29	5843.58
abs3n45	3	 high	45	4	3	OU	 SP	13266.18	1988.68	7132.5	2893	1500	200749.0	4292.7538	0.32087	13287.6687	8.7405	13266.18	289	13515.18	13505.12	13392.6473	32	13333.07
abs4n20	3	 high	20	2	4	OU	 SP	6711.46	551.66	2629.8	2761	947	182400.0	3092.0003	0.27	6771.172	40.9164	6711.46	28	6890.46	6860.93	6954.045	44	6711.46
abs4n20	3	 high	20	3	4	OU	 SP	7262.49	506.19	2682.3	3007	1123	182400.0	3766.4694	0.27	7288.7498	17.917	7262.49	21	7319.49	7277.33	7478.4358	41	7264.33
abs3n35	3	 high	35	5	3	OU	 SP	13696.84	1612.46	6718.2	4466	1125	195931.0	5767.9276	0.313056	13865.9388	121.8062	13707.66	525	13921.66	13899.66	13727.3686	34	13714.86
abs4n25	3	 high	25	2	4	OU	 SP	7559.59	719.29	3813.3	1658	2083	175022.5	2839.6303	0.270769	7705.8917	54.3833	7559.59	23	8273.59	8242.13	8089.3088	36	7659.79
abs4n20	3	 high	20	4	4	OU	 SP	7760.46	514.36	2693.1	3492	1169	182400.0	4441.8402	0.27	7802.6867	34.6747	7760.46	82	7869.46	7860.46	8080.7182	33	7761.46
abs4n25	3	 high	25	3	4	OU	 SP	7937.79	723.19	3810.6	2208	1570	175022.5	3263.1905	0.270769	8158.6017	58.81	7937.79	63	8312.79	8291.9	8266.6116	30	7950.07
abs4n20	3	 high	20	5	4	OU	 SP	8252.38	470.82	2751.0	4329	783	182400.0	5118.1145	0.27	8280.7935	2.8733	8276.82	130	8334.82	8321.82	8633.7159	34	8252.38
abs3n40	3	 high	40	5	3	OU	 SP	12635.14	1725.44	6416.7	3019	1586	195433.0	4431.0146	0.323659	12679.6969	21.473	12635.14	517	12749.14	12721.14	12725.1553	29	12677.73
abs4n30	3	 high	30	2	4	OU	 SP	8658.32	885.12	4456.2	2121	1728	173807.0	3128.4744	0.268387	8751.2341	68.809	8658.32	82	9191.3199	9191.3199	8998.9401	34	8658.32
abs4n25	3	 high	25	4	4	OU	 SP	8190.07	723.19	3810.6	2359	1595	175022.5	3686.7506	0.270769	8428.3744	70.8895	8264.79	143	8488.79	8484.47	8694.6047	34	8190.07
abs3n45	3	 high	45	5	3	OU	 SP	13142.04	1255.44	7722.6	2704	2722	200749.0	4615.3444	0.32087	13544.5367	93.059	13142.04	513	14404.04	13705.13	13139.8562	27	13563.03
abs4n30	3	 high	30	3	4	OU	 SP	9013.32	885.12	4456.2	2534	1643	173807.0	3610.5515	0.268387	9037.5075	48.9492	9013.32	102	9519.32	9488.32	9558.3288	32	9013.32
abs4n25	3	 high	25	5	4	OU	 SP	8514.79	793.24	3735.3	3435	752	175022.5	4113.4483	0.270769	8677.6779	6.7717	8670.54	194	8716.54	8695.54	9116.2595	29	8514.79
abs3n50	3	 high	50	4	3	OU	 SP	14143.14	1662.54	7353.6	3890	1242	210041.0	5070.9603	0.32098	14158.4	13.2218	14143.14	425	14149.14	14147.14	14813.9277	30	14171.14
abs4n35	3	 high	35	2	4	OU	 SP	9421.88	1164.88	4752.0	2386	1604	176871.0	3418.5741	0.2725	9628.5518	94.8996	9421.88	126	9906.88	9890.61	9779.4027	34	9507.49
abs4n40	3	 high	40	3	4	OU	 SP	10336.9	1184.88	5361.3	2606	2080	205643.5	3934.2391	0.277805	10377.5181	27.9523	10338.18	72	11232.18	11215.04	10507.0658	31	10338.18
abs4n40	3	 high	40	2	4	OU	 SP	10344.09	882.39	5573.7	1652	5980	205643.5	3514.9719	0.277805	10611.1537	32.7529	10344.09	88	14088.09	11678.9	10339.8462	35	10499.08
abs3n50	3	 high	50	5	3	OU	 SP	14475.29	1709.99	7323.3	4359	1189	210041.0	5593.812	0.32098	14496.7756	16.44	14475.29	511	14583.29	14565.7	15089.8212	25	14475.29
abs4n35	3	 high	35	4	4	OU	 SP	10385.69	1083.09	4830.6	3400	1228	176871.0	4437.3883	0.2725	10408.7612	11.3386	10385.69	154	10542.69	10530.02	10525.6206	33	10399.02
abs4n30	3	 high	30	4	4	OU	 SP	9430.77	726.77	4554.0	2804	2413	173807.0	4092.6287	0.268387	9632.7252	18.3268	9430.77	253	10497.77	9813.21	9432.7622	33	9589.31
abs4n40	3	 high	40	4	4	OU	 SP	10601.36	1146.76	5415.6	2974	1570	205643.5	4354.4238	0.277805	10655.9006	24.899	10601.36	106	11107.36	11079.88	11141.0422	34	10609.22
abs4n30	3	 high	30	5	4	OU	 SP	9773.64	774.14	4516.5	2854	2463	173807.0	4575.6958	0.268387	9893.3322	15.7074	9773.64	342	10607.64	10132.35	9776.2944	27	9875.87
abs4n35	3	 high	35	3	4	OU	 SP	9962.16	1148.76	4787.4	3062	1289	176871.0	3927.3531	0.2725	10032.5546	53.3173	9962.16	377	10287.16	10287.16	10145.613	28	10148.77
abs4n45	3	 high	45	4	4	OU	 SP	12969.08	1435.98	6557.1	3902	1283	207204.5	5614.6792	0.278261	13009.3083	36.6465	12969.08	163	13179.08	13175.59	14018.678	23	12971.11
abs4n5	3	 high	5	2	4	OU	 SP	2144.55	68.25	423.3	1156	545	43736.5	1441.4231	0.258333	2197.1104	36.8148	2144.55	0	2192.55	2144.55	2414.0509	27	2144.55
abs4n5	3	 high	5	3	4	OU	 SP	2719.93	66.63	426.3	2034	193	43736.5	2007.3983	0.258333	2739.93	28.5878	2719.93	0	2719.93	2719.93	3242.2155	20	2719.93
abs4n5	3	 high	5	4	4	OU	 SP	3060.93	66.63	426.3	2316	252	43736.5	2560.7963	0.258333	3129.1515	29.5022	3060.93	1	3060.93	3060.93	3387.4824	26	3060.93
abs4n5	3	 high	5	5	4	OU	 SP	3963.55	68.25	423.3	2180	1292	43736.5	3152.1632	0.258333	3978.675	14.6008	3963.55	0	3963.55	3963.55	2164.341	16	3963.55
abs5n10	3	 high	10	2	5	OU	 SP	4527.25	575.85	1775.4	1581	653	94256.0	2032.3667	0.374545	4578.001	19.3225	4527.25	5	4586.25	4570.09	4887.0165	20	4527.25
abs5n10	3	 high	10	3	5	OU	 SP	4722.42	535.12	1800.3	1584	809	94256.0	2426.35	0.374545	4736.9857	13.5386	4722.42	6	4728.42	4728.42	5094.501	23	4722.42
abs5n10	3	 high	10	4	5	OU	 SP	5056.36	514.06	1806.3	1594	1142	94256.0	2820.3333	0.374545	5057.64	2.3098	5056.36	13	5056.36	5056.36	5173.2625	25	5056.36
abs4n40	3	 high	40	5	4	OU	 SP	10970.04	1208.54	5344.5	3330	1539	205643.5	4773.3852	0.277805	11007.4184	40.5285	10970.04	337	11423.04	11399.04	11380.4442	25	11028.9
abs5n10	3	 high	10	5	5	OU	 SP	5251.87	508.57	1821.3	2360	593	94256.0	3214.3167	0.374545	5274.4706	14.932	5251.87	14	5283.87	5254.96	6126.6639	34	5251.87
abs4n50	3	 high	50	2	4	OU	 SP	14217.42	1967.42	8136.0	2974	1681	222896.5	5324.5226	0.281765	14300.9127	44.8126	14217.42	241	14759.42	14757.41	14329.183	30	14249.62
abs4n45	3	 high	45	2	4	OU	 SP	12347.54	1579.24	6405.3	2838	1986	207204.5	4419.6183	0.278261	12443.7428	81.8205	12347.54	297	12808.54	12797.5399	12411.2256	29	12517.33
abs5n15	3	 high	15	2	5	OU	 SP	4899.24	480.14	1796.1	2104	729	118284.0	2314.979	0.37375	5079.5307	87.3376	4899.24	21	5109.24	5109.24	5072.8695	30	4899.24
abs5n15	3	 high	15	3	5	OU	 SP	5272.96	501.46	1780.5	2351	705	118284.0	2857.1535	0.37375	5323.0733	42.8954	5272.96	15	5339.96	5315.96	5398.2887	36	5272.96
abs4n50	3	 high	50	3	4	OU	 SP	14781.09	1916.69	8219.4	3530	1548	222896.5	5962.7945	0.281765	14905.9694	47.1746	14781.09	256	15215.09	15208.99	15717.7518	32	14890.17
abs4n35	3	 high	35	5	4	OU	 SP	10027.02	717.22	5227.8	3362	1160	176871.0	4948.8917	0.2725	10902.774	33.822	10027.02	520	10467.02	10992.34	10027.1493	30	10885.81
abs5n20	3	 high	20	2	5	OU	 SP	7658.21	897.71	3295.5	2876	620	172582.0	3734.3134	0.352857	7759.1078	38.9455	7658.21	22	7690.21	7639.95	7751.6756	46	7697.33
abs5n15	3	 high	15	4	5	OU	 SP	5821.52	484.62	1791.9	2962	588	118284.0	3399.328	0.37375	5834.8163	6.7014	5821.52	74	5826.52	5823.2399	6367.2706	27	5821.52
abs5n20	3	 high	20	3	5	OU	 SP	8024.96	626.26	3512.7	3198	840	172582.0	4446.8302	0.352857	8408.0431	26.3693	8024.96	49	8176.96	8173.34	8024.9674	49	8374.74
abs5n25	3	 high	25	2	5	OU	 SP	9434.91	1283.41	4645.5	2862	729	165277.0	4556.5325	0.334615	9461.5409	21.1285	9434.91	48	9520.91	9497.94	9462.7478	45	9439.99
abs4n45	3	 high	45	3	4	OU	 SP	12491.45	1498.55	6504.9	3276	1688	207204.5	5016.9732	0.278261	12558.7271	64.2697	12491.45	514	12968.45	12964.62	12864.3548	28	12649.82
abs5n20	3	 high	20	4	5	OU	 SP	8872.44	844.74	3359.7	4009	650	172582.0	5162.638	0.352857	8877.6067	6.3739	8872.44	139	8864.44	8850.44	9011.8245	30	8872.44
abs4n45	3	 high	45	5	4	OU	 SP	13645.86	1470.18	6555.3	4693	1222	207204.5	6210.982	0.278261	13724.6032	46.6377	13646.48	514	13942.48	13719.83	14059.8091	28	13757.86
abs5n15	3	 high	15	5	5	OU	 SP	6381.81	160.31	2026.5	3008	1328	118284.0	3941.5025	0.37375	6414.8334	5.8218	6381.81	237	6522.81	6408.37	6383.1328	29	6405.28
abs5n20	3	 high	20	5	5	OU	 SP	9511.69	917.39	3294.3	4534	834	172582.0	5880.1008	0.352857	9533.9724	17.827	9511.69	204	9579.69	9578.69	9672.2056	37	9511.69
abs4n50	3	 high	50	4	4	OU	 SP	15377.09	1954.25	8158.2	4308	1201	222896.5	6601.3806	0.281765	15486.7321	64.2579	15393.45	512	15621.45	15605.1699	15538.8816	28	15403.17
abs5n30	3	 high	30	3	5	OU	 SP	9037.86	1213.16	4526.4	2527	867	154354.0	3500.5122	0.33129	9126.7371	45.2014	9038.56	72	9134.56	9116.44	9187.9666	35	9107.76
abs5n30	3	 high	30	2	5	OU	 SP	8605.95	1263.75	4462.2	1926	1185	154354.0	3081.7503	0.33129	8637.8267	23.8209	8605.95	96	8837.95	8824.96	9022.7734	33	8614.96
abs5n25	3	 high	25	3	5	OU	 SP	9917.06	1265.56	4657.5	3185	838	165277.0	5179.562	0.334615	9950.1136	21.1917	9917.06	270	9947.06	9920.06	10041.0487	45	9917.06
abs4n50	3	 high	50	5	4	OU	 SP	15853.78	1885.68	8240.1	4584	1456	222896.5	7238.7109	0.281765	16130.9607	181.7443	15854.78	511	16165.78	16157.78	16400.7294	27	16136.64
abs5n35	3	 high	35	3	5	OU	 SP	9943.84	1260.64	5035.2	2836	1102	186176.0	3927.8606	0.319167	10022.0206	59.7213	9943.84	76	10234.84	10228.82	10137.4969	32	9962.82
abs5n35	3	 high	35	2	5	OU	 SP	9660.14	879.84	5367.3	1430	5371	186176.0	3451.7337	0.319167	9907.3092	15.4225	9660.14	126	13048.14	9992.36	9661.3934	37	9897.36
abs5n25	3	 high	25	4	5	OU	 SP	10329.37	1192.27	4748.1	3548	1083	165277.0	5804.1849	0.334615	10469.8935	106.6967	10329.37	416	10572.37	10552.74	10407.2852	40	10534.74
abs5n25	3	 high	25	5	5	OU	 SP	10901.89	1173.89	4773.0	3960	1137	165277.0	6432.0015	0.334615	10950.39	31.7815	10901.89	395	11043.89	11032.23	11726.1339	27	10923.84
abs5n40	3	 high	40	3	5	OU	 SP	11685.17	1592.67	6316.5	2893	1217	180550.5	4555.7894	0.318049	11716.583	15.7218	11685.17	97	12021.17	12010.11	11925.6608	33	11703.11
abs5n30	3	 high	30	4	5	OU	 SP	9409.58	1165.58	4578.0	2703	1069	154354.0	3918.1806	0.33129	9432.7176	29.9685	9409.58	332	9516.58	9509.58	9711.195	34	9416.58
abs5n30	3	 high	30	5	5	OU	 SP	9754.62	825.72	4815.9	3150	1427	154354.0	4337.3069	0.33129	9850.1316	38.2552	9754.62	334	10218.62	9907.67	9753.0334	38	9910.56
abs5n35	3	 high	35	5	5	OU	 SP	10783.19	1239.39	5032.8	3694	1092	186176.0	4882.9317	0.319167	10818.2212	16.0151	10783.19	249	11059.19	11051.19	11270.0625	32	10785.19
abs5n45	3	 high	45	2	5	OU	 SP	11761.85	1069.95	7089.9	1328	5427	163754.0	3986.162	0.312826	12228.7383	68.8597	11761.85	108	14914.85	12705.69	11779.1293	29	11860.22
abs5n45	3	 high	45	3	5	OU	 SP	11802.71	1488.8	6773.7	2443	1625	163754.0	4333.3872	0.312826	11894.5828	3.8447	11890.5	99	12331.5	12328.5	13152.1229	29	11802.71
abs5n40	3	 high	40	2	5	OU	 SP	11496.13	992.63	6808.5	1978	3964	180550.5	4081.7446	0.318049	11765.995	63.6633	11496.13	270	13743.13	12043.37	11498.8271	32	11678.64
abs5n5	3	 high	5	2	5	OU	 SP	2044.42	162.32	791.1	992	115	33031.0	1490.3771	0.391667	2201.3352	81.5693	2044.42	0	2060.42	2081.1	2045.3856	21	2065.1
abs5n35	3	 high	35	4	5	OU	 SP	10349.94	1249.04	5010.9	3422	982	186176.0	4405.4895	0.319167	10414.8369	70.0878	10349.94	348	10664.94	10662.94	11140.3792	35	10411.35
abs5n5	3	 high	5	3	5	OU	 SP	2330.98	129.58	815.4	942	535	33031.0	1779.4735	0.391667	2420.028	24.9401	2330.98	0	2421.98	2366.96	2331.6263	25	2364.96
abs5n5	3	 high	5	4	5	OU	 SP	2526.96	258.06	720.9	1450	98	33031.0	2080.2575	0.391667	2561.7412	25.3459	2526.96	0	2526.96	2526.96	2640.2606	17	2526.96
abs5n5	3	 high	5	5	5	OU	 SP	2870.67	235.17	739.5	1272	624	33031.0	2365.1429	0.391667	2958.5532	49.6294	2870.67	0	2870.67	2870.67	2737.9286	19	2870.67
abs1n10	3	 low	10	2	1	OU	 SP	2391.82	41.47	187.35	1568	730	102097.5	1187.2466	0.029091	2446.6466	27.2489	2391.82	3	2526.82	2526.82	3731.5897	50	2391.82
abs1n10	3	 low	10	3	1	OU	 SP	2837.69	39.73	189.96	1934	769	102097.5	1706.5729	0.029091	2882.0483	36.7717	2837.69	6	2933.69	2870.83	3247.3064	41	2837.69
abs1n10	3	 low	10	4	1	OU	 SP	3358.82	43.54	185.28	2512	630	102097.5	2222.6331	0.029091	3397.86	26.3504	3358.82	10	3370.82	3370.82	4020.5436	30	3358.82
abs1n15	3	 low	15	2	1	OU	 SP	2696.99	45.52	241.47	1710	823	125773.0	975.2506	0.026875	2740.7088	41.4517	2696.99	10	2820.99	2819.1	2829.4718	33	2696.99
abs1n10	3	 low	10	5	1	OU	 SP	3846.45	43.99	185.46	2782	835	102097.5	2745.7758	0.029091	3858.5977	7.1304	3846.45	23	3846.45	3846.45	3891.3004	26	3846.45
abs1n15	3	 low	15	3	1	OU	 SP	2857.84	48.92	238.92	2029	596	125773.0	1364.1919	0.026875	2869.506	8.6141	2857.84	8	2913.84	2902.99	2878.3812	30	2857.84
abs1n15	3	 low	15	4	1	OU	 SP	3326.99	45.52	241.47	2312	732	125773.0	1757.5447	0.026875	3335.9278	9.5062	3326.99	15	3330.99	3330.99	3919.4492	27	3326.99
abs5n45	3	 high	45	4	5	OU	 SP	12152.54	1568.94	6678.6	2884	1219	163754.0	4681.204	0.312826	12174.4115	28.8338	12152.54	168	12350.54	12339.54	12509.9855	26	12152.54
abs1n15	3	 low	15	5	1	OU	 SP	3712.99	45.52	241.47	2626	802	125773.0	2149.6419	0.026875	3737.1624	12.4357	3712.99	21	3715.99	3714.99	3814.0814	29	3712.99
abs1n20	3	 low	20	2	1	OU	 SP	3256.95	71.69	307.26	2083	1183	143179.5	1250.6026	0.027619	3293.0539	24.6798	3256.95	31	3645.95	3621.95	3698.2167	28	3256.95
abs1n20	3	 low	20	3	1	OU	 SP	3684.23	71.0	310.23	2388	1059	143179.5	1810.5913	0.027619	3743.3967	46.3262	3684.23	29	3828.23	3828.23	4152.9577	30	3684.23
abs1n20	3	 low	20	4	1	OU	 SP	4219.23	68.84	312.39	3208	836	143179.5	2375.4974	0.027619	4251.0493	23.1149	4219.23	63	4425.23	4387.23	4695.2348	30	4221.7
abs1n25	3	 low	25	2	1	OU	 SP	3731.99	51.28	391.71	1304	4661	188676.5	985.9046	0.028462	3811.0488	40.6782	3731.99	36	6407.99	4040.14	3733.669	33	3736.14
abs5n50	3	 high	50	2	5	OU	 SP	13415.81	1946.01	7573.8	2773	1696	202575.0	5063.2031	0.312157	13462.0589	32.9891	13415.81	320	13990.81	13987.6	13590.4073	27	13483.78
abs5n40	3	 high	40	4	5	OU	 SP	12162.41	1042.11	6765.3	2706	2646	180550.5	5030.1229	0.318049	12322.8063	117.1356	12162.41	516	13159.41	12479.19	12162.0468	30	12349.05
abs5n40	3	 high	40	5	5	OU	 SP	12603.69	1071.79	6747.9	3310	2552	180550.5	5503.3023	0.318049	12953.5908	79.5447	12603.69	519	13681.69	12822.13	12603.3653	26	12795.05
abs1n25	3	 low	25	3	1	OU	 SP	3765.03	67.27	377.76	2328	1512	188676.5	1402.462	0.028462	3948.2605	110.3205	3765.03	62	4285.03	4076.46	3767.1088	39	3783.19
abs1n20	3	 low	20	5	1	OU	 SP	4901.98	63.48	316.5	3724	804	143179.5	2939.0028	0.027619	4924.7452	30.9457	4901.98	182	4907.98	4907.98	5206.0974	31	4901.98
abs1n25	3	 low	25	4	1	OU	 SP	4091.18	83.79	363.39	2790	949	188676.5	1819.0193	0.028462	4131.4484	31.0519	4091.18	75	4186.18	4186.18	4635.7193	32	4091.18
abs1n30	3	 low	30	2	1	OU	 SP	4181.58	153.7	572.88	2688	847	201361.0	1300.887	0.027742	4196.3315	10.6315	4181.58	34	4262.58	4241.58	4372.3353	33	4181.58
abs5n45	3	 high	45	5	5	OU	 SP	12362.42	1010.92	7165.5	2702	3185	163754.0	5028.2321	0.312826	12463.7278	62.7984	12362.42	515	14063.42	12500.37	12358.9044	27	12431.37
abs1n30	3	 low	30	3	1	OU	 SP	4526.56	143.0	583.56	2831	1236	201361.0	1829.6505	0.027742	4555.057	36.5432	4526.56	120	4794.56	4769.56	4714.8289	40	4527.56
abs1n30	3	 low	30	4	1	OU	 SP	5096.93	141.31	583.62	3426	1095	201361.0	2359.8993	0.027742	5111.9546	5.2889	5096.93	120	5246.93	5227.42	5871.8219	37	5103.73
abs5n50	3	 high	50	3	5	OU	 SP	14023.61	1915.61	7575.0	3510	1410	202575.0	5696.8847	0.312157	14051.7127	13.4173	14023.61	512	14411.61	14401.77	14272.5875	30	14045.77
abs5n50	3	 high	50	4	5	OU	 SP	14562.08	1905.78	7614.0	4082	1278	202575.0	6331.8261	0.312157	14640.9229	19.9565	14620.78	489	14879.78	14879.78	14898.9332	28	14562.08
abs5n50	3	 high	50	5	5	OU	 SP	15298.2	1869.1	7658.1	4726	1287	202575.0	6965.035	0.312157	15519.3885	182.5451	15301.2	512	15540.2	15540.2	15425.6984	27	15816.51
abs1n35	3	 low	35	2	1	OU	 SP	3954.48	125.56	562.92	1870	2253	188912.5	1136.4753	0.0275	4016.7486	112.6588	3954.48	141	4812.48	4788.48	4368.2353	35	3954.48
abs1n35	3	 low	35	3	1	OU	 SP	3912.27	86.82	609.45	2130	2207	188912.5	1585.283	0.0275	4590.2165	110.8327	3912.27	134	5033.27	4932.47	3914.6647	34	4475.47
abs1n35	3	 low	35	4	1	OU	 SP	4819.99	120.92	569.07	3320	1000	188912.5	2035.3897	0.0275	4836.7173	15.4116	4819.99	99	5010.9899	5001.9899	5173.9886	33	4819.99
abs1n40	3	 low	40	2	1	OU	 SP	3746.92	112.57	685.35	1956	1939	198950.0	1326.9378	0.028293	4620.9268	26.9599	3746.92	88	4692.92	5101.94	3746.8765	34	4588.94
abs1n40	3	 low	40	3	1	OU	 SP	4308.36	111.03	687.33	2360	2207	198950.0	1856.1717	0.028293	5116.7087	47.502	4308.36	75	5365.36	5201.06	4308.2825	30	5053.14
abs1n45	3	 low	45	2	1	OU	 SP	4302.15	174.24	677.91	2355	1612	205188.5	1293.4143	0.028696	4321.3646	27.351	4302.15	129	4820.15	4809.28	4940.1051	26	4312.28
abs1n45	3	 low	45	4	1	OU	 SP	5216.28	175.98	675.3	3626	958	205188.5	2304.3158	0.028696	5229.3185	7.5019	5216.28	105	5435.28	5435.28	6481.9489	26	5216.28
abs1n45	3	 low	45	3	1	OU	 SP	4795.28	175.98	675.3	2972	1372	205188.5	1798.2814	0.028696	4818.7961	22.4587	4795.28	147	5195.28	5195.28	5396.012	31	4795.28
abs1n25	3	 low	25	5	1	OU	 SP	4523.66	77.7	369.96	2988	1223	188676.5	2234.4717	0.028462	4564.0084	31.9267	4523.66	551	4659.66	4623.55	4862.8685	25	4582.55
abs1n5	3	 low	5	2	1	OU	 SP	1373.41	11.98	59.43	902	400	72215.0	479.37	0.025	1425.3573	17.7971	1373.41	0	1373.41	1373.41	1599.8379	37	1373.41
abs1n5	3	 low	5	3	1	OU	 SP	1517.65	13.24	58.41	936	510	72215.0	694.245	0.025	1555.2535	19.6959	1517.65	0	1517.65	1517.65	1981.5169	34	1517.65
abs1n30	3	 low	30	5	1	OU	 SP	5219.34	93.08	628.26	3480	1483	201361.0	2887.1775	0.027742	5546.5141	22.5027	5219.34	457	5684.34	5669.99	5219.8781	39	5527.99
abs1n5	3	 low	5	4	1	OU	 SP	1803.65	10.45	61.2	1188	543	72215.0	909.12	0.025	1831.2056	12.4452	1803.65	0	1803.65	1803.65	2401.1595	36	1803.65
abs1n5	3	 low	5	5	1	OU	 SP	2043.65	12.19	59.46	1920	52	72215.0	1135.3042	0.025	2067.894	12.9555	2043.65	0	2043.65	2043.65	2109.0673	20	2043.65
abs2n10	3	 low	10	2	2	OU	 SP	3078.92	42.82	149.1	2122	894	155639.0	1392.5241	0.032727	3104.5525	18.5096	3078.92	4	3208.92	3134.5	3382.2863	32	3078.92
abs2n10	3	 low	10	3	2	OU	 SP	3572.31	42.96	151.35	2896	572	155639.0	2057.4212	0.032727	3592.8329	28.8126	3572.31	6	3662.31	3640.5	3973.6804	28	3575.56
abs2n10	3	 low	10	4	2	OU	 SP	4297.24	35.85	156.39	3236	917	155639.0	2722.3182	0.032727	4307.9807	16.3791	4297.24	27	4345.24	4345.24	4519.3487	27	4297.24
abs2n10	3	 low	10	5	2	OU	 SP	4905.5	37.37	155.13	4220	493	155639.0	3391.2944	0.032727	4907.119	2.1089	4905.5	34	4905.5	4905.5	5224.6542	21	4905.5
abs2n15	3	 low	15	2	2	OU	 SP	2990.55	55.15	221.4	2104	625	127623.5	1004.6626	0.03125	2991.2527	0.968	2990.55	10	3005.55	3005.55	3484.1507	37	2990.55
abs1n35	3	 low	35	5	1	OU	 SP	5354.47	121.29	567.18	3842	899	188912.5	2483.7099	0.0275	5361.751	19.9627	5354.47	434	5429.47	5419.66	5641.0166	30	5354.66
abs2n15	3	 low	15	3	2	OU	 SP	3180.36	51.12	225.24	2310	679	127623.5	1459.7289	0.03125	3229.82	32.8634	3180.36	11	3265.36	3265.36	3755.436	29	3180.36
abs2n15	3	 low	15	4	2	OU	 SP	3569.49	51.02	223.47	2672	650	127623.5	1917.1051	0.03125	3569.99	0.508	3569.49	19	3596.49	3596.49	4547.957	32	3569.49
abs1n50	3	 low	50	2	1	OU	 SP	4713.89	134.25	734.64	2684	2006	185596.0	1692.8225	0.02902	5116.333	18.6143	4713.89	242	5558.89	5290.99	4717.6887	30	5090.99
abs2n20	3	 low	20	2	2	OU	 SP	2993.78	50.62	329.16	1666	1814	149622.5	757.9948	0.03	3060.9621	53.1753	2993.78	26	3859.78	3190.58	2991.824	33	2994.12
abs2n20	3	 low	20	3	2	OU	 SP	3030.28	80.24	305.04	2111	739	149622.5	1073.2612	0.03	3074.1597	16.8744	3030.28	15	3237.28	3210.41	3252.5657	32	3055.41
abs2n20	3	 low	20	4	2	OU	 SP	3231.96	71.93	312.03	2317	601	149622.5	1387.3196	0.03	3238.148	7.3485	3231.96	23	3303.96	3302.96	3379.8476	25	3231.96
abs2n25	3	 low	25	2	2	OU	 SP	3799.85	83.04	396.81	2322	1308	176786.0	1287.0804	0.031538	3860.556	20.3821	3799.85	37	4110.85	4098.62	3865.6318	43	3799.85
abs2n25	3	 low	25	3	2	OU	 SP	4198.45	93.52	384.93	2848	943	176786.0	1851.8341	0.031538	4234.9721	16.618	4198.45	29	4270.45	4244.85	5000.656	34	4198.45
abs1n40	3	 low	40	4	1	OU	 SP	4810.3	111.07	688.23	2936	1753	198950.0	2386.7557	0.028293	5488.7878	27.5024	4810.3	517	5488.3	5559.48	4810.3549	27	5460.84
abs2n15	3	 low	15	5	2	OU	 SP	4146.62	48.98	227.64	2941	978	127623.5	2371.4014	0.03125	4176.3362	20.4101	4146.62	175	4196.62	4184.24	4538.3041	26	4146.62
abs1n40	3	 low	40	5	1	OU	 SP	5521.66	106.99	692.67	3794	1282	198950.0	2917.1718	0.028293	6113.9416	31.6663	5521.66	517	5875.66	6168.94	5521.3287	31	6062.13
abs1n50	3	 low	50	3	1	OU	 SP	5580.03	186.45	694.32	4110	843	185596.0	2394.3258	0.02902	5705.8157	3.6674	5701.77	356	5833.77	5833.77	6969.0369	28	5580.03
abs2n30	3	 low	30	2	2	OU	 SP	3903.91	79.69	554.22	1556	3843	179408.0	1110.5597	0.029677	4245.1225	20.2907	3903.91	31	6032.91	4640.38	3904.5403	32	4218.38
abs2n25	3	 low	25	4	2	OU	 SP	4531.16	84.42	394.74	2915	1156	176786.0	2414.9508	0.031538	4561.3769	9.9565	4531.16	47	4551.16	4539.31	4817.0075	36	4531.16
abs1n45	3	 low	45	5	1	OU	 SP	5966.28	173.76	677.52	4028	1225	205188.5	2809.4748	0.028696	6093.1985	78.8853	5966.28	515	6105.28	6006.8	6252.6088	27	6008.8
abs2n25	3	 low	25	5	2	OU	 SP	5014.12	84.12	396.0	3664	876	176786.0	2982.9824	0.031538	5020.0147	4.9962	5014.12	95	5021.12	5021.12	5495.1746	38	5014.12
abs2n20	3	 low	20	5	2	OU	 SP	3645.83	77.12	308.28	2711	636	149622.5	1706.0162	0.03	3717.155	35.0794	3677.4	183	3733.4	3732.4	3687.8761	32	3645.83
abs2n30	3	 low	30	3	2	OU	 SP	4110.33	118.58	516.75	2266	1820	179408.0	1559.8515	0.029677	4316.6041	80.458	4110.33	74	4722.33	4666.18	5613.0287	44	4110.33
abs2n30	3	 low	30	4	2	OU	 SP	4595.75	114.28	520.47	3067	1268	179408.0	2009.4752	0.029677	4694.0162	47.0454	4595.75	91	4971.75	4937.8	4857.1831	37	4646.8
abs1n50	3	 low	50	4	1	OU	 SP	6296.39	184.12	696.27	4558	951	185596.0	3096.9849	0.02902	6298.0374	1.2915	6296.39	474	6390.39	6390.39	7309.3272	27	6296.39
abs2n40	3	 low	40	2	2	OU	 SP	4552.7	75.0	542.7	1744	5777	210923.5	1270.9291	0.030488	4895.618	82.3413	4552.7	59	8138.7	5484.13	4556.2033	35	4767.13
abs2n35	3	 low	35	2	2	OU	 SP	4141.18	102.11	474.36	2734	1591	205402.5	1151.4841	0.03	4432.71	9.4482	4411.47	114	4901.47	4880.47	4652.1709	35	4141.18
abs1n50	3	 low	50	5	1	OU	 SP	7076.89	176.54	703.35	5514	702	185596.0	3798.1031	0.02902	7148.698	51.2163	7076.89	512	7096.89	7088.79	7732.0396	25	7323.87
abs2n35	3	 low	35	3	2	OU	 SP	4344.61	100.42	476.76	2797	1363	205402.5	1630.3561	0.03	4350.4371	3.4924	4347.18	120	4738.18	4737.18	5809.5473	35	4344.61
abs2n40	3	 low	40	3	2	OU	 SP	4861.67	125.84	502.83	2677	2235	210923.5	1803.6287	0.030488	4890.689	46.5769	4861.67	204	5542.67	5520.85	5065.1197	31	4874.36
abs2n35	3	 low	35	5	2	OU	 SP	5245.02	98.55	478.47	3581	1196	205402.5	2588.1002	0.03	5260.8276	20.5571	5245.02	278	5355.02	5346.02	5565.7351	29	5245.02
abs2n45	3	 low	45	3	2	OU	 SP	5265.3	161.34	630.96	3706	1109	204224.5	2119.4338	0.029783	5303.4082	24.5169	5265.3	226	5607.3	5607.3	5500.4279	22	5352.34
abs2n45	3	 low	45	2	2	OU	 SP	3935.7	104.79	686.91	1794	2789	204224.5	1501.7059	0.029783	4969.6493	32.3297	3935.7	266	5374.7	5468.29	3935.8536	30	4969.29
abs2n30	3	 low	30	5	2	OU	 SP	4920.26	109.8	524.46	3166	1473	179408.0	2456.9442	0.029677	5027.947	78.0192	4923.26	523	5274.26	5253.26	5259.7052	20	5120.8
abs2n5	3	 low	5	2	2	OU	 SP	1416.28	12.98	54.3	1106	243	49384.5	613.5054	0.028333	1446.235	19.6428	1416.28	0	1416.28	1416.28	1510.0561	32	1416.28
abs2n5	3	 low	5	3	2	OU	 SP	1618.16	10.33	58.83	1200	349	49384.5	905.0306	0.028333	1722.63	17.5549	1618.16	0	1618.16	1699.21	1616.9134	24	1699.21
abs2n5	3	 low	5	4	2	OU	 SP	2207.9	11.46	55.44	1670	471	49384.5	1204.0308	0.028333	2233.7772	10.612	2207.9	0	2207.9	2207.9	2334.1653	18	2207.9
abs2n5	3	 low	5	5	2	OU	 SP	2081.48	8.47	59.01	1740	274	49384.5	1505.5757	0.028333	2300.5182	15.6317	2081.48	0	2081.48	2265.73	2081.5802	22	2265.73
abs3n10	3	 low	10	2	3	OU	 SP	2158.66	27.46	151.2	794	1458	118325.5	891.0067	0.032727	2433.1664	35.0675	2158.66	4	2430.66	2434.12	2159.3739	33	2388.12
abs2n35	3	 low	35	4	2	OU	 SP	4909.18	100.42	476.76	2988	1737	205402.5	2110.6971	0.03	5010.4342	49.7762	4909.18	526	5303.18	5278.18	5152.3827	24	5014.07
abs3n10	3	 low	10	3	3	OU	 SP	2706.51	38.8	142.71	1350	1250	118325.5	1305.1437	0.032727	2733.8857	22.5237	2706.51	4	2782.51	2700.12	2933.083	37	2706.51
abs3n10	3	 low	10	4	3	OU	 SP	3049.12	40.12	141.0	2246	656	118325.5	1727.7784	0.032727	3065.1517	20.1657	3049.12	8	3084.12	3084.12	3427.3154	24	3049.12
abs2n50	3	 low	50	3	2	OU	 SP	5960.06	170.8	709.26	3934	1376	222732.5	2365.3082	0.030196	5992.9104	23.0407	5960.06	163	6190.06	6188.73	6572.9454	27	5960.73
abs3n10	3	 low	10	5	3	OU	 SP	3358.12	37.15	143.97	2716	427	118325.5	2141.9029	0.032727	3361.1712	2.5394	3358.12	10	3325.12	3325.12	3759.617	32	3358.12
abs3n15	3	 low	15	2	3	OU	 SP	2692.11	44.69	273.42	908	2241	184494.0	1039.2101	0.033125	3173.8575	16.7104	2692.11	8	3467.11	3156.19	2691.2146	40	3153.19
abs3n15	3	 low	15	3	3	OU	 SP	3293.23	59.22	260.01	1808	1163	184494.0	1506.2701	0.033125	3322.2136	24.3014	3293.23	11	3290.23	3290.23	3670.529	28	3293.23
abs2n40	3	 low	40	4	2	OU	 SP	5175.4	140.68	486.93	3274	2006	210923.5	2336.3282	0.030488	5390.3406	127.3058	5244.61	517	5907.61	5803.84	5249.2466	31	5535.59
abs3n15	3	 low	15	4	3	OU	 SP	3734.51	43.11	275.4	2132	1407	184494.0	1976.2862	0.033125	3828.57	18.7802	3734.51	33	3857.51	3799.57	3733.8819	24	3815.57
abs3n20	3	 low	20	2	3	OU	 SP	3414.92	93.1	308.82	1930	1315	173451.0	937.2029	0.030476	3525.183	79.634	3414.92	15	3647.92	3640.6	3826.3806	33	3414.92
abs3n15	3	 low	15	5	3	OU	 SP	4152.51	43.11	275.4	2972	877	184494.0	2442.2362	0.033125	4276.2318	0.4342	4152.51	30	4167.51	4285.97	4152.8041	33	4275.97
abs2n40	3	 low	40	5	2	OU	 SP	5780.01	70.98	549.03	3468	3398	210923.5	2870.0017	0.030488	6225.704	143.1867	5780.01	517	7486.01	6168.51	5781.7221	25	6063.51
abs3n20	3	 low	20	3	3	OU	 SP	3802.45	43.4	351.69	1680	2702	173451.0	1340.6144	0.030476	3876.5037	19.6093	3840.09	40	4777.09	3884.95	3840.7554	43	3802.45
abs3n20	3	 low	20	4	3	OU	 SP	3980.87	94.3	309.57	2762	869	173451.0	1744.0258	0.030476	3994.6245	11.3235	3980.87	33	4034.87	4018.73	4250.1437	33	3980.87
abs2n45	3	 low	45	4	2	OU	 SP	5565.14	106.35	683.79	3930	1434	204224.5	2739.8931	0.029783	5777.9366	67.9397	5565.14	514	6154.14	6055.59	5564.5728	29	5848.01
abs3n25	3	 low	25	2	3	OU	 SP	3293.83	72.38	456.45	1534	2713	192264.0	1466.2082	0.031923	4144.3691	49.1494	3293.83	17	4775.83	3984.4596	3293.1827	44	4083.46
abs2n45	3	 low	45	5	2	OU	 SP	6236.4	147.89	648.51	4670	994	204224.5	3356.6447	0.029783	6492.1579	140.9433	6236.4	512	6460.4	6450.3	6620.7344	28	6261.3
abs2n50	3	 low	50	2	2	OU	 SP	5355.41	172.08	711.33	3178	1905	222732.5	1675.1621	0.030196	5460.8955	63.5444	5355.41	406	5967.41	5935.74	5463.9345	31	5700.34
abs3n25	3	 low	25	3	3	OU	 SP	3889.87	73.2	455.67	2728	898	192264.0	2111.0373	0.031923	4498.9849	31.6598	3889.87	70	4154.87	4609.14	3890.7124	41	4479.14
abs3n25	3	 low	25	4	3	OU	 SP	5058.08	101.0	430.08	3722	905	192264.0	2758.3043	0.031923	5115.2525	53.9009	5058.08	67	5159.08	5095.24	5096.6966	36	5063.24
abs3n30	3	 low	30	2	3	OU	 SP	3370.56	106.52	614.04	1110	3923	204549.0	961.5713	0.030968	4234.7777	63.8494	3370.56	43	5753.56	4454.49	3372.5513	39	4117.4
abs3n20	3	 low	20	5	3	OU	 SP	3879.79	57.46	339.33	2510	1082	173451.0	2148.7513	0.030476	4443.7483	6.6052	3879.79	120	3988.79	4440.6	3879.0867	29	4383.87
abs3n30	3	 low	30	3	3	OU	 SP	3575.6	103.66	617.94	1354	2795	204549.0	1322.5453	0.030968	4113.8654	12.63	3575.6	49	4870.6	4333.47	3577.6756	39	4097.47
abs3n30	3	 low	30	5	3	OU	 SP	4212.56	103.44	618.12	2864	873	204549.0	2045.6382	0.030968	4642.8464	9.5202	4212.56	49	4458.56	4856.43	4215.0125	33	4633.43
abs3n35	3	 low	35	2	3	OU	 SP	4747.05	173.22	656.61	2948	1031	195931.0	1481.4704	0.031111	4845.6645	29.6427	4762.83	75	4808.83	4784.27	4879.3896	33	4747.05
abs3n40	3	 low	40	2	3	OU	 SP	4259.32	112.48	690.84	1430	4860	195433.0	969.4478	0.032439	4847.6533	46.0296	4259.32	63	7093.32	5002.0599	4258.2454	30	4802.06
abs3n30	3	 low	30	4	3	OU	 SP	4359.74	102.2	618.54	2180	2395	204549.0	1684.2825	0.030968	4412.4403	50.131	4359.74	171	5295.74	4702.45	4361.2314	35	4385.45
abs3n35	3	 low	35	3	3	OU	 SP	5225.62	171.66	657.96	3389	1072	195931.0	2084.8356	0.031111	5289.58	37.8607	5225.62	127	5292.62	5274.62	5513.7487	37	5250.62
abs2n50	3	 low	50	4	2	OU	 SP	6488.08	160.69	714.39	4433	1563	222732.5	3056.9321	0.030196	6736.2867	111.5268	6488.08	512	6873.08	6747.21	6884.7282	30	6778.15
abs3n25	3	 low	25	5	3	OU	 SP	5710.27	99.49	429.78	4212	983	192264.0	3405.2687	0.031923	5760.1387	46.9984	5710.27	321	5725.27	5708.25	7144.278	32	5710.27
abs2n50	3	 low	50	5	2	OU	 SP	7117.45	155.91	720.54	5128	1468	222732.5	3748.372	0.030196	7480.3988	214.4199	7117.45	512	7472.45	7436.45	8207.243	26	7629.54
abs3n40	3	 low	40	3	3	OU	 SP	4634.73	175.76	641.97	2146	2048	195433.0	1320.4168	0.032439	4730.7781	70.2774	4634.73	153	5012.73	4991.44	5437.0016	32	4665.73
abs3n40	3	 low	40	4	3	OU	 SP	4954.82	125.61	681.21	2682	2070	195433.0	1672.2417	0.032439	5053.2006	29.0224	4954.82	149	5558.82	5188.73	4951.7976	31	5180.37
abs3n45	3	 low	45	2	3	OU	 SP	3839.14	126.22	775.92	548	7976	200749.0	942.5369	0.032174	5128.8506	56.924	3839.14	93	9426.14	5726.89	3838.5243	31	5072.89
abs3n45	3	 low	45	3	3	OU	 SP	4474.15	135.36	764.79	1532	3527	200749.0	1263.3253	0.032174	4714.9744	60.7065	4474.15	124	5959.15	5273.82	4478.9286	32	4677.25
abs3n5	3	 low	5	2	3	OU	 SP	2432.25	22.95	78.3	1940	391	100922.0	1415.2144	0.04	2460.5836	17.7115	2432.25	0	2432.25	2432.25	2566.0552	22	2432.25
abs3n5	3	 low	5	3	3	OU	 SP	3194.13	24.25	77.88	2264	828	100922.0	2075.8416	0.04	3223.9665	21.5815	3194.13	0	3194.13	3172.13	3458.8954	23	3194.13
abs3n5	3	 low	5	4	3	OU	 SP	3825.99	27.69	75.3	3288	435	100922.0	2736.4688	0.04	3835.19	11.8454	3825.99	1	3825.99	3825.99	4579.714	15	3825.99
abs3n5	3	 low	5	5	3	OU	 SP	3953.64	29.9	73.74	3718	132	100922.0	3404.3556	0.04	3987.5021	18.3765	3953.64	0	3953.64	3953.64	5004.435	29	3953.64
abs4n10	3	 low	10	2	4	OU	 SP	2756.83	28.36	154.47	2064	519	112460.5	1287.7169	0.026364	2778.7869	26.4776	2756.83	3	2765.83	2765.83	2899.6929	13	2756.83
abs4n10	3	 low	10	3	4	OU	 SP	3175.85	32.53	151.32	2272	749	112460.5	1869.9553	0.026364	3210.63	43.5313	3175.85	6	3204.85	3204.85	4164.3743	35	3175.85
abs4n10	3	 low	10	4	4	OU	 SP	3769.55	31.98	150.57	3198	389	112460.5	2457.8741	0.026364	3787.694	19.7283	3769.55	16	3769.55	3769.55	4364.7341	30	3769.55
abs4n10	3	 low	10	5	4	OU	 SP	4240.87	34.22	148.65	3056	1002	112460.5	3041.5327	0.026364	4240.87	0.0	4240.87	19	4240.87	4240.87	4927.7903	28	4240.87
abs3n50	3	 low	50	3	3	OU	 SP	5572.42	170.18	732.24	3568	1103	210041.0	1862.1541	0.032157	5623.1112	23.8495	5572.42	126	5574.42	5570.62	6571.4293	26	5613.79
abs4n15	3	 low	15	2	4	OU	 SP	2669.99	36.07	199.92	1874	797	125072.0	1035.037	0.02625	2734.8822	66.2878	2669.99	6	2906.99	2882.22	3178.2819	37	2669.99
abs4n15	3	 low	15	3	4	OU	 SP	2946.86	34.61	200.25	2519	226	125072.0	1469.9208	0.02625	2951.9884	3.8568	2946.86	3	2980.86	2973.11	3191.0962	25	2946.86
abs4n15	3	 low	15	4	4	OU	 SP	3193.93	32.47	203.46	2443	556	125072.0	1907.2341	0.02625	3206.2112	14.351	3193.93	15	3235.93	3226.9299	4121.7725	32	3193.93
abs4n15	3	 low	15	5	4	OU	 SP	3736.18	35.97	198.21	3114	409	125072.0	2345.3609	0.02625	3750.2873	12.1454	3736.18	21	3757.18	3756.18	4331.6173	33	3736.18
abs3n35	3	 low	35	4	3	OU	 SP	5084.02	113.67	712.35	3130	1639	195931.0	2688.2008	0.031111	5869.7659	41.3753	5084.02	520	5595.02	5830.83	5081.3882	29	5700.94
abs3n35	3	 low	35	5	3	OU	 SP	6198.48	147.1	679.38	3578	2891	195931.0	3295.2676	0.031111	6399.0672	126.3295	6198.48	525	7295.48	6389.15	6198.0926	29	6238.15
abs4n20	3	 low	20	3	4	OU	 SP	4392.96	51.42	267.54	3288	799	182400.0	2238.9294	0.027619	4417.1095	16.2462	4392.96	24	4405.96	4405.96	4608.0365	37	4392.96
abs4n20	3	 low	20	2	4	OU	 SP	3827.59	48.04	269.55	2424	1547	182400.0	1564.4603	0.027619	3907.3382	37.0136	3827.59	24	4288.59	3996.88	3829.964	44	3848.56
abs4n25	3	 low	25	2	4	OU	 SP	3481.51	73.18	381.33	1652	2088	175022.5	1000.3903	0.027308	3619.6116	54.7546	3481.51	22	4195.51	4158.73	3824.8585	32	3481.51
abs4n20	3	 low	20	5	4	OU	 SP	5358.14	47.27	275.1	4330	783	182400.0	3590.5745	0.027619	5381.5193	2.984	5377.37	70	5435.37	5422.37	6658.4117	27	5358.14
abs4n25	3	 low	25	3	4	OU	 SP	3858.42	73.36	381.06	2177	1614	175022.5	1423.9505	0.027308	4057.9	90.1329	3858.42	48	4246.42	4225.01	5103.1849	32	3858.42
abs3n50	3	 low	50	2	3	OU	 SP	4946.57	181.01	721.56	2716	1648	210041.0	1340.9361	0.032157	4994.6313	24.5717	4946.57	358	5267.57	5243.23	5223.4058	30	5283.14
abs4n20	3	 low	20	4	4	OU	 SP	4874.13	51.82	269.31	3771	890	182400.0	2914.3002	0.027619	4915.5894	33.2078	4874.13	76	4983.13	4972.4	5151.6646	32	4875.13
abs3n40	3	 low	40	5	3	OU	 SP	5310.58	175.91	641.67	3020	1586	195433.0	2023.4246	0.032439	5344.2327	18.4306	5310.58	517	5424.58	5396.58	5950.3329	30	5478.82
abs3n45	3	 low	45	4	3	OU	 SP	4866.05	124.34	772.71	1918	3727	200749.0	1584.1138	0.032174	5074.5521	14.0809	4866.05	463	6542.05	5300.89	4868.4822	29	5079.65
abs4n30	3	 low	30	2	4	OU	 SP	3854.07	91.45	445.62	2017	1882	173807.0	1144.5144	0.027419	3937.6073	67.5601	3854.07	38	4438.07	4387.07	4125.5984	33	3854.07
abs4n25	3	 low	25	4	4	OU	 SP	4136.42	73.36	381.06	2360	1615	175022.5	1847.5106	0.027308	4344.6286	85.8315	4185.42	90	4430.42	4407.16	4613.9472	35	4136.42
abs3n45	3	 low	45	5	3	OU	 SP	5181.49	197.63	715.86	3340	1214	200749.0	1906.7044	0.032174	5223.1576	31.1135	5181.49	513	5468.49	5460.59	5246.0101	29	5419.99
abs4n25	3	 low	25	5	4	OU	 SP	4418.42	73.36	381.06	2951	1232	175022.5	2274.2083	0.027308	4596.1935	46.0706	4418.42	119	4639.42	4621.87	5171.5469	34	4524.44
abs4n30	3	 low	30	3	4	OU	 SP	4209.07	91.45	445.62	2392	1777	173807.0	1626.5915	0.027419	4234.87	50.182	4209.07	146	4707.07	4684.07	5613.1538	30	4377.01
abs3n50	3	 low	50	4	3	OU	 SP	5832.6	178.62	724.98	3778	1385	210041.0	2384.4603	0.032157	5997.0186	83.7203	5832.6	513	6067.6	6032.19	6849.2917	29	5865.19
abs3n50	3	 low	50	5	3	OU	 SP	6336.43	165.61	738.15	4608	989	210041.0	2907.312	0.032157	6386.0396	24.633	6341.76	511	6500.76	6436.21	6716.2567	27	6341.76
abs4n35	3	 low	35	2	4	OU	 SP	4099.62	119.42	475.2	2386	1604	176871.0	1218.7941	0.028056	4314.3648	61.8341	4099.62	132	4584.62	4563.89	4161.5384	40	4139.62
abs4n30	3	 low	30	4	4	OU	 SP	4728.51	97.96	440.55	3163	1323	173807.0	2108.6687	0.027419	4810.6832	33.234	4728.51	189	5026.51	5005.43	4789.6164	31	4752.51
abs4n40	3	 low	40	2	4	OU	 SP	4425.57	104.7	549.87	1466	6056	205643.5	1062.4119	0.028537	4721.5089	19.8151	4425.57	76	8176.57	5796.34	4421.9494	37	4602.09
abs4n35	3	 low	35	4	4	OU	 SP	5018.97	111.18	484.86	3400	1223	176871.0	2237.6083	0.028056	5078.2681	14.2037	5026.04	146	5220.04	5210.93	5252.4295	31	5018.97
abs4n40	3	 low	40	3	4	OU	 SP	4442.7	120.87	538.83	2606	2078	205643.5	1481.6791	0.028537	4473.6935	28.6836	4442.7	71	5343.7	5324.2799	4756.7197	31	4442.89
abs4n40	3	 low	40	4	4	OU	 SP	4698.97	118.41	541.56	2870	1681	205643.5	1901.8638	0.028537	4749.0919	29.8785	4698.97	123	5211.97	5194.86	5086.4422	26	4751.07
abs4n35	3	 low	35	3	4	OU	 SP	4578.62	90.33	502.29	2794	1689	176871.0	1727.5731	0.028056	4732.3673	47.7093	4578.62	283	5075.62	4942.17	4579.0067	30	4698.31
abs4n30	3	 low	30	5	4	OU	 SP	5052.23	97.09	442.14	3544	1233	173807.0	2591.7358	0.027419	5067.7004	16.5597	5052.23	377	5316.23	5308.52	5373.436	23	5068.98
abs4n45	3	 low	45	4	4	OU	 SP	5782.47	150.76	655.71	3901	1284	207204.5	2657.5492	0.028696	5831.3167	35.8888	5782.47	159	5992.47	5984.8	6234.4902	24	5836.8
abs4n5	3	 low	5	2	4	OU	 SP	1701.85	6.52	42.33	1388	265	43736.5	1153.2731	0.025	1756.3338	36.2136	1701.85	0	1701.85	1701.85	1976.1009	29	1701.85
abs4n5	3	 low	5	3	4	OU	 SP	2275.95	6.32	42.63	2034	193	43736.5	1719.2483	0.025	2293.2658	26.6564	2275.95	0	2275.95	2275.95	2808.7355	19	2275.95
abs4n5	3	 low	5	4	4	OU	 SP	2616.95	6.32	42.63	2316	252	43736.5	2272.6463	0.025	2658.4045	27.8581	2616.95	0	2616.95	2616.95	2940.6124	11	2616.95
abs4n5	3	 low	5	5	4	OU	 SP	3520.85	6.52	42.33	2174	1298	43736.5	2864.0132	0.025	3538.3237	14.4467	3520.85	0	3520.85	3520.85	1716.931	19	3520.85
abs5n10	3	 low	10	2	5	OU	 SP	2076.4	32.91	194.49	1118	942	94256.0	934.3667	0.038182	2456.4604	22.7631	2076.4	5	2287.4	2460.97	2075.5989	27	2412.59
abs5n10	3	 low	10	3	5	OU	 SP	2621.93	54.9	180.03	1522	871	94256.0	1328.35	0.038182	2637.0386	11.9993	2621.93	5	2627.93	2619.97	2842.25	28	2621.93
abs4n45	3	 low	45	3	4	OU	 SP	5295.38	156.89	650.49	3276	1688	207204.5	2059.8432	0.028696	5364.4461	66.0489	5295.38	273	5772.38	5764.71	5601.9767	28	5867.2
abs5n10	3	 low	10	4	5	OU	 SP	2953.23	56.1	179.13	2191	526	94256.0	1722.3333	0.038182	2958.14	6.4074	2953.23	11	2953.23	2953.23	3497.4979	26	2953.23
abs4n50	3	 low	50	2	4	OU	 SP	5123.08	198.93	818.28	2974	1679	222896.5	1613.0126	0.029216	5191.3071	32.3114	5128.21	190	5671.21	5662.36	5295.3251	28	5123.08
abs5n10	3	 low	10	5	5	OU	 SP	3156.31	52.18	182.13	2250	703	94256.0	2116.3167	0.038182	3176.6118	15.9962	3156.31	11	3188.31	3174.53	3494.8397	22	3156.31
abs5n15	3	 low	15	2	5	OU	 SP	2852.69	50.08	179.61	2104	728	118284.0	1229.129	0.038125	3042.7917	87.0363	2852.69	15	3062.6897	3062.6897	3975.1427	36	2852.69
abs4n40	3	 low	40	5	4	OU	 SP	5075.9	124.45	534.45	3432	1414	205643.5	2320.8252	0.028537	5150.0708	78.8365	5075.9	339	5504.9	5504.9	5408.6628	26	5075.9
abs5n15	3	 low	15	3	5	OU	 SP	3221.21	52.16	178.05	2219	875	118284.0	1771.3035	0.038125	3267.5407	44.4178	3221.21	14	3326.21	3264.21	3501.2685	30	3221.21
abs4n45	3	 low	45	2	4	OU	 SP	5111.84	124.34	673.5	2702	3111	207204.5	1462.4883	0.028696	5216.3034	24.9763	5111.84	377	6610.84	5604.05	5121.3074	29	5481.22
abs5n20	3	 low	20	2	5	OU	 SP	3885.61	91.06	329.55	2876	621	172582.0	1696.7134	0.035714	3984.6805	39.5704	3885.61	23	3917.61	3865.61	4232.016	42	3915.93
abs5n15	3	 low	15	4	5	OU	 SP	3774.69	50.5	179.19	2962	587	118284.0	2313.478	0.038125	3789.815	8.8345	3774.69	62	3779.69	3776.69	4098.593	32	3782.69
abs4n35	3	 low	35	5	4	OU	 SP	5552.83	108.63	487.2	4086	1042	176871.0	2749.1117	0.028056	5589.2384	32.2911	5552.83	531	5723.83	5668.8299	5605.5878	31	5556.83
abs5n20	3	 low	20	3	5	OU	 SP	4536.16	79.39	337.77	2840	2296	172582.0	2409.2302	0.035714	4622.8142	23.9444	4536.16	42	5553.16	4393.13	4537.3824	50	4595.13
abs4n50	3	 low	50	3	4	OU	 SP	5664.09	197.15	821.94	3530	1549	222896.5	2251.2845	0.029216	5769.4868	64.3466	5664.09	256	6098.09	6094.67	6003.4427	28	5822.9
abs5n25	3	 low	25	2	5	OU	 SP	3305.08	84.85	505.23	1792	2047	165277.0	1636.9325	0.033462	4122.5995	16.7716	3305.08	43	4429.08	4154.28	3302.0531	43	4097.61
abs5n20	3	 low	20	4	5	OU	 SP	5088.89	84.92	335.97	4164	482	172582.0	3125.038	0.035714	5092.39	5.3649	5088.89	99	5066.89	5066.89	5651.8205	24	5088.89
abs5n15	3	 low	15	5	5	OU	 SP	4354.3	50.3	180.0	3525	603	118284.0	2855.6525	0.038125	4359.2458	4.3194	4354.3	188	4359.3	4355.3	4545.5187	31	4355.3
abs5n20	3	 low	20	5	5	OU	 SP	5720.13	92.25	329.88	4612	768	172582.0	3842.5008	0.035714	5741.4221	18.5655	5720.13	166	5803.13	5788.92	6116.9451	29	5721.92
abs5n30	3	 low	30	2	5	OU	 SP	3033.97	80.21	488.76	1350	2307	154354.0	1023.5403	0.032903	3493.4395	52.5641	3033.97	58	4225.97	3665.75	3034.7835	40	3616.88
abs4n45	3	 low	45	5	4	OU	 SP	6324.64	155.79	653.85	4719	1026	207204.5	3253.852	0.028696	6503.7681	105.4823	6324.64	515	6555.64	6536.78	6647.8615	26	6324.64
abs5n30	3	 low	30	3	5	OU	 SP	3862.26	124.99	450.27	2566	826	154354.0	1442.3022	0.032903	3898.6534	37.6966	3862.26	87	3968.26	3952.89	4201.7344	38	3879.85
abs4n50	3	 low	50	4	4	OU	 SP	6281.43	198.47	819.96	4308	1183	222896.5	2889.8706	0.029216	6334.7388	44.9606	6281.43	512	6510.43	6492.43	6782.569	26	6296.43
abs5n25	3	 low	25	3	5	OU	 SP	4436.25	57.39	526.86	2766	1593	165277.0	2259.962	0.033462	4610.7656	20.8722	4436.25	310	4943.25	4586.25	4433.0347	36	4545.06
abs4n50	3	 low	50	5	4	OU	 SP	6745.88	193.87	824.01	4584	1448	222896.5	3527.2009	0.029216	7026.3175	158.5316	6746.88	509	7049.88	7049.88	7199.6456	28	6998.54
abs5n30	3	 low	30	4	5	OU	 SP	4205.11	77.08	486.03	2832	1236	154354.0	1859.9706	0.032903	4264.6829	29.9253	4205.11	208	4631.11	4341.28	4202.9841	34	4237.62
abs5n35	3	 low	35	3	5	OU	 SP	4274.68	125.67	503.01	2836	1124	186176.0	1636.6706	0.031389	4327.6857	28.0292	4274.68	141	4588.68	4562.68	4950.1653	37	4276.85
abs5n25	3	 low	25	5	5	OU	 SP	5548.97	116.67	477.3	3960	1152	165277.0	3512.4015	0.033462	5588.6519	20.8526	5548.97	341	5706.97	5673.75	5641.1802	31	5583.75
abs5n35	3	 low	35	2	5	OU	 SP	3383.56	84.48	541.08	1306	4015	186176.0	1160.5437	0.031389	4236.4286	15.3414	3383.56	184	5946.56	4320.1998	3397.3174	35	4158.5
abs5n25	3	 low	25	4	5	OU	 SP	4982.75	118.94	474.81	3548	1083	165277.0	2884.5849	0.033462	5073.6112	75.385	4982.75	438	5225.75	5218.26	5212.5811	40	5205.21
abs5n40	3	 low	40	3	5	OU	 SP	4563.79	154.66	633.87	2894	1203	180550.5	1682.4794	0.03122	4593.3525	17.0375	4564.53	78	4885.53	4885.53	4935.3267	32	4563.79
abs5n45	3	 low	45	3	5	OU	 SP	4393.91	119.97	695.94	1612	4480	163754.0	1316.5272	0.031087	4455.0603	4.3837	4393.91	53	6907.91	4888.95	4391.0521	29	4428.25
abs5n40	3	 low	40	2	5	OU	 SP	4152.33	100.76	678.57	1634	4413	180550.5	1208.4346	0.03122	4637.6055	62.4588	4152.33	183	6826.33	4914.64	4155.2059	29	4544.66
abs5n45	3	 low	45	2	5	OU	 SP	4502.85	131.72	683.13	1274	6446	163754.0	969.302	0.031087	4821.9794	77.3386	4502.85	109	8534.85	5280.36	4499.3476	31	4579.27
abs5n30	3	 low	30	5	5	OU	 SP	4674.04	77.28	485.76	2536	2060	154354.0	2279.0969	0.032903	4754.8803	13.2456	4674.04	416	5159.04	4744.91	4674.1362	39	4746.91
abs5n35	3	 low	35	4	5	OU	 SP	4713.15	123.43	504.72	3422	968	186176.0	2114.2995	0.031389	4801.5872	60.5692	4713.15	397	5018.15	5010.4	5422.8942	25	4887.11
abs5n5	3	 low	5	2	5	OU	 SP	1184.74	10.04	83.7	664	518	33031.0	673.8971	0.04	1364.299	70.7717	1184.74	0	1275.74	1205.16	1185.7056	42	1189.16
abs5n5	3	 low	5	3	5	OU	 SP	1481.18	13.64	81.54	942	535	33031.0	962.9935	0.04	1545.4597	27.6576	1481.18	0	1572.18	1486.97	1481.8263	29	1484.97
abs5n5	3	 low	5	4	5	OU	 SP	1646.97	26.88	72.09	1450	98	33031.0	1263.7775	0.04	1690.9442	25.9281	1646.97	0	1646.97	1646.97	3920.2552	24	1646.97
abs5n5	3	 low	5	5	5	OU	 SP	1994.16	24.21	73.95	1272	624	33031.0	1548.6629	0.04	2059.7908	44.9557	1994.16	0	1994.16	1994.16	1699.828	13	1994.16
abs5n45	3	 low	45	4	5	OU	 SP	4630.22	118.91	698.31	1784	4010	163754.0	1664.344	0.031087	4759.4983	41.7655	4630.22	205	6611.22	4912.87	4631.3628	23	4727.87
abs5n35	3	 low	35	5	5	OU	 SP	5132.81	122.95	503.28	3694	1093	186176.0	2591.7417	0.031389	5170.2585	17.7475	5139.23	471	5413.23	5405.23	5220.2172	26	5132.81
abs5n40	3	 low	40	4	5	OU	 SP	5038.9	162.31	628.59	3228	1401	180550.5	2156.8129	0.03122	5148.4223	83.3529	5038.9	519	5420.9	5332.56	5088.2897	26	5077.56
abs1n10	6	 high	10	2	1	OU	 SP	9628.95	873.15	3271.8	4992	598	102097.5	5737.1793	0.308182	9663.0375	35.973	9628.95	267	9735.95	9715.95	10356.9798	20	9628.95
abs5n40	3	 low	40	5	5	OU	 SP	5692.74	147.51	641.58	3622	1392	180550.5	2629.9923	0.03122	5809.0062	71.4211	5705.09	517	5803.09	5678.12	6169.4458	26	5864.01
abs1n15	6	 high	15	2	1	OU	 SP	11890.81	1224.51	5091.3	3632	2396	125773.0	6086.6182	0.285	11946.4255	49.3553	11890.81	69	12343.81	12335.81	12755.383	20	11921.81
abs5n45	3	 low	45	5	5	OU	 SP	4961.38	157.48	666.9	3042	1251	163754.0	2011.3721	0.031087	5024.0942	58.8672	4961.38	515	5117.38	5056.09	5156.0491	24	4961.38
abs5n50	3	 low	50	3	5	OU	 SP	5440.77	193.6	760.17	3542	1354	202575.0	2217.3647	0.03098	5498.0053	25.255	5440.77	452	5850.77	5839.77	5756.3451	32	5478.08
abs5n50	3	 low	50	4	5	OU	 SP	6003.45	191.68	761.4	4082	1278	202575.0	2852.3061	0.03098	6086.9275	13.4777	6054.08	456	6313.08	6310.59	6461.9591	32	6003.45
abs5n50	3	 low	50	2	5	OU	 SP	4843.56	192.95	761.61	2678	1785	202575.0	1583.6831	0.03098	4891.6077	13.4716	4843.56	483	5418.56	5408.87	5053.7564	31	4945.72
abs5n50	3	 low	50	5	5	OU	 SP	6684.27	189.46	765.81	4726	1292	202575.0	3485.515	0.03098	6906.9015	155.4672	6684.27	511	6973.27	6968.2699	6982.9626	27	7151.06
abs1n20	6	 high	20	2	1	OU	 SP	14740.04	1543.24	6295.8	4890	2810	143179.5	6745.1339	0.287619	14756.065	18.7344	14740.04	192	15540.04	15524.04	15431.3941	16	14740.04
abs1n10	6	 high	10	3	1	OU	 SP	11120.53	854.28	3297.9	5514	1520	102097.5	7377.269	0.308182	11180.0971	25.6242	11147.18	573	11186.18	11186.1799	11853.8041	14	11249.37
abs1n10	6	 high	10	4	1	OU	 SP	12547.47	860.37	3293.1	7056	1350	102097.5	9032.4747	0.308182	12547.47	0.0	12547.47	569	12559.47	12559.47	13409.1406	14	12547.47
abs1n15	6	 high	15	3	1	OU	 SP	12791.97	1212.27	5111.7	4888	1777	125773.0	7193.2248	0.285	12840.1922	17.5484	12791.97	412	12989.97	12981.97	14615.1129	18	12838.13
abs1n10	6	 high	10	5	1	OU	 SP	14089.49	855.09	3284.7	8980	1072	102097.5	10657.4483	0.308182	14210.23	18.93	14191.79	552	14191.79	14191.79	15521.2778	13	14177.49
abs1n25	6	 high	25	2	1	OU	 SP	15212.42	1285.62	6790.8	3148	7807	188676.5	6020.2757	0.294615	15693.7147	10.1041	15212.42	141	19031.42	15941.06	15214.4707	19	15685.06
abs1n15	6	 high	15	4	1	OU	 SP	13922.42	1163.43	5186.4	5426	2279	125773.0	8294.9565	0.285	14013.33	21.2179	13988.83	531	14054.83	14054.83	14054.225	14	13922.42
abs1n15	6	 high	15	5	1	OU	 SP	14754.85	1193.53	5164.2	6704	1905	125773.0	9399.1256	0.285	14990.6209	32.5119	14964.73	530	14967.73	14967.7299	15552.8639	11	14977.87
abs1n20	6	 high	20	3	1	OU	 SP	16288.17	1605.37	6250.8	6176	2601	143179.5	8407.5509	0.287619	16401.3718	110.5931	16296.17	529	16634.17	16634.17	16373.5896	17	16288.17
abs1n20	6	 high	20	4	1	OU	 SP	17713.13	1596.93	6256.2	8076	2014	143179.5	10078.0379	0.287619	17838.6127	99.6107	17713.13	528	17943.13	17943.13	18684.9049	11	17910.1
abs1n20	6	 high	20	5	1	OU	 SP	19228.83	1542.83	6291.0	9844	1714	143179.5	11732.3848	0.287619	19377.6475	146.1828	19228.83	527	19391.83	19304.56	20050.9797	12	19677.01
abs1n30	6	 high	30	2	1	OU	 SP	22412.15	3043.55	11094.6	6308	2380	201361.0	8118.7117	0.285484	22427.1467	7.5518	22412.15	263	22826.15	22826.15	22670.6846	18	22412.15
abs1n25	6	 high	25	3	1	OU	 SP	16100.13	1310.83	6768.3	5214	4207	188676.5	7246.9435	0.294615	16245.9057	108.5954	16100.13	524	17500.13	16377.29	16106.1647	14	16128.91
abs1n25	6	 high	25	4	1	OU	 SP	17065.7	1322.8	6756.9	6638	2833	188676.5	8479.3569	0.294615	17402.72	132.6665	17065.7	525	17550.7	17276.83	17071.0859	13	17373.83
abs1n25	6	 high	25	5	1	OU	 SP	18171.39	1554.63	6535.2	8354	1788	188676.5	9700.2792	0.294615	18244.1892	50.7602	18182.83	524	18231.83	18231.83	19625.2929	13	18399.81
abs1n30	6	 high	30	3	1	OU	 SP	23434.08	2869.09	11316.0	7392	2232	201361.0	9794.8456	0.285484	23734.3446	221.9203	23445.09	521	23810.09	23810.09	23982.8249	13	23445.09
abs1n30	6	 high	30	4	1	OU	 SP	25459.24	2847.09	11339.1	9832	1570	201361.0	11479.487	0.285484	25504.1083	36.3501	25465.19	521	25588.19	25588.19	25979.5693	12	25531.94
abs1n30	6	 high	30	5	1	OU	 SP	26656.39	2928.63	11219.1	10916	1845	201361.0	13158.6587	0.285484	26873.4918	101.3212	26743.73	520	26908.73	26891.73	27517.6255	11	27156.15
abs1n35	6	 high	35	2	1	OU	 SP	22054.38	2733.38	11037.0	5426	3881	188912.5	7527.4534	0.285833	22212.5987	122.3688	22054.38	517	23078.38	23048.26	22329.2095	16	22350.26
abs1n35	6	 high	35	3	1	OU	 SP	23170.6	2642.9	11129.7	7202	2724	188912.5	8930.8054	0.285833	23408.0707	188.9741	23170.6	519	23698.6	23564.6	23591.1912	14	23246.46
abs1n35	6	 high	35	4	1	OU	 SP	23995.3	2647.24	11126.1	8024	2598	188912.5	10335.1759	0.285833	24163.7982	19.5734	24134.34	517	24395.34	24395.34	24682.3903	11	24674.86
abs1n35	6	 high	35	5	1	OU	 SP	25220.21	2674.31	11127.9	9400	2332	188912.5	11740.5659	0.285833	25306.379	59.5982	25220.21	518	25534.21	25534.21	26268.5252	10	26175.63
abs1n40	6	 high	40	2	1	OU	 SP	25660.17	3609.17	12978.0	6810	2907	198950.0	8940.4511	0.291707	25677.5082	28.9696	25660.17	513	26304.17	26304.17	25866.5053	11	26323.89
abs1n40	6	 high	40	3	1	OU	 SP	27036.66	3489.58	13110.3	8738	2081	198950.0	10651.5766	0.291707	27238.3333	86.9666	27143.88	515	27418.88	27418.88	27444.3395	12	27866.53
abs1n40	6	 high	40	4	1	OU	 SP	28464.16	3529.66	13084.5	9944	2162	198950.0	12366.9376	0.291707	28706.8373	127.7497	28464.16	515	28720.16	28720.16	29386.7126	11	28969.28
abs1n5	6	 high	5	2	1	OU	 SP	6390.14	476.64	2011.5	3196	706	72215.0	3761.379	0.265	6390.14	0.0	6390.14	6	6390.14	6390.14	6655.9048	10	6390.14
abs1n5	6	 high	5	3	1	OU	 SP	6984.32	447.52	2038.8	3686	812	72215.0	4872.9718	0.265	6984.5927	0.4671	6984.32	6	6984.32	6984.32	8806.24	11	6984.32
abs1n5	6	 high	5	4	1	OU	 SP	8667.77	509.57	1960.2	5540	658	72215.0	6015.5473	0.265	8673.83	3.3902	8667.77	31	8667.77	8667.77	13309.7494	9	8667.77
abs1n40	6	 high	40	5	1	OU	 SP	29903.17	3522.78	13060.5	12056	1733	198950.0	14071.183	0.291707	30145.792	33.3466	30109.28	511	30372.28	30313.62	31108.2087	10	30861.05
abs1n5	6	 high	5	5	1	OU	 SP	9494.58	533.38	1942.2	5776	1243	72215.0	7127.0788	0.265	9511.33	8.6217	9494.58	23	9494.58	9494.58	13755.0628	10	9494.58
abs1n45	6	 high	45	2	1	OU	 SP	25534.57	2573.67	13713.9	5070	6941	205188.5	8616.7386	0.295435	25636.11	98.1311	25534.57	512	28298.57	25996.81	25533.424	10	25589.33
abs1n45	6	 high	45	3	1	OU	 SP	26534.72	3395.32	13082.4	7800	2750	205188.5	10188.4087	0.295435	26611.07	100.6042	26534.72	512	27027.72	26969.16	27247.295	10	27033.09
abs1n45	6	 high	45	4	1	OU	 SP	27765.02	3516.42	12948.6	9194	2497	205188.5	11757.2773	0.295435	27893.3577	138.6316	27765.02	506	28156.02	28156.02	28809.5825	13	29009.02
abs1n45	6	 high	45	5	1	OU	 SP	29371.83	3436.93	13016.1	11354	1763	205188.5	13336.8935	0.295435	29607.2508	116.8848	29429.03	504	29570.03	29568.11	31376.0677	12	30988.3
abs2n15	6	 high	15	2	2	OU	 SP	12030.03	1227.33	4913.7	4767	1259	127623.5	5203.8355	0.3075	12030.5633	0.5164	12030.03	46	12168.03	12165.03	12707.9433	15	12030.03
abs1n50	6	 high	50	2	1	OU	 SP	29190.58	4222.28	15135.3	7196	2974	185596.0	10612.1853	0.299412	29541.9442	246.1023	29190.58	507	29527.58	29527.58	29580.4545	12	51887.02
abs2n10	6	 high	10	2	2	OU	 SP	9691.15	654.35	2515.8	5264	1401	155639.0	5268.6744	0.314545	9708.7612	16.0293	9691.15	293	9836.15	9834.9	10081.1797	17	9691.15
abs1n50	6	 high	50	3	1	OU	 SP	31022.27	4162.22	15164.4	10234	1755	185596.0	12734.6779	0.299412	31468.6807	267.6184	31230.62	506	31315.62	31315.62	34196.2054	14	31346.94
abs1n50	6	 high	50	4	1	OU	 SP	32936.75	4104.63	15196.2	12056	1803	185596.0	14861.4802	0.299412	33391.925	165.5792	33248.83	502	33159.83	33133.6	34815.8708	14	33998.9
abs2n20	6	 high	20	2	2	OU	 SP	14077.77	1634.17	6510.6	4670	1478	149622.5	5685.8653	0.294762	14079.1244	3.4193	14077.77	76	14292.77	14291.77	15353.9195	18	14077.77
abs1n50	6	 high	50	5	1	OU	 SP	34966.0	4085.18	15237.0	14224	1751	185596.0	16985.0503	0.299412	35307.5277	70.9631	35192.18	508	35297.18	35297.18	35851.7817	13	36837.61
abs2n10	6	 high	10	3	2	OU	 SP	11304.15	654.35	2515.8	6872	1312	155639.0	7172.6316	0.314545	11318.1823	32.4902	11304.15	566	11355.15	11351.15	11899.8879	13	11304.15
abs2n10	6	 high	10	4	2	OU	 SP	13179.11	716.51	2457.6	8708	1394	155639.0	9099.9502	0.314545	13200.1254	22.1408	13179.11	581	13277.11	13209.15	14275.1587	13	13209.15
abs2n10	6	 high	10	5	2	OU	 SP	14894.86	686.76	2480.1	10054	1674	155639.0	10966.0119	0.314545	14926.4964	39.3555	14894.86	563	14894.86	14894.86	16937.0669	11	14894.86
abs2n15	6	 high	15	3	2	OU	 SP	13131.14	1210.21	4884.9	5888	1227	127623.5	6460.6433	0.3075	13330.2673	120.5125	13175.11	548	13210.11	13210.11	13234.1275	11	13175.11
abs2n15	6	 high	15	4	2	OU	 SP	13939.74	1190.04	4964.7	6727	1115	127623.5	7725.2573	0.3075	13972.9975	42.1083	13939.74	530	13997.74	13997.7399	14499.6554	12	14020.74
abs2n15	6	 high	15	5	2	OU	 SP	15029.9	1203.9	4935.0	8250	656	127623.5	8974.2588	0.3075	15101.6373	66.876	15029.9	531	15045.9	15045.9	15818.3224	11	15232.96
abs2n20	6	 high	20	3	2	OU	 SP	14557.45	1603.19	6603.3	5136	1457	149622.5	6721.538	0.294762	14724.7429	35.8032	14688.49	529	14799.49	14798.49	15111.5824	14	14679.29
abs2n20	6	 high	20	4	2	OU	 SP	15258.26	1634.11	6552.0	5808	1450	149622.5	7757.2106	0.294762	15388.5808	74.28	15311.11	527	15444.11	15444.11	16099.2389	13	15269.68
abs2n20	6	 high	20	5	2	OU	 SP	16110.13	1580.13	6594.0	6576	1480	149622.5	8802.2137	0.294762	16184.36	32.4562	16110.13	527	16230.13	16230.13	17218.3022	11	16373.26
abs2n25	6	 high	25	2	2	OU	 SP	16783.95	1871.25	7007.7	5340	3090	176786.0	7080.9846	0.312308	16902.8825	115.2054	16783.95	550	17308.95	17279.71	17859.1281	16	16903.59
abs2n35	6	 high	35	2	2	OU	 SP	20258.96	1804.56	9623.4	3612	11703	205402.5	6942.0017	0.300278	20396.5173	42.0614	20258.96	92	26742.96	21532.84	20262.079	15	20314.84
abs2n30	6	 high	30	2	2	OU	 SP	19656.46	2390.96	9361.5	5298	3765	179408.0	6993.3694	0.297097	20004.5893	141.4168	19656.46	317	20816.46	20806.88	20367.9074	15	19976.96
abs2n25	6	 high	25	3	2	OU	 SP	18095.96	1838.96	7035.0	7092	2495	176786.0	8719.0568	0.312308	18210.6478	79.8296	18095.96	524	18460.96	18324.6	18330.8348	18	18255.6
abs2n25	6	 high	25	4	2	OU	 SP	19486.48	1852.88	7017.6	9023	1742	176786.0	10364.205	0.312308	19568.7969	90.7163	19486.48	525	19636.48	19636.48	19861.4519	13	19632.12
abs2n25	6	 high	25	5	2	OU	 SP	21094.65	1927.48	6949.5	10118	2275	176786.0	12012.9103	0.312308	21275.48	36.0793	21247.98	526	21269.98	21269.98	21644.3751	8	21222.67
abs2n30	6	 high	30	3	2	OU	 SP	20511.36	2384.96	9365.4	6236	3299	179408.0	8338.84	0.297097	20808.7646	132.299	20679.36	521	21285.36	21278.36	21672.4533	13	20684.36
abs2n30	6	 high	30	4	2	OU	 SP	21847.23	2398.23	9354.0	7474	3062	179408.0	9691.755	0.297097	21887.8108	33.6648	21847.23	520	22288.23	22249.01	22156.0266	12	21916.04
abs2n30	6	 high	30	5	2	OU	 SP	22962.4	2333.4	9411.0	8594	2914	179408.0	11031.9067	0.297097	23073.4511	121.2779	22962.4	519	23252.4	23252.4	24730.4654	9	23311.58
abs2n35	6	 high	35	3	2	OU	 SP	20826.32	2283.22	9242.4	7288	2833	205402.5	8299.0225	0.300278	21029.2255	61.3745	20970.62	517	21646.62	21646.62	21495.809	11	20897.24
abs2n35	6	 high	35	4	2	OU	 SP	21917.44	2266.92	9249.0	8134	2780	205402.5	9656.0433	0.300278	22032.894	23.1552	21997.92	519	22429.92	22391.5	22734.5779	10	22156.66
abs2n35	6	 high	35	5	2	OU	 SP	22991.28	2257.98	9252.3	9686	2185	205402.5	11018.3036	0.300278	23060.0067	46.2253	22991.28	518	23381.28	23344.52	24120.8607	9	23497.28
abs2n40	6	 high	40	2	2	OU	 SP	21735.7	1927.0	10136.7	3736	15976	210923.5	7428.1951	0.303659	21920.7755	76.6561	21735.7	513	31775.7	22826.29	21740.692	11	21941.42
abs2n40	6	 high	40	3	2	OU	 SP	22177.53	2610.03	9586.5	7360	3427	210923.5	8944.8226	0.303659	22196.28	15.9038	22177.53	516	22983.53	22983.53	23201.6	12	22741.17
abs2n40	6	 high	40	4	2	OU	 SP	23331.91	2643.43	9565.5	8564	3554	210923.5	10466.0183	0.303659	23628.563	53.0593	23570.93	513	24326.93	24298.53	23754.5601	10	23883.5
abs2n40	6	 high	40	5	2	OU	 SP	25075.44	2592.6	9576.3	10770	2766	210923.5	11986.6462	0.303659	25295.4678	31.2944	25247.9	512	25704.9	25704.9	26099.2262	9	25444.64
abs2n5	6	 high	5	2	2	OU	 SP	5720.43	421.73	1802.7	2576	919	49384.5	3087.5275	0.261667	5720.43	0.0	5720.43	22	5720.43	5720.43	5783.9249	11	5720.43
abs2n5	6	 high	5	3	2	OU	 SP	6547.93	413.23	1817.7	3314	1003	49384.5	4081.2356	0.261667	6553.315	4.9914	6547.93	54	6547.93	6547.93	6600.3314	12	6547.93
abs2n5	6	 high	5	5	2	OU	 SP	8715.6	460.3	1770.3	4761	1723	49384.5	6078.5393	0.261667	8733.6	12.0	8715.6	11	8715.6	8715.5999	7082.7592	10	8715.6
abs2n5	6	 high	5	4	2	OU	 SP	7445.77	461.07	1754.7	4810	420	49384.5	5089.775	0.261667	7466.925	9.7557	7445.77	79	7445.77	7445.77	8270.1747	12	7445.77
abs2n45	6	 high	45	2	2	OU	 SP	25494.47	3465.13	12828.6	6750	3775	204224.5	9872.4778	0.29587	25641.5433	126.5744	25496.73	514	26818.73	26818.73	25870.7152	12	26078.43
abs2n45	6	 high	45	3	2	OU	 SP	27231.73	3465.13	12828.6	9296	2341	204224.5	11810.3367	0.29587	28060.388	624.4523	27231.73	509	27930.73	27930.73	28815.8879	10	28049.88
abs2n45	6	 high	45	4	2	OU	 SP	28873.3	3326.7	12939.6	10830	2358	204224.5	13752.9745	0.29587	28951.9818	73.3001	28873.3	510	29455.3	29406.7	29984.1454	11	30490.7
abs3n10	6	 high	10	2	3	OU	 SP	8804.49	703.09	2930.4	3546	1786	118325.5	4005.7843	0.322727	8858.0023	2.9245	8804.49	97	8965.49	8892.93	8805.9759	13	8851.61
abs2n45	6	 high	45	5	2	OU	 SP	30861.55	3437.56	12851.1	12874	2336	204224.5	15689.0404	0.29587	31034.8233	47.5991	30977.66	504	31498.66	31488.42	33208.2461	12	33073.48
abs2n50	6	 high	50	2	2	OU	 SP	28969.82	3638.66	14752.8	7940	4305	222732.5	11038.9813	0.298824	30250.8669	861.5629	29162.46	510	30636.46	30457.34	29328.7101	13	28969.82
abs2n50	6	 high	50	3	2	OU	 SP	30898.83	3805.35	14598.6	10146	3000	222732.5	13153.5319	0.298824	31435.3771	462.4499	30960.95	506	31549.95	31526.1	33840.3124	14	32920.04
abs3n15	6	 high	15	2	3	OU	 SP	13779.1	1585.1	5541.0	4991	1770	184494.0	5503.1535	0.32875	13788.85	9.407	13779.1	188	13888.1	13876.95	14223.9353	17	13780.95
abs2n50	6	 high	50	4	2	OU	 SP	32518.33	3603.73	14791.2	12032	2791	222732.5	15272.3892	0.298824	32677.2715	44.9507	32636.93	501	33217.93	33183.1	34414.581	13	33060.93
abs2n50	6	 high	50	5	2	OU	 SP	34640.76	3671.06	14669.7	14050	2753	222732.5	17382.6332	0.298824	34770.8164	74.0808	34640.76	508	35143.76	35120.33	37790.9195	14	36313.39
abs3n20	6	 high	20	2	3	OU	 SP	14341.51	1601.01	5626.5	4678	2999	173451.0	4986.5268	0.300476	14357.4533	4.9046	14341.51	146	14904.51	14878.43	14491.0154	18	14355.43
abs3n10	6	 high	10	3	3	OU	 SP	9791.69	836.79	2808.9	4844	1327	118325.5	5299.5122	0.322727	9834.0388	35.354	9791.69	572	9816.69	9816.69	10279.8585	17	9830.75
abs3n10	6	 high	10	4	3	OU	 SP	10813.51	809.61	2862.9	5594	1546	118325.5	6582.3685	0.322727	10901.09	66.0833	10813.51	560	10813.51	10813.51	12298.7702	12	10951.55
abs3n10	6	 high	10	5	3	OU	 SP	11842.97	887.97	2781.0	6711	1461	118325.5	7888.8056	0.322727	11842.97	0.0	11842.97	534	11842.9699	11842.9699	13465.0923	8	11842.97
abs3n15	6	 high	15	3	3	OU	 SP	14911.33	1582.0	5532.6	6554	1345	184494.0	6979.893	0.32875	15100.5365	60.5443	15021.6	531	15013.6	15013.6	15511.0661	17	14981.77
abs3n25	6	 high	25	2	3	OU	 SP	18173.47	2200.67	7642.8	6680	2052	192264.0	7041.6766	0.313846	18250.1862	55.9072	18173.47	110	18576.47	18564.47	18508.0081	21	18188.57
abs3n15	6	 high	15	4	3	OU	 SP	15862.41	1556.71	5546.7	7543	1253	184494.0	8450.1271	0.32875	15960.1262	79.6599	15862.41	530	15901.41	15887.41	16210.6708	13	15862.41
abs3n15	6	 high	15	5	3	OU	 SP	17053.48	1594.58	5535.9	7492	2428	184494.0	9923.6138	0.32875	17092.44	41.0674	17053.48	530	17050.48	17050.48	18062.5691	10	17074.48
abs3n20	6	 high	20	3	3	OU	 SP	15110.44	1093.74	6053.7	5370	3676	173451.0	6292.4452	0.300476	15570.7687	90.4513	15110.44	527	16193.44	15667.75	15105.5223	16	15515.25
abs3n20	6	 high	20	4	3	OU	 SP	16628.08	1564.68	5654.4	7258	2338	173451.0	7592.8535	0.300476	16715.745	64.4675	16628.08	528	16815.08	16763.66	16806.8547	12	16924.17
abs3n30	6	 high	30	2	3	OU	 SP	22225.09	3226.29	11188.8	5344	3019	204549.0	7107.0878	0.307419	22234.985	5.6029	22225.09	188	22779.09	22765.09	22774.0571	20	22231.09
abs3n20	6	 high	20	5	3	OU	 SP	17639.79	1588.59	5629.2	8186	2272	173451.0	8896.0169	0.300476	17677.3633	28.753	17640.79	528	17676.79	17652.79	18128.6772	12	18058.36
abs3n25	6	 high	25	3	3	OU	 SP	19644.75	2067.45	7827.3	8494	1400	192264.0	8912.515	0.313846	20109.8723	301.784	19644.75	526	19788.75	19753.02	20160.7912	13	19697.02
abs3n25	6	 high	25	4	3	OU	 SP	21504.51	2030.11	7877.4	10112	1551	192264.0	10783.3533	0.313846	21677.6753	199.0087	21504.51	524	21570.51	21567.51	21914.5991	15	21514.36
abs3n25	6	 high	25	5	3	OU	 SP	23275.52	2042.52	7848.0	11668	1799	192264.0	12672.9	0.313846	23347.1485	86.5261	23275.52	524	23358.52	23358.52	24436.4667	13	23534.46
abs3n30	6	 high	30	3	3	OU	 SP	22794.46	3121.87	11271.0	6687	2182	204549.0	8286.3878	0.307419	22962.41	51.0906	22868.87	522	23263.87	23247.87	23397.0592	15	22965.11
abs3n30	6	 high	30	5	3	OU	 SP	24553.63	3114.53	11303.1	8389	1976	204549.0	10650.7944	0.307419	24660.8767	123.2733	24553.63	521	24784.63	24784.63	25519.6004	12	24817.39
abs3n30	6	 high	30	4	3	OU	 SP	23572.63	3123.67	11268.3	7669	2078	204549.0	9471.4965	0.307419	24078.1218	109.5577	23945.97	524	24140.97	24140.97	24164.6237	11	24182.75
abs3n35	6	 high	35	2	3	OU	 SP	25367.74	3668.84	12909.9	6492	2500	195931.0	9250.2331	0.313056	25595.5043	122.7477	25385.74	519	25570.74	25570.74	25616.6298	14	25609.78
abs3n35	6	 high	35	3	3	OU	 SP	27179.82	3622.92	12960.9	8538	1873	195931.0	11146.8497	0.313056	27260.8685	63.9122	27179.82	514	26994.82	26994.82	27969.7692	13	27334.02
abs3n35	6	 high	35	4	3	OU	 SP	28742.39	3600.19	12988.2	10431	1633	195931.0	13048.1609	0.313056	28813.3733	46.8645	28742.39	517	28653.39	28653.39	29693.5129	12	29461.24
abs3n35	6	 high	35	5	3	OU	 SP	30626.36	3599.27	12924.3	11882	2257	195931.0	14937.1515	0.313056	30927.0614	229.6075	30718.57	513	30662.57	30592.54	32654.247	14	31668.61
abs3n40	6	 high	40	2	3	OU	 SP	25796.93	3872.93	13374.0	4982	4307	195433.0	7860.3818	0.323659	25964.4411	106.8774	25796.93	514	26535.93	26521.61	26631.8008	9	25886.43
abs3n40	6	 high	40	3	3	OU	 SP	26082.19	3936.41	13332.6	5496	4086	195433.0	8962.7728	0.323659	26506.19	167.4154	26232.01	512	26852.01	26803.15	26610.8192	12	26652.27
abs3n40	6	 high	40	4	3	OU	 SP	27202.34	3799.5	13443.9	7692	2610	195433.0	10067.7304	0.323659	27369.5582	74.129	27310.4	515	27545.4	27545.4	27542.1721	11	27454.5
abs3n5	6	 high	5	2	3	OU	 SP	7822.09	503.49	1563.6	4204	1551	100922.0	6141.7388	0.395	7822.09	0.0	7822.09	2	7822.09	7822.09	8914.6469	15	7822.09
abs3n5	6	 high	5	3	3	OU	 SP	10655.59	486.39	1582.2	7290	1284	100922.0	8237.0082	0.395	10656.39	1.0328	10655.59	34	10642.59	10642.59	11906.8097	10	10655.59
abs3n45	6	 high	45	2	3	OU	 SP	26606.18	2605.58	14694.6	3376	15255	200749.0	7830.5469	0.32087	26996.5073	29.9015	26606.18	376	35931.18	27916.14	26602.397	11	26870.14
abs3n5	6	 high	5	4	3	OU	 SP	12116.61	465.81	1594.8	7006	3050	100922.0	10370.7229	0.395	12116.61	0.0	12116.61	29	12116.61	12116.61	16144.5501	6	12116.61
abs3n40	6	 high	40	5	3	OU	 SP	28060.16	3787.52	13437.9	8588	2459	195433.0	11172.3686	0.323659	28212.0945	30.7255	28160.42	514	28273.42	28257.1	28685.8184	11	28600.9
abs3n5	6	 high	5	5	3	OU	 SP	13633.16	631.86	1470.3	10786	745	100922.0	12499.7977	0.395	13643.0829	6.3234	13633.16	33	13633.16	13633.16	20148.1816	14	13633.16
abs4n10	6	 high	10	2	4	OU	 SP	9475.41	669.81	2865.6	4025	2197	112460.5	4958.1276	0.257273	9661.0473	96.0134	9475.41	51	9759.41	9757.22	10093.4631	11	9475.41
abs3n45	6	 high	45	3	3	OU	 SP	27224.46	3995.72	13542.3	6974	3436	200749.0	8847.8159	0.32087	27437.1745	150.227	27289.02	507	27948.02	27948.02	27438.7402	11	27224.46
abs3n45	6	 high	45	4	3	OU	 SP	27641.22	3982.78	13523.7	7858	2987	200749.0	9865.6825	0.32087	27921.4764	101.9603	27810.48	506	28351.48	28280.08	28471.9582	11	27892.18
abs3n45	6	 high	45	5	3	OU	 SP	28451.01	2784.61	14573.4	6730	6947	200749.0	10881.1598	0.32087	28559.0909	59.7787	28451.01	513	31035.01	28859.46	28477.6752	11	28575.12
abs3n50	6	 high	50	2	3	OU	 SP	28142.57	3933.27	14661.3	6628	3468	210041.0	9260.4774	0.32098	28527.785	268.4183	28142.57	509	28690.57	28690.57	29273.249	14	28916.37
abs3n50	6	 high	50	3	3	OU	 SP	29582.48	3906.88	14655.6	8448	3116	210041.0	10831.3161	0.32098	29755.1262	115.6145	29582.48	510	30126.48	29897.76	30659.0027	13	42704.28
abs4n15	6	 high	15	2	4	OU	 SP	10983.97	815.57	4091.4	5252	1100	125072.0	5402.7339	0.251875	11050.3033	55.2328	10983.97	160	11259.97	11248.97	12252.5496	15	10983.97
abs3n50	6	 high	50	4	3	OU	 SP	30895.62	3816.75	14756.4	9832	3152	210041.0	12405.3638	0.32098	31210.2715	82.8458	31128.15	502	31557.15	31400.58	32164.3262	13	70709.19
abs3n50	6	 high	50	5	3	OU	 SP	32277.84	3878.52	14662.8	12224	2210	210041.0	13979.012	0.32098	33136.6608	67.5808	33026.32	509	32975.32	32975.32	34118.4509	12	34538.82
abs4n10	6	 high	10	3	4	OU	 SP	11012.86	699.76	2819.1	5896	1729	112460.5	6487.4855	0.257273	11074.9613	92.8203	11012.86	539	11143.86	11054.86	11434.3083	15	11078.26
abs4n10	6	 high	10	4	4	OU	 SP	12046.01	698.71	2817.3	7025	1489	112460.5	8020.8469	0.257273	12064.6285	29.7986	12046.01	548	12031.01	12031.01	13234.6806	13	12232.96
abs4n10	6	 high	10	5	4	OU	 SP	13980.45	695.55	2835.9	8148	2284	112460.5	9538.2358	0.257273	14054.56	56.5144	13980.45	560	13963.45	13963.45	15553.7213	14	14086.95
abs4n15	6	 high	15	3	4	OU	 SP	12081.23	809.93	4092.3	5980	1275	125072.0	6741.2551	0.251875	12125.4614	24.106	12081.23	531	12157.23	12153.23	12297.7591	14	12166.77
abs4n15	6	 high	15	4	4	OU	 SP	13137.87	778.27	4137.6	6546	1762	125072.0	8096.0672	0.251875	13217.255	85.1338	13137.87	531	13223.87	13223.87	13781.1384	12	13169.31
abs4n15	6	 high	15	5	4	OU	 SP	14353.17	784.87	4128.3	7864	1620	125072.0	9422.9451	0.251875	14361.49	7.0698	14353.17	531	14398.17	14398.17	14841.5268	15	14470.01
abs4n20	6	 high	20	2	4	OU	 SP	14883.52	1178.52	5610.0	5796	2628	182400.0	7437.3615	0.27	15010.5029	74.2696	14883.52	529	15212.52	15212.52	15234.0204	21	14980.44
abs4n25	6	 high	25	2	4	OU	 SP	15824.92	1228.12	7180.8	3538	7182	175022.5	6115.8597	0.270769	16414.1242	13.3884	15824.92	205	19128.92	17104.09	15824.711	19	16439.34
abs4n20	6	 high	20	3	4	OU	 SP	16470.42	1162.6	5637.6	8158	1855	182400.0	9300.558	0.27	16874.4607	130.7879	16698.2	528	16813.2	16813.2	16713.617	15	16596.2
abs4n20	6	 high	20	4	4	OU	 SP	18266.53	1205.63	5565.9	10000	1584	182400.0	11166.131	0.27	18357.5133	109.8039	18266.53	528	18355.53	18355.53	18858.2178	9	18599.73
abs4n20	6	 high	20	5	4	OU	 SP	19712.69	1167.92	5625.9	10908	2119	182400.0	13016.2838	0.27	19794.2745	18.8805	19780.82	529	19820.82	19820.82	20488.8844	11	19901.29
abs4n30	6	 high	30	2	4	OU	 SP	17606.61	1776.09	7849.8	5338	4134	173807.0	6704.3975	0.268387	17736.628	54.5607	17631.89	276	19097.89	19090.77	17999.8623	15	17606.61
abs4n25	6	 high	25	3	4	OU	 SP	16859.68	1588.28	6797.4	5976	3116	175022.5	7301.4496	0.270769	16936.2644	80.8587	16859.68	524	17477.68	17414.72	17152.2267	16	17039.68
abs4n25	6	 high	25	4	4	OU	 SP	17722.0	1526.5	6859.5	7498	2308	175022.5	8495.9142	0.270769	18008.53	200.3312	17722.0	526	18193.0	18173.07	18462.0001	11	17722.0
abs4n25	6	 high	25	5	4	OU	 SP	18704.88	1544.78	6866.1	7952	2549	175022.5	9675.1627	0.270769	19018.9845	207.3881	18704.88	526	18911.88	18889.8799	19770.365	11	18860.09
abs4n30	6	 high	30	3	4	OU	 SP	18632.28	1716.08	7912.2	6114	3861	173807.0	8101.8847	0.268387	18780.1914	120.8529	18647.28	523	19603.28	19603.28	18955.6792	14	18869.74
abs4n30	6	 high	30	4	4	OU	 SP	19611.29	1782.49	7843.8	7386	3371	173807.0	9500.6332	0.268387	19742.495	132.9681	19611.29	522	20383.29	20378.67	20480.6564	14	19999.45
abs4n30	6	 high	30	5	4	OU	 SP	20837.5	1719.1	7904.4	9062	2532	173807.0	10900.6447	0.268387	21072.9023	146.5821	20837.5	521	21217.5	21217.5	21800.9147	13	21067.49
abs4n35	6	 high	35	2	4	OU	 SP	19796.9	2365.92	9249.9	5802	3574	176871.0	7917.1245	0.2725	20078.9194	112.2192	19990.82	518	20991.82	20846.14	20202.116	17	19796.9
abs4n35	6	 high	35	3	4	OU	 SP	21301.1	2356.5	9261.6	7922	2191	176871.0	9522.3668	0.2725	21508.348	101.3368	21301.1	519	21731.1	21731.1	21353.0191	10	21521.38
abs4n35	6	 high	35	4	4	OU	 SP	22720.94	2389.15	9217.5	9241	2285	176871.0	11132.9778	0.2725	23008.1136	140.0269	22811.65	519	23133.65	23103.49	23366.2491	11	23584.77
abs4n35	6	 high	35	5	4	OU	 SP	24161.58	2305.16	9305.1	10814	2056	176871.0	12729.5001	0.2725	24299.3389	43.2694	24248.26	515	24480.26	24480.26	25862.3572	9	25087.29
abs4n40	6	 high	40	2	4	OU	 SP	21352.41	1841.51	10434.9	3908	12730	205643.5	7532.3549	0.277805	21967.71	38.6587	21352.41	515	28914.41	23476.83	21346.6782	10	22171.49
abs4n40	6	 high	40	3	4	OU	 SP	22411.16	2408.56	9912.6	7346	3789	205643.5	8772.7723	0.277805	22507.3336	43.6463	22411.16	512	23456.16	23431.76	23027.3517	11	22458.42
abs4n40	6	 high	40	4	4	OU	 SP	23086.22	2396.52	9932.7	8152	3404	205643.5	10013.1898	0.277805	23198.1067	137.7878	23086.22	514	23885.22	23871.2997	23884.9144	9	23172.38
abs4n5	6	 high	5	2	4	OU	 SP	5428.15	308.85	1515.3	2418	1237	43736.5	3279.5583	0.258333	5428.15	0.0	5428.15	3	5480.15	5480.15	5987.6209	9	5428.15
abs4n5	6	 high	5	3	4	OU	 SP	6240.61	287.01	1542.6	4002	409	43736.5	4321.0015	0.258333	6243.9736	8.2009	6240.61	22	6240.61	6240.61	7074.226	11	6240.61
abs4n40	6	 high	40	5	4	OU	 SP	24329.99	2306.95	10005.9	9468	3055	205643.5	11258.3964	0.277805	24373.4544	19.1077	24351.85	514	24836.85	24825.33	24756.7088	9	24492.17
abs4n45	6	 high	45	2	4	OU	 SP	26234.92	3284.82	13505.1	6440	4204	207204.5	10341.8742	0.278261	26560.1845	197.224	26234.92	513	27433.92	27425.18	26849.8354	11	26779.25
abs4n45	6	 high	45	3	4	OU	 SP	27746.62	3290.32	13486.8	9121	2713	207204.5	12116.2673	0.278261	27999.655	205.337	27791.12	512	28612.12	28433.48	28077.7942	12	28200.02
abs4n5	6	 high	5	4	4	OU	 SP	7167.49	349.89	1473.6	4794	550	43736.5	5393.7132	0.258333	7168.1567	0.5164	7167.49	21	7167.49	7167.49	10181.1347	6	7167.49
abs4n45	6	 high	45	4	4	OU	 SP	29299.94	3306.42	13426.5	10692	2279	207204.5	13887.6683	0.278261	29418.626	28.9144	29381.92	510	29703.92	29606.7	30965.6817	10	30357.45
abs4n5	6	 high	5	5	4	OU	 SP	8846.89	371.09	1441.8	5892	1142	43736.5	6423.9157	0.258333	8848.3082	0.672	8846.89	27	8846.89	8846.89	11795.5257	11	8846.89
abs5n10	6	 high	10	2	5	OU	 SP	9702.52	1130.12	3554.4	3031	2076	94256.0	4642.6769	0.374545	9731.3182	14.9037	9712.52	57	9793.52	9779.52	10135.0413	11	9702.52
abs4n45	6	 high	45	5	4	OU	 SP	30644.86	3195.4	13562.1	12078	2191	207204.5	15663.0589	0.278261	30895.5225	94.9869	30787.5	506	31026.5	31008.09	31887.6576	12	31484.81
abs4n50	6	 high	50	2	4	OU	 SP	29931.03	4251.53	15937.5	7116	4316	222896.5	11980.7261	0.281765	30069.635	160.8258	29931.03	506	31621.03	31502.29	30023.8884	12	30477.93
abs4n50	6	 high	50	3	4	OU	 SP	31635.54	4143.94	16071.6	8980	3710	222896.5	13930.4491	0.281765	31892.5485	111.1636	31635.54	506	32905.54	32905.54	33539.2414	13	33527.95
abs4n50	6	 high	50	4	4	OU	 SP	33750.45	4273.31	15928.2	10924	3677	222896.5	15880.1722	0.281765	34033.7262	159.2898	33787.51	509	34802.51	34802.51	34714.415	13	35129.73
abs5n10	6	 high	10	3	5	OU	 SP	10331.04	1139.04	3549.0	4332	1322	94256.0	5713.2709	0.374545	10331.04	0.0	10331.04	307	10343.04	10343.04	10567.9018	16	10379.59
abs4n50	6	 high	50	5	4	OU	 SP	35574.25	4175.71	16029.6	13368	2876	222896.5	17839.5473	0.281765	35966.57	31.8611	35911.31	500	36449.31	36432.98	38675.3523	13	37253.4
abs5n10	6	 high	10	4	5	OU	 SP	11082.13	1077.53	3591.6	5267	1145	94256.0	6786.1047	0.374545	11082.13	0.0	11082.13	531	11082.13	11082.13	11592.9206	14	11124.04
abs5n15	6	 high	15	2	5	OU	 SP	11154.63	1086.11	3721.5	4884	1611	118284.0	5736.4543	0.37375	11302.3033	9.3915	11291.61	543	11303.61	11303.61	11597.8243	18	11154.63
abs5n10	6	 high	10	5	5	OU	 SP	12031.56	1146.51	3540.0	5995	1350	94256.0	7861.1852	0.374545	12034.1254	3.0697	12032.51	560	12032.51	12032.51	13118.5045	13	12040.97
abs5n15	6	 high	15	3	5	OU	 SP	12200.14	1148.54	3660.6	5864	1753	118284.0	7310.3014	0.37375	12327.7853	80.9058	12200.14	530	12427.14	12314.14	12743.5353	15	12316.04
abs5n15	6	 high	15	4	5	OU	 SP	13824.46	1102.64	3702.0	7400	1671	118284.0	8895.7637	0.37375	13910.7564	85.8843	13835.64	531	13875.64	13851.64	14260.3007	11	13835.64
abs5n15	6	 high	15	5	5	OU	 SP	15045.16	1109.96	3694.2	8934	1383	118284.0	10465.2485	0.37375	15127.195	83.5318	15045.16	531	15121.16	15096.1595	15814.6741	14	15454.65
abs5n20	6	 high	20	2	5	OU	 SP	16414.07	1900.87	6340.2	6856	1258	172582.0	8824.9334	0.352857	16484.8069	52.9626	16414.07	546	16355.07	16355.07	17030.1114	13	16475.35
abs5n20	6	 high	20	3	5	OU	 SP	18413.39	1939.67	6319.8	9096	1017	172582.0	10967.2278	0.352857	18709.0425	236.133	18446.47	528	18372.47	18350.95	18554.1156	16	18413.39
abs5n20	6	 high	20	4	5	OU	 SP	20312.46	1775.96	6460.5	10776	1229	172582.0	13116.9867	0.352857	20429.3175	73.519	20316.46	528	20241.46	20241.46	21180.5722	16	20699.77
abs5n20	6	 high	20	5	5	OU	 SP	22524.15	1862.32	6374.4	12816	1392	172582.0	15256.793	0.352857	22682.92	81.0589	22580.72	527	22444.72	22444.72	23300.7579	11	22679.12
abs5n25	6	 high	25	2	5	OU	 SP	18897.34	2436.04	8571.3	6136	1905	165277.0	10144.4265	0.334615	19037.6131	94.8545	18897.34	525	19049.34	19014.84	19007.7846	16	18897.34
abs5n25	6	 high	25	3	5	OU	 SP	20470.56	2436.5	8568.0	8528	1466	165277.0	12145.9297	0.334615	21025.9906	98.2717	20851.5	524	20998.5	20988.5	21363.3671	17	20881.39
abs5n25	6	 high	25	4	5	OU	 SP	22614.85	2444.1	8567.4	10196	1617	165277.0	14154.8735	0.334615	22707.5229	52.3714	22638.5	525	22824.5	22822.5	23101.1553	14	22882.45
abs5n25	6	 high	25	5	5	OU	 SP	24529.08	2451.68	8570.4	11752	1856	165277.0	16144.2924	0.334615	24645.1908	89.5305	24529.08	524	24630.08	24630.08	25986.4533	13	24731.7
abs5n30	6	 high	30	2	5	OU	 SP	18135.65	2427.81	8637.0	4844	2801	154354.0	7002.1876	0.33129	18414.464	266.0378	18170.81	522	18710.81	18682.81	18653.8887	15	18135.65
abs5n30	6	 high	30	3	5	OU	 SP	19439.1	2382.4	8639.7	6786	1889	154354.0	8329.6014	0.33129	19508.9036	35.5007	19439.1	520	19697.1	19643.85	19826.0081	14	19439.1
abs5n30	6	 high	30	4	5	OU	 SP	20776.96	2344.3	8703.9	7492	2302	154354.0	9661.714	0.33129	20841.1518	37.4907	20799.2	522	20842.2	20837.2	20933.756	11	21186.17
abs5n30	6	 high	30	5	5	OU	 SP	21740.45	2333.35	8720.1	8648	2122	154354.0	10990.3025	0.33129	21851.086	100.7747	21740.45	521	21823.45	21823.45	22399.1925	10	22630.33
abs5n35	6	 high	35	2	5	OU	 SP	20519.06	2618.26	9724.8	5572	3483	186176.0	7670.1835	0.319167	20604.71	85.764	20519.06	517	21399.06	21369.06	20987.9521	16	20526.06
abs5n35	6	 high	35	3	5	OU	 SP	21944.89	1905.89	10326.0	5406	9268	186176.0	9056.9152	0.319167	22149.8257	159.7684	21944.89	515	26905.89	22064.72	21950.483	14	21948.67
abs5n35	6	 high	35	4	5	OU	 SP	22940.22	2729.52	9566.7	8650	2293	186176.0	10448.1059	0.319167	22991.7909	49.3123	22955.22	516	23239.22	23239.22	23982.8093	11	23326.31
abs5n35	6	 high	35	5	5	OU	 SP	24428.13	2568.53	9726.6	10200	2038	186176.0	11830.3786	0.319167	24506.1355	69.2578	24428.13	520	24533.13	24533.13	25513.8966	11	24492.24
abs5n40	6	 high	40	2	5	OU	 SP	23834.76	3375.86	12111.9	5862	3422	180550.5	8986.2375	0.318049	24052.3308	164.5559	23893.76	516	24772.76	24761.76	24056.7552	13	24448.47
abs5n40	6	 high	40	3	5	OU	 SP	25240.04	3252.74	12237.3	6894	3373	180550.5	10413.2363	0.318049	25375.4233	103.2527	25240.04	511	25758.04	25603.3	26393.1538	12	25762.76
abs5n40	6	 high	40	4	5	OU	 SP	26137.8	3374.98	12121.5	8498	2737	180550.5	11840.235	0.318049	26480.3887	156.0592	26293.48	516	26731.48	26717.91	26704.3066	8	26893.42
abs5n40	6	 high	40	5	5	OU	 SP	27572.97	3236.97	12261.0	10152	2091	180550.5	13273.871	0.318049	27612.6478	19.7002	27572.97	511	27741.97	27741.44	28150.1368	9	28392.35
abs5n5	6	 high	5	2	5	OU	 SP	4871.89	570.09	1483.8	2622	196	33031.0	3947.0239	0.391667	4897.412	19.5341	4871.89	10	4871.89	4871.89	5249.0387	20	4871.89
abs5n5	6	 high	5	4	5	OU	 SP	6921.9	635.2	1433.7	3458	1395	33031.0	6000.4478	0.391667	6923.7	1.5492	6921.9	33	6921.9	6921.9	9800.6504	10	6921.9
abs5n5	6	 high	5	3	5	OU	 SP	5924.34	532.84	1507.5	3612	272	33031.0	4965.3886	0.391667	5926.4686	1.3085	5924.34	54	5924.34	5924.34	7461.7339	14	5924.34
abs5n45	6	 high	45	2	5	OU	 SP	26029.13	2608.68	14852.4	2822	12765	163754.0	9041.3095	0.312826	26588.204	31.5067	26038.08	512	33048.08	27558.08	26039.2416	10	27220.54
abs5n5	6	 high	5	5	5	OU	 SP	8322.32	663.02	1422.3	5392	845	33031.0	7069.3534	0.391667	8323.195	0.6409	8322.32	67	8322.32	8322.32	5617.8324	8	8322.32
abs5n45	6	 high	45	3	5	OU	 SP	26928.64	3720.84	13969.8	6276	3511	163754.0	10057.6221	0.312826	27176.185	220.5858	26928.64	508	27477.64	27462.67	27684.6525	10	26963.59
abs5n45	6	 high	45	4	5	OU	 SP	27330.19	3774.99	13927.2	7470	2456	163754.0	11077.7735	0.312826	27461.0973	166.0331	27330.19	511	27628.19	27627.31	28140.6154	11	27484.43
abs5n45	6	 high	45	5	5	OU	 SP	28064.93	3803.83	13886.1	8152	2446	163754.0	12092.7139	0.312826	28077.005	11.1826	28064.93	505	28287.93	28206.41	29012.1302	12	28688.78
abs1n15	6	 low	15	2	1	OU	 SP	6198.48	111.39	519.09	3632	2383	125773.0	2639.2582	0.026875	6253.97	47.6491	6198.48	105	6646.48	6637.52	6594.6701	12	6227.48
abs1n10	6	 low	10	2	1	OU	 SP	5894.28	83.1	327.18	5034	537	102097.5	3553.1793	0.029091	5919.7744	34.2276	5894.28	263	5981.28	5981.28	6419.2298	16	5894.28
abs5n50	6	 high	50	2	5	OU	 SP	28011.2	3891.2	14574.0	6802	3717	202575.0	11030.7536	0.312157	28252.2793	198.8208	28011.2	505	28984.2	28980.2	28491.8621	14	28308.54
abs5n50	6	 high	50	3	5	OU	 SP	29729.52	3741.37	14651.4	8982	3038	202575.0	12872.7113	0.312157	30145.5946	166.4233	29911.77	512	30412.77	30412.77	30961.2245	13	30573.31
abs5n50	6	 high	50	4	5	OU	 SP	31522.25	3877.75	14521.5	10788	2818	202575.0	14717.5072	0.312157	31565.905	50.8097	31522.25	502	32005.25	31947.39	33012.5995	14	33194.47
abs5n50	6	 high	50	5	5	OU	 SP	33642.76	3795.18	14592.3	12878	2527	202575.0	16563.2503	0.312157	33742.6838	87.8916	33645.48	502	33792.48	33792.48	34781.5044	13	37079.52
abs1n15	6	 low	15	3	1	OU	 SP	7131.33	114.79	516.54	4803	1851	125773.0	3745.8648	0.026875	7142.0569	11.421	7131.33	407	7286.33	7285.84	7372.3468	16	7131.33
abs1n20	6	 low	20	2	1	OU	 SP	7679.16	153.21	628.95	4890	2791	143179.5	3587.9339	0.027619	7696.324	21.3699	7679.16	235	8464.16	8448.16	8908.8664	20	7679.16
abs1n10	6	 low	10	3	1	OU	 SP	7383.32	84.37	325.95	5486	1518	102097.5	5193.269	0.029091	7475.6662	44.7176	7383.32	567	7414.32	7414.32	7914.3945	13	7454.16
abs1n10	6	 low	10	4	1	OU	 SP	8804.99	81.68	329.31	7068	1338	102097.5	6848.4747	0.029091	8804.99	0.0	8804.99	538	8816.99	8816.99	9632.9402	12	8804.99
abs1n10	6	 low	10	5	1	OU	 SP	10359.85	81.08	328.77	9336	614	102097.5	8473.4483	0.029091	10478.5283	72.9617	10359.85	534	10359.85	10359.85	11250.671	18	10440.85
abs1n25	6	 low	25	2	1	OU	 SP	8207.18	120.81	677.37	3538	7763	188676.5	2727.7157	0.028462	8420.45	6.0394	8207.18	104	12099.18	8655.85	8212.7881	16	8418.85
abs1n15	6	 low	15	4	1	OU	 SP	8252.19	107.67	524.52	5332	2360	125773.0	4847.5965	0.026875	8276.9242	18.4523	8252.19	530	8324.19	8324.19	8589.4255	12	8282.21
abs1n15	6	 low	15	5	1	OU	 SP	9033.21	112.6	518.61	6498	2003	125773.0	5951.7656	0.026875	9123.4347	99.1535	9033.21	530	9132.21	9132.21	9799.2705	15	9269.48
abs1n20	6	 low	20	3	1	OU	 SP	9212.65	154.23	627.42	6486	2303	143179.5	5250.3509	0.027619	9291.3115	74.9762	9212.65	528	9570.65	9559.65	9867.4339	13	9299.32
abs1n20	6	 low	20	4	1	OU	 SP	10640.97	155.35	625.62	8241	1847	143179.5	6920.8379	0.027619	10778.7593	117.5421	10640.97	527	10870.9699	10870.9699	11091.7621	15	10643.31
abs1n30	6	 low	30	2	1	OU	 SP	9675.75	298.75	1113.0	6308	2367	201361.0	3832.1917	0.027742	9688.2967	7.2715	9675.75	258	10087.75	10083.53	9925.676	18	9676.53
abs1n20	6	 low	20	5	1	OU	 SP	12189.35	152.98	626.37	9890	1638	143179.5	8575.1848	0.027619	12489.9393	100.8094	12299.35	529	12307.35	12307.35	13073.1593	14	12597.23
abs1n25	6	 low	25	3	1	OU	 SP	8791.27	152.52	652.11	6664	1632	188676.5	3954.3835	0.028462	8886.6821	46.3211	8830.63	524	9101.63	9094.06	9053.5949	14	8791.27
abs1n25	6	 low	25	4	1	OU	 SP	9855.33	153.3	654.03	7572	1592	188676.5	5186.7969	0.028462	9917.256	41.905	9855.33	525	9971.33	9968.02	10299.5294	15	9994.02
abs1n25	6	 low	25	5	1	OU	 SP	10892.6	146.59	658.95	9014	1257	188676.5	6407.7192	0.028462	11059.8354	13.5157	11029.54	525	11076.54	11052.22	11387.5059	13	11080.22
abs1n30	6	 low	30	3	1	OU	 SP	10674.57	282.97	1131.6	7278	2346	201361.0	5508.3256	0.027742	10717.1191	42.7056	10674.57	522	11039.5699	11039.5699	11481.8235	11	10674.57
abs1n30	6	 low	30	4	1	OU	 SP	12466.69	284.84	1130.22	9722	1680	201361.0	7192.967	0.027742	12828.5427	142.432	12690.06	520	12818.06	12818.06	13304.3015	11	12553.9
abs1n30	6	 low	30	5	1	OU	 SP	13890.94	276.65	1136.61	11124	1678	201361.0	8872.1387	0.027742	14291.235	151.8716	14155.26	522	14215.26	14214.26	15034.512	12	14401.22
abs1n35	6	 low	35	2	1	OU	 SP	9428.89	225.3	1141.59	4452	7139	188912.5	3276.0334	0.0275	9655.2908	42.3103	9428.89	519	12957.89	10615.9	9433.9331	13	9732.96
abs1n35	6	 low	35	3	1	OU	 SP	10629.33	249.91	1114.89	7208	2820	188912.5	4679.3854	0.0275	10859.2908	127.0603	10745.8	516	11392.8	11142.1	11378.3487	13	11093.63
abs1n35	6	 low	35	4	1	OU	 SP	11705.9	252.63	1110.78	7972	2719	188912.5	6083.7559	0.0275	11779.825	77.2087	11724.41	520	12054.41	12054.41	12633.1715	12	11974.22
abs1n35	6	 low	35	5	1	OU	 SP	12782.67	251.88	1112.79	9372	2391	188912.5	7489.1459	0.0275	12841.43	83.5725	12782.67	517	13127.67	13127.67	14146.5643	12	13688.4
abs1n40	6	 low	40	2	1	OU	 SP	10665.41	339.59	1310.82	6468	3365	198950.0	3974.0711	0.028293	10730.4645	39.0216	10665.41	514	11483.41	11359.11	11094.2758	11	10824.29
abs1n40	6	 low	40	3	1	OU	 SP	12024.37	343.45	1303.92	8288	2462	198950.0	5685.1966	0.028293	12154.2627	115.5884	12024.37	514	12397.37	12383.67	12676.4828	11	12233.68
abs1n40	6	 low	40	4	1	OU	 SP	13465.51	341.72	1307.79	10047	2087	198950.0	7400.5576	0.028293	13497.205	28.4404	13465.51	511	13784.51	13780.51	14679.9486	12	14021.86
abs1n5	6	 low	5	2	1	OU	 SP	4147.11	43.96	201.15	2788	1114	72215.0	2405.859	0.025	4147.6814	1.4525	4147.11	7	4147.11	4147.11	4414.7348	14	4147.11
abs1n5	6	 low	5	3	1	OU	 SP	4743.11	41.23	203.88	3686	812	72215.0	3517.4518	0.025	4743.6889	0.5073	4743.11	7	4743.11	4743.11	6084.7378	19	4743.11
abs1n40	6	 low	40	5	1	OU	 SP	14906.64	343.97	1303.77	11428	2171	198950.0	9104.803	0.028293	15056.4378	19.0243	15041.74	513	15246.74	15246.74	16032.7209	9	15541.95
abs1n5	6	 low	5	5	1	OU	 SP	7262.39	49.17	194.22	5776	1243	72215.0	5771.5588	0.025	7276.5567	10.5909	7262.39	28	7262.39	7262.39	11552.2828	6	7262.39
abs1n5	6	 low	5	4	1	OU	 SP	6441.39	47.4	195.99	5132	1066	72215.0	4660.0273	0.025	6444.1754	2.0552	6441.39	21	6441.39	6441.39	11106.9694	13	6441.39
abs1n45	6	 low	45	2	1	OU	 SP	10596.61	337.09	1302.24	6096	3603	205188.5	3688.1586	0.028696	10775.4043	62.5663	10695.33	511	11338.33	11133.29	11902.7961	14	10596.61
abs1n45	6	 low	45	3	1	OU	 SP	11620.77	330.25	1310.52	8014	2495	205188.5	5259.8287	0.028696	11731.9336	130.6962	11620.77	508	12149.77	12128.61	12575.9687	11	12358.26
abs1n45	6	 low	45	4	1	OU	 SP	12906.85	352.41	1289.49	9402	2295	205188.5	6828.6973	0.028696	13111.8808	121.8073	12993.9	514	13339.9	13339.9	13887.8073	12	14314.45
abs1n45	6	 low	45	5	1	OU	 SP	14554.4	347.6	1296.57	10886	2151	205188.5	8408.3135	0.028696	14693.2655	61.7195	14601.17	509	14681.17	14681.17	15534.2253	11	15531.31
abs1n50	6	 low	50	2	1	OU	 SP	11759.6	413.07	1513.53	7196	2974	185596.0	4881.7053	0.02902	12001.1931	200.5329	11759.6	505	12096.6	12096.6	12388.0778	13	12553.17
abs1n50	6	 low	50	3	1	OU	 SP	13595.68	411.14	1511.58	9930	2076	185596.0	7004.1979	0.02902	13997.1233	203.2787	13776.72	507	13928.72	13913.18	16893.8526	12	14037.56
abs2n15	6	 low	15	2	2	OU	 SP	6503.96	123.59	491.37	4768	1258	127623.5	2720.5555	0.03125	6504.5314	0.5136	6503.96	39	6641.96	6638.96	6732.1518	14	6503.96
abs2n10	6	 low	10	2	2	OU	 SP	6839.39	66.81	251.58	5263	1401	155639.0	3912.2544	0.032727	6858.2486	14.2773	6839.39	180	6984.39	6980.14	7003.8447	21	6839.39
abs2n20	6	 low	20	2	2	OU	 SP	6732.73	165.21	658.68	4544	1583	149622.5	2349.3853	0.03	6740.9721	4.8827	6736.89	99	6950.89	6950.89	7250.0354	19	6732.73
abs1n50	6	 low	50	4	1	OU	 SP	15775.98	409.98	1515.0	11922	1906	185596.0	9131.0002	0.02902	15813.89	21.903	15775.98	501	15752.98	15738.59	16193.3292	13	16688.11
abs1n50	6	 low	50	5	1	OU	 SP	17457.51	411.38	1513.29	13896	1972	185596.0	11254.5703	0.02902	17779.9214	117.0529	17668.67	508	17792.67	17792.67	19049.9233	14	19577.78
abs2n10	6	 low	10	3	2	OU	 SP	8406.82	69.19	249.63	6982	1198	155639.0	5816.2116	0.032727	8449.0314	43.299	8406.82	561	8499.82	8499.39	9006.3271	14	8567.81
abs2n10	6	 low	10	4	2	OU	 SP	10351.39	66.81	251.58	8684	1355	155639.0	7743.5302	0.032727	10388.4692	34.6014	10351.39	533	10357.39	10357.39	11083.0835	13	10377.78
abs2n10	6	 low	10	5	2	OU	 SP	12046.26	70.25	248.01	10360	1368	155639.0	9609.5919	0.032727	12123.6767	43.4542	12046.26	580	12046.26	12046.26	19024.5747	12	12149.26
abs2n15	6	 low	15	3	2	OU	 SP	7573.57	82.54	531.03	4828	2823	127623.5	3977.3633	0.03125	7731.4679	41.2758	7573.57	531	8264.57	7724.03	7573.6869	14	7709.7
abs2n15	6	 low	15	4	2	OU	 SP	8400.94	124.73	492.21	6715	1125	127623.5	5241.9773	0.03125	8437.44	51.6446	8400.94	531	8458.94	8458.94	9025.5628	10	8417.94
abs2n15	6	 low	15	5	2	OU	 SP	9505.96	123.59	491.37	8005	901	127623.5	6490.9788	0.03125	9532.5921	42.607	9505.96	530	9521.96	9521.96	10339.1037	14	9505.96
abs2n20	6	 low	20	3	2	OU	 SP	7209.5	158.91	664.59	5184	1403	149622.5	3385.058	0.03	7340.8395	68.7807	7209.5	527	7410.5	7410.5	7706.6837	19	7302.67
abs2n20	6	 low	20	4	2	OU	 SP	7894.14	170.51	654.63	5912	1311	149622.5	4420.7306	0.03	7940.9986	47.2182	7894.14	528	8048.14	8047.14	8637.768	14	7904.33
abs2n20	6	 low	20	5	2	OU	 SP	8732.82	164.42	659.4	6588	1481	149622.5	5465.7337	0.03	8792.367	59.926	8732.82	527	8892.82	8879.82	9644.9149	10	9057.83
abs2n25	6	 low	25	2	2	OU	 SP	8745.3	183.82	699.48	5482	3000	176786.0	3568.8246	0.031538	9058.2884	204.8105	8745.3	526	9365.3	9284.3	8973.0134	19	8745.3
abs2n30	6	 low	30	2	2	OU	 SP	9079.34	239.19	936.15	5298	3766	179408.0	3084.9694	0.029677	9383.82	181.2384	9079.34	367	10239.34	10239.34	9121.2066	14	9272.34
abs2n25	6	 low	25	3	2	OU	 SP	10006.78	180.38	704.22	7282	2167	176786.0	5206.8968	0.031538	10344.7444	121.1961	10193.6	526	10333.6	10333.6	10496.7374	16	10193.6
abs2n25	6	 low	25	4	2	OU	 SP	11507.86	187.02	696.84	8768	1960	176786.0	6852.045	0.031538	11568.4938	29.9247	11507.86	525	11611.86	11611.86	11920.0803	13	11580.86
abs2n35	6	 low	35	2	2	OU	 SP	9936.51	231.27	924.24	6251	3777	205402.5	3098.4017	0.03	10019.0018	40.2664	9936.51	160	11185.51	11164.51	10219.0363	17	9995.59
abs2n25	6	 low	25	5	2	OU	 SP	13092.45	188.94	694.83	10023	2209	176786.0	8500.7503	0.031538	13198.1869	62.279	13134.77	524	13117.7699	13117.7699	13665.9893	13	13332.97
abs2n30	6	 low	30	3	2	OU	 SP	9936.34	238.8	936.54	6293	3234	179408.0	4430.44	0.029677	10245.0308	167.4682	10104.34	523	10703.34	10703.34	10748.1533	12	10290.34
abs2n30	6	 low	30	4	2	OU	 SP	11229.6	234.16	940.44	7660	2745	179408.0	5783.355	0.029677	11346.3508	115.4078	11232.6	521	11579.6	11578.6	11783.7038	12	11485.34
abs2n30	6	 low	30	5	2	OU	 SP	12381.61	231.05	943.56	9080	2457	179408.0	7123.5067	0.029677	12817.8617	363.9449	12381.61	522	12711.61	12701.23	13297.8517	12	12559.61
abs2n35	6	 low	35	3	2	OU	 SP	10404.51	231.27	924.24	7288	2889	205402.5	4455.4225	0.03	10606.176	8.8946	10593.51	519	11332.51	11276.51	11316.6314	10	10593.51
abs2n35	6	 low	35	4	2	OU	 SP	11406.07	229.06	926.01	7984	2995	205402.5	5812.4433	0.03	11500.9073	69.7899	11406.07	517	12134.07	11976.16	12678.7309	11	11547.97
abs2n35	6	 low	35	5	2	OU	 SP	12664.59	230.69	924.9	9628	2175	205402.5	7174.7036	0.03	12751.6256	110.6977	12664.59	517	12959.59	12959.59	13394.974	9	13192.89
abs2n40	6	 low	40	2	2	OU	 SP	10912.98	263.13	957.81	6922	3710	210923.5	3432.7951	0.030488	11013.9618	59.0545	10914.94	518	11852.94	11852.94	11538.7646	11	11139.18
abs2n40	6	 low	40	3	2	OU	 SP	11202.34	262.69	958.65	7360	3427	210923.5	4949.4226	0.030488	11214.0067	13.7797	11202.34	515	12008.34	12008.34	12414.2375	12	11826.86
abs2n40	6	 low	40	4	2	OU	 SP	12466.74	262.69	958.65	8730	3241	210923.5	6470.6183	0.030488	12649.9767	78.718	12556.34	512	13192.34	13191.3398	13178.1032	12	12746.5
abs2n5	6	 low	5	2	2	OU	 SP	3699.42	31.71	193.71	2696	778	49384.5	2079.7675	0.028333	3720.69	0.0	3699.42	14	3699.42	3720.69	3699.1807	13	3720.69
abs2n40	6	 low	40	5	2	OU	 SP	14091.39	266.74	955.65	10758	2541	210923.5	7991.2462	0.030488	14164.3945	55.9479	14091.39	514	14521.39	14494.67	14920.9476	11	14930.51
abs2n5	6	 low	5	3	2	OU	 SP	4542.19	43.42	181.77	3314	1003	49384.5	3073.4756	0.028333	4549.3409	3.5355	4542.19	39	4542.19	4542.19	5444.3726	11	4542.19
abs2n5	6	 low	5	5	2	OU	 SP	6710.77	48.74	177.03	4762	1723	49384.5	5070.7793	0.028333	6725.77	11.5635	6710.77	14	6710.77	6710.77	5093.7992	8	6710.77
abs2n5	6	 low	5	4	2	OU	 SP	5453.8	48.33	175.47	4810	420	49384.5	4082.015	0.028333	5473.1725	8.2855	5453.8	64	5453.8	5453.8	6641.383	12	5453.8
abs2n45	6	 low	45	2	2	OU	 SP	10840.32	352.98	1285.08	6750	3773	204224.5	4420.8778	0.029783	11228.4042	290.3099	10841.06	510	12161.06	12161.06	12211.5743	12	10902.75
abs2n45	6	 low	45	3	2	OU	 SP	12536.32	354.46	1282.86	9194	2439	204224.5	6358.7367	0.029783	12664.5255	82.53	12536.32	512	13270.32	13270.32	13155.4344	11	13755.13
abs2n45	6	 low	45	4	2	OU	 SP	14065.56	340.39	1295.7	10830	2301	204224.5	8301.3745	0.029783	14309.3567	47.0683	14240.09	509	14767.09	14767.09	16268.3529	12	15695.41
abs3n10	6	 low	10	2	3	OU	 SP	5509.17	56.93	306.24	3172	2436	118325.5	2695.6843	0.032727	5556.1557	9.8346	5509.17	87	5971.17	5588.64	5511.9005	14	5530.64
abs2n45	6	 low	45	5	2	OU	 SP	16103.31	346.84	1289.07	13246	2092	204224.5	10237.4404	0.029783	16549.2917	84.7359	16486.91	508	16973.91	16973.91	17594.4941	12	17537.61
abs2n50	6	 low	50	2	2	OU	 SP	12314.64	369.76	1479.45	8104	3955	222732.5	4848.1813	0.030196	13142.2385	559.8763	12535.21	504	13908.21	13908.21	12780.6202	13	13088.85
abs3n15	6	 low	15	2	3	OU	 SP	7362.26	156.31	553.95	4992	1756	184494.0	3179.3535	0.033125	7372.6489	9.4566	7362.26	201	7458.26	7458.26	8003.7591	18	7362.26
abs2n50	6	 low	50	3	2	OU	 SP	14319.35	397.06	1459.29	10146	2976	222732.5	6962.7319	0.030196	14668.9269	335.6389	14319.35	507	14978.35	14968.67	17458.1564	13	15096.37
abs2n50	6	 low	50	4	2	OU	 SP	15964.96	362.91	1483.05	12032	2722	222732.5	9081.5892	0.030196	16082.2208	78.9074	15964.96	507	16599.96	16599.96	18751.8885	13	17468.1
abs2n50	6	 low	50	5	2	OU	 SP	17892.53	370.4	1479.51	13910	2889	222732.5	11191.8332	0.030196	18274.5485	94.2645	18097.91	499	18648.91	18648.91	20007.12	13	21046.68
abs3n20	6	 low	20	2	3	OU	 SP	7841.61	164.96	562.65	4678	2998	173451.0	2844.3468	0.030476	7860.3265	4.4434	7841.61	125	8404.61	8382.97	8422.0925	23	7859.97
abs3n10	6	 low	10	3	3	OU	 SP	6512.1	85.21	280.89	4521	1649	118325.5	3989.4122	0.032727	6531.4341	11.1144	6512.1	555	6537.1	6535.74	7009.8129	17	6528.95
abs3n10	6	 low	10	4	3	OU	 SP	7509.64	82.35	286.29	5792	1348	118325.5	5272.2685	0.032727	7574.4392	51.2729	7509.64	533	7509.6399	7509.6399	8797.7145	12	7651.75
abs3n10	6	 low	10	5	3	OU	 SP	8542.64	90.54	278.1	6659	1514	118325.5	6578.7056	0.032727	8542.64	0.0	8542.64	534	8542.64	8542.64	10967.4083	9	8542.64
abs3n15	6	 low	15	3	3	OU	 SP	8506.7	160.6	549.09	6180	1767	184494.0	4656.093	0.033125	8646.5379	72.4091	8514.69	530	8657.69	8585.66	9027.6955	19	8530.84
abs3n15	6	 low	15	4	3	OU	 SP	9446.41	153.31	554.1	6842	1944	184494.0	6126.3271	0.033125	9614.8392	75.5654	9451.41	530	9493.41	9493.41	10616.2685	13	9622.26
abs3n25	6	 low	25	2	3	OU	 SP	9028.47	224.47	770.94	6766	1940	192264.0	4071.6766	0.031923	9442.4921	55.0707	9316.41	240	9702.41	9691.41	10260.7703	19	9028.47
abs3n15	6	 low	15	5	3	OU	 SP	10633.28	156.69	553.59	7890	2029	184494.0	7599.8138	0.033125	10640.0677	20.3687	10633.28	530	10630.28	10630.28	11983.5728	13	10633.28
abs3n20	6	 low	20	3	3	OU	 SP	8843.18	126.76	594.42	5230	4064	173451.0	4150.2652	0.030476	9028.575	56.7898	8843.18	528	10015.18	9172.97	8840.1095	12	8955.97
abs3n20	6	 low	20	4	3	OU	 SP	10172.91	159.99	565.92	7014	2609	173451.0	5450.6735	0.030476	10315.7433	74.8305	10172.91	529	10349.91	10290.9099	10236.8272	12	10398.61
abs3n30	6	 low	30	2	3	OU	 SP	9220.13	330.11	1120.02	5324	3037	204549.0	2835.6878	0.030968	9260.1142	13.8791	9220.13	303	9811.13	9792.49	10360.0262	19	9220.13
abs3n20	6	 low	20	5	3	OU	 SP	11148.97	165.07	561.9	8264	2171	173451.0	6753.8369	0.030476	11198.7069	57.3683	11148.97	528	11161.97	11161.97	11868.9632	13	11301.01
abs3n25	6	 low	25	3	3	OU	 SP	10665.42	213.57	782.73	8408	1544	192264.0	5942.515	0.031923	10902.1062	129.4816	10735.3	524	10948.3	10821.42	11686.3566	16	10665.42
abs3n25	6	 low	25	4	3	OU	 SP	12550.02	209.94	787.08	10112	1574	192264.0	7813.3533	0.031923	12683.1017	121.6085	12550.02	523	12683.02	12657.0196	13289.5396	12	12556.74
abs3n25	6	 low	25	5	3	OU	 SP	14591.7	204.95	792.69	11936	1759	192264.0	9702.9	0.031923	14767.1933	19.9368	14744.64	524	14692.64	14646.01	15397.5657	12	14733.49
abs3n30	6	 low	30	4	3	OU	 SP	10706.25	320.76	1127.49	7102	2539	204549.0	5200.0965	0.030968	10779.0817	40.132	10711.25	520	11090.25	11021.25	11526.9014	12	11190.94
abs3n30	6	 low	30	3	3	OU	 SP	9822.49	313.56	1132.77	6740	2111	204549.0	4014.9878	0.030968	9973.9869	33.1205	9916.33	521	10297.33	10297.33	10469.2485	13	10065.1
abs3n30	6	 low	30	5	3	OU	 SP	11553.07	325.77	1125.48	8306	2065	204549.0	6379.3944	0.030968	11658.8236	143.9767	11565.25	523	11822.25	11793.97	12512.6728	14	11657.97
abs3n35	6	 low	35	2	3	OU	 SP	10440.75	360.76	1290.99	6492	2500	195931.0	4338.9331	0.031111	10685.6792	131.9281	10458.75	520	10643.75	10643.75	11782.1768	13	10611.81
abs3n35	6	 low	35	3	3	OU	 SP	12198.65	359.83	1295.82	8710	1695	195931.0	6235.5497	0.031111	12268.1117	50.478	12198.65	517	12060.65	12056.91	12925.1673	12	12551.69
abs3n35	6	 low	35	4	3	OU	 SP	13742.07	354.16	1300.53	10520	1580	195931.0	8136.8609	0.031111	14104.3464	273.326	13770.69	519	13754.69	13754.69	14514.5179	11	14478.65
abs3n35	6	 low	35	5	3	OU	 SP	15695.03	349.55	1301.1	12352	1692	195931.0	10025.8515	0.031111	15963.6975	145.8796	15823.65	519	15694.65	15682.08	16583.0676	12	17234.07
abs3n40	6	 low	40	2	3	OU	 SP	10091.83	394.15	1337.4	4474	4824	195433.0	2770.3418	0.032439	10430.4869	170.2403	10117.55	517	11029.55	11014.55	11449.6484	13	10663.11
abs3n45	6	 low	45	2	3	OU	 SP	11081.46	381.35	1369.11	6402	3986	200749.0	2612.5269	0.032174	11176.71	47.2	11081.46	257	12138.46	12132.46	11373.5658	12	11115.91
abs3n40	6	 low	40	3	3	OU	 SP	10589.55	401.05	1333.26	5694	4057	195433.0	3872.7328	0.032439	10829.1608	56.0754	10724.31	514	11486.31	11294.69	12134.5897	13	10823.17
abs3n40	6	 low	40	4	3	OU	 SP	11574.57	384.47	1346.04	7550	2671	195433.0	4977.6904	0.032439	11800.4833	65.4095	11729.51	511	11951.51	11907.17	12190.1465	12	11924.69
abs3n5	6	 low	5	2	3	OU	 SP	5961.31	49.95	156.36	4422	1333	100922.0	4385.6588	0.04	5961.31	0.0	5961.31	3	5961.31	5961.31	7438.5239	14	5961.31
abs3n5	6	 low	5	4	3	OU	 SP	10261.89	46.41	159.48	6310	3746	100922.0	8614.6429	0.04	10262.1757	0.7559	10261.89	28	10261.89	10261.89	14191.1901	7	10261.89
abs3n5	6	 low	5	3	3	OU	 SP	8793.73	48.51	158.22	7070	1504	100922.0	6480.9282	0.04	8794.53	1.0328	8793.73	24	8780.73	8780.73	10061.3297	10	8793.73
abs3n5	6	 low	5	5	3	OU	 SP	11741.12	65.58	144.54	10784	747	100922.0	10743.7177	0.04	11750.87	5.8138	11741.12	17	11741.12	11741.12	18194.8216	16	11741.12
abs4n10	6	 low	10	2	4	OU	 SP	6298.08	71.52	286.56	4249	1973	112460.5	3285.6876	0.026364	6473.9987	112.2536	6298.08	64	6582.0799	6582.0799	6880.6102	8	6298.08
abs3n40	6	 low	40	5	3	OU	 SP	12573.13	382.67	1346.46	8634	2355	195433.0	6082.3286	0.032439	12588.4478	9.2412	12573.13	517	12719.13	12679.21	13359.7202	9	12957.89
abs3n45	6	 low	45	3	3	OU	 SP	11348.91	391.48	1361.43	6940	3454	200749.0	3629.7959	0.032174	11601.7945	191.6394	11348.91	510	12146.91	12137.91	11441.4784	11	11514.91
abs4n15	6	 low	15	2	4	OU	 SP	6566.63	81.03	409.14	5341	1001	125072.0	3023.8539	0.02625	6677.0589	1.2693	6675.17	109	6833.17	6832.17	6995.8815	9	6566.63
abs3n45	6	 low	45	4	3	OU	 SP	11789.21	379.05	1373.16	7568	3087	200749.0	4647.6625	0.032174	11875.6117	65.886	11789.21	513	12407.21	12407.21	12445.4708	12	11992.9
abs3n45	6	 low	45	5	3	OU	 SP	12373.35	387.39	1363.5	8236	3050	200749.0	5663.1398	0.032174	12603.42	96.01	12499.89	511	13036.89	13032.93	13533.9157	12	12999.11
abs3n50	6	 low	50	2	3	OU	 SP	11408.04	386.31	1471.65	6440	3777	210041.0	3753.5574	0.032157	11672.8243	202.3733	11430.96	510	12075.96	12000.96	12352.1486	14	12157.83
abs3n50	6	 low	50	3	3	OU	 SP	12968.82	397.21	1462.41	8630	2938	210041.0	5324.3961	0.032157	13387.0792	115.7765	13164.62	500	13427.62	13359.49	14347.4585	13	13675.55
abs3n50	6	 low	50	4	3	OU	 SP	14315.62	384.63	1473.69	9890	2856	210041.0	6898.4438	0.032157	14605.8867	147.6264	14462.32	502	14604.32	14604.32	15255.2346	12	15599.47
abs3n50	6	 low	50	5	3	OU	 SP	15711.42	391.27	1467.6	12116	2479	210041.0	8472.092	0.032157	16296.8025	36.5345	16249.87	496	16453.87	16332.52	16649.8986	12	17784.21
abs4n10	6	 low	10	3	4	OU	 SP	7832.46	74.97	284.49	5982	1570	112460.5	4815.0455	0.026364	7887.4186	56.5256	7832.46	558	7912.46	7893.1	8214.3358	14	7851.1
abs4n10	6	 low	10	4	4	OU	 SP	8886.47	74.74	281.73	7026	1489	112460.5	6348.4069	0.026364	8886.47	0.0	8886.47	519	8871.47	8871.47	10102.1122	16	8886.47
abs4n10	6	 low	10	5	4	OU	 SP	10807.08	74.49	283.59	8148	2284	112460.5	7865.7958	0.026364	10833.1027	26.0174	10807.08	554	10790.08	10790.08	11911.4301	11	10952.33
abs4n15	6	 low	15	3	4	OU	 SP	7677.2	80.97	409.23	5814	1478	125072.0	4362.3751	0.02625	7725.8508	26.7735	7677.2	531	7783.2	7741.2	7853.7112	13	7826.2
abs4n25	6	 low	25	2	4	OU	 SP	8585.12	113.92	727.2	4006	6450	175022.5	2662.7397	0.027308	8834.2621	27.0499	8585.12	240	11297.12	9544.81	8582.8518	19	8812.81
abs4n15	6	 low	15	4	4	OU	 SP	8712.84	79.41	413.43	6680	1629	125072.0	5717.1872	0.02625	8763.0467	51.842	8712.84	531	8801.84	8799.71	9426.1529	12	8991.46
abs4n15	6	 low	15	5	4	OU	 SP	9896.69	77.99	413.7	8116	1337	125072.0	7044.0651	0.02625	9929.2191	24.4534	9896.69	531	9944.69	9944.69	11061.4742	11	9922.63
abs4n20	6	 low	20	2	4	OU	 SP	8758.43	117.07	561.54	5807	2630	182400.0	4184.0415	0.027619	8829.122	48.5755	8758.61	528	9116.61	9101.61	9218.0395	20	8854.43
abs4n20	6	 low	20	3	4	OU	 SP	10394.54	117.38	560.67	7951	2029	182400.0	6047.238	0.027619	10640.5288	153.4928	10503.05	528	10660.05	10660.05	10889.4727	17	10582.33
abs4n20	6	 low	20	4	4	OU	 SP	12220.01	115.68	562.59	9946	1766	182400.0	7912.811	0.027619	12354.54	101.6168	12247.27	528	12390.27	12390.27	13197.0143	11	12447.69
abs4n20	6	 low	20	5	4	OU	 SP	13617.15	115.85	561.3	10956	2000	182400.0	9762.9638	0.027619	13670.1718	40.0906	13618.15	528	13634.15	13634.15	14756.53	11	13669.53
abs4n25	6	 low	25	3	4	OU	 SP	9261.05	155.24	690.81	5956	3054	175022.5	3848.3296	0.027308	9400.2133	118.792	9261.05	525	9856.05	9856.05	9468.9075	15	9404.05
abs4n30	6	 low	30	2	4	OU	 SP	8954.89	182.65	786.24	5337	4132	173807.0	3117.2975	0.027419	9090.2233	106.3738	8954.89	325	10438.89	10434.5	9153.5805	15	8989.5
abs4n25	6	 low	25	4	4	OU	 SP	10180.56	156.6	687.96	7292	2442	175022.5	5042.7942	0.027308	10403.2014	179.5796	10180.56	523	10578.56	10578.56	10735.1819	14	10359.3
abs4n25	6	 low	25	5	4	OU	 SP	11023.67	156.89	688.2	7810	2702	175022.5	6222.0427	0.027308	11306.484	130.3924	11117.09	523	11357.09	11357.09	11722.0208	10	11091.4
abs4n30	6	 low	30	3	4	OU	 SP	9967.17	179.93	788.55	6402	3648	173807.0	4514.7847	0.027419	10111.8057	86.7531	10008.48	523	11018.48	11006.48	10300.084	14	10200.34
abs4n30	6	 low	30	4	4	OU	 SP	10948.73	183.35	784.38	7364	3533	173807.0	5913.5332	0.027419	10995.434	85.4819	10948.73	520	11864.73	11716.9	11610.1856	15	11479.17
abs4n30	6	 low	30	5	4	OU	 SP	12170.4	177.41	790.2	9200	2494	173807.0	7313.5447	0.027419	12476.5492	146.306	12304.61	521	12661.61	12659.61	13192.4559	13	12366.61
abs4n35	6	 low	35	2	4	OU	 SP	9406.41	238.81	929.37	5786	3462	176871.0	3602.7045	0.028056	9612.795	113.2619	9496.18	520	10416.18	10396.18	9622.4203	16	9406.41
abs4n35	6	 low	35	3	4	OU	 SP	10711.2	237.41	931.47	7848	2297	176871.0	5207.9468	0.028056	10845.0809	28.352	10793.88	517	11314.88	11280.09	11535.7345	11	11065.41
abs4n35	6	 low	35	4	4	OU	 SP	12126.89	233.09	934.59	9056	2458	176871.0	6818.5578	0.028056	12369.9442	108.0355	12256.68	519	12681.68	12627.38	12726.2163	12	12755.54
abs4n35	6	 low	35	5	4	OU	 SP	13712.85	232.2	937.98	10974	1850	176871.0	8415.0801	0.028056	13905.6456	63.1866	13798.18	517	13994.18	13994.18	14398.2454	9	14615.82
abs4n40	6	 low	40	2	4	OU	 SP	10114.95	195.06	1045.89	3526	13999	205643.5	2901.7949	0.028537	10944.1645	52.4007	10114.95	513	18765.95	12370.59	10107.908	11	10554.01
abs4n40	6	 low	40	3	4	OU	 SP	11278.02	189.19	1048.83	5080	10614	205643.5	4142.2123	0.028537	11411.6385	40.9431	11278.02	513	16932.02	12327.05	11272.689	13	11338.01
abs4n40	6	 low	40	4	4	OU	 SP	11972.63	243.17	1001.46	8152	3376	205643.5	5382.6298	0.028537	12063.725	108.2807	11972.63	515	12772.63	12770.28	12562.0336	10	12489.88
abs4n5	6	 low	5	2	4	OU	 SP	3784.83	29.3	151.53	2466	1190	43736.5	2220.7983	0.025	3784.83	0.0	3784.83	5	3836.83	3836.83	4944.3718	9	3784.83
abs4n40	6	 low	40	5	4	OU	 SP	13129.92	238.74	1005.24	9334	3194	205643.5	6627.8364	0.028537	13290.464	6.938	13272.98	514	13771.98	13737.98	13618.2095	10	13419.12
abs4n5	6	 low	5	3	4	OU	 SP	4592.74	27.48	154.26	4002	409	43736.5	3262.2415	0.025	4596.34	8.6049	4592.74	11	4592.74	4592.74	5451.186	10	4592.74
abs4n5	6	 low	5	4	4	OU	 SP	5524.4	33.04	147.36	4514	830	43736.5	4334.9532	0.025	5525.4909	0.7006	5524.4	12	5524.4	5524.4	8566.9547	11	5524.4
abs4n45	6	 low	45	2	4	OU	 SP	11089.17	343.28	1348.89	6440	4216	207204.5	4112.1342	0.028696	11318.8292	177.041	11089.17	512	12348.17	12335.63	11888.5042	12	11497.74
abs4n45	6	 low	45	3	4	OU	 SP	12662.61	343.3	1348.86	8674	2803	207204.5	5886.5273	0.028696	12829.9983	95.1853	12690.16	511	13169.16	13169.16	13182.8513	12	13058.15
abs4n45	6	 low	45	4	4	OU	 SP	14173.06	339.58	1350.57	10728	2200	207204.5	7657.9283	0.028696	14721.74	191.1693	14451.15	512	14618.15	14617.15	15091.6856	10	14965.55
abs4n5	6	 low	5	5	4	OU	 SP	7213.32	35.2	144.12	6172	862	43736.5	5365.1557	0.025	7214.4125	0.6647	7213.32	35	7213.32	7213.32	10181.3457	12	7213.32
abs5n10	6	 low	10	2	5	OU	 SP	5498.39	114.95	355.44	3031	2076	94256.0	2429.5769	0.038182	5524.12	17.8556	5498.39	45	5579.39	5565.39	5597.0972	13	5498.39
abs4n45	6	 low	45	5	4	OU	 SP	15531.88	343.52	1343.79	12260	2241	207204.5	9433.3189	0.028696	16011.6436	234.3907	15851.31	506	16188.31	16063.2	16822.0712	11	16789.78
abs4n50	6	 low	50	2	4	OU	 SP	11748.54	442.32	1595.22	7200	4152	222896.5	4572.8861	0.029216	11986.025	293.2626	11748.54	502	13389.54	13334.16	12121.9678	12	12175.67
abs4n50	6	 low	50	3	4	OU	 SP	13464.71	430.74	1607.76	9044	3615	222896.5	6522.6091	0.029216	13622.055	145.6826	13475.5	503	14697.5	14684.51	15867.0063	12	14518.98
abs4n50	6	 low	50	4	4	OU	 SP	15576.85	438.61	1602.57	11632	2943	222896.5	8472.3322	0.029216	15847.0854	109.1717	15675.18	508	16616.18	16483.32	16395.5242	13	17199.82
abs4n50	6	 low	50	5	4	OU	 SP	17375.62	429.24	1606.89	13312	2910	222896.5	10431.7073	0.029216	17674.54	41.8666	17610.13	498	18258.13	18226.87	18853.7356	13	18315.62
abs5n10	6	 low	10	3	5	OU	 SP	6113.57	115.67	354.9	4442	1213	94256.0	3500.1709	0.038182	6113.57	0.0	6113.57	437	6125.57	6125.57	6545.4645	15	6113.57
abs5n15	6	 low	15	2	5	OU	 SP	6836.91	112.36	372.15	4884	1612	118284.0	3452.2543	0.038125	6978.4811	8.2575	6968.51	457	6980.51	6980.51	7465.5932	18	6836.91
abs5n10	6	 low	10	4	5	OU	 SP	6875.63	113.32	356.31	5378	1028	94256.0	4573.0047	0.038182	6877.6377	3.1465	6875.63	568	6875.63	6875.63	7623.7406	13	6875.63
abs5n10	6	 low	10	5	5	OU	 SP	7816.4	116.4	354.0	6210	1136	94256.0	5648.0852	0.038182	7823.1617	9.8585	7816.4	534	7816.4	7816.4	8812.022	12	7857.28
abs5n15	6	 low	15	3	5	OU	 SP	7884.18	119.82	366.39	5920	1634	118284.0	5026.1014	0.038125	8070.4467	60.4604	7995.21	549	8040.21	8040.21	8168.839	18	8109.07
abs5n15	6	 low	15	4	5	OU	 SP	9383.55	115.16	369.39	6748	2251	118284.0	6611.5637	0.038125	9456.7136	51.6276	9383.55	531	9483.55	9441.55	9780.0535	11	9383.55
abs5n15	6	 low	15	5	5	OU	 SP	10724.96	114.54	369.42	8979	1311	118284.0	8181.0485	0.038125	10791.8038	63.1502	10724.96	531	10775.96	10775.9599	11607.4906	13	10724.96
abs5n20	6	 low	20	2	5	OU	 SP	8996.51	191.34	634.17	6856	1257	172582.0	4825.3334	0.035714	9137.2835	92.6998	8998.51	530	8938.51	8938.51	9207.8901	17	9086.2
abs5n20	6	 low	20	3	5	OU	 SP	11055.45	189.25	637.2	9276	876	172582.0	6967.6278	0.035714	11142.7843	52.2142	11055.45	528	10979.45	10967.64	11248.8004	14	11088.72
abs5n20	6	 low	20	4	5	OU	 SP	12777.85	184.72	641.13	10622	1416	172582.0	9117.3867	0.035714	13004.4093	160.0167	12777.85	529	12863.85	12863.85	13309.0165	15	13003.92
abs5n20	6	 low	20	5	5	OU	 SP	14926.79	181.95	642.84	12776	1361	172582.0	11257.193	0.035714	15049.43	116.847	14947.79	527	14961.79	14959.79	15740.4995	10	15168.21
abs5n25	6	 low	25	2	5	OU	 SP	8987.71	240.58	857.13	6104	1979	165277.0	4725.5265	0.033462	9093.6574	70.4777	8987.71	525	9180.71	9112.7099	9405.2316	19	9016.71
abs5n25	6	 low	25	3	5	OU	 SP	10640.51	239.22	857.82	8204	1703	165277.0	6727.0297	0.033462	10948.0638	92.8906	10836.04	526	11005.04	10970.04	11312.0857	13	10994.04
abs5n25	6	 low	25	4	5	OU	 SP	12705.48	244.76	852.72	9934	1870	165277.0	8735.9735	0.033462	12843.8436	46.7266	12764.48	525	12901.48	12901.48	13583.4571	11	13112.04
abs5n25	6	 low	25	5	5	OU	 SP	14662.21	244.54	855.99	11982	1805	165277.0	10725.3924	0.033462	14788.4586	22.6699	14760.53	524	14888.5299	14888.5299	15460.2379	14	14800.21
abs5n30	6	 low	30	2	5	OU	 SP	8197.61	244.11	863.7	4914	2704	154354.0	3017.1076	0.032903	8261.0429	69.6848	8213.81	522	8725.81	8725.81	8783.7669	14	8197.61
abs5n30	6	 low	30	3	5	OU	 SP	9501.17	238.73	867.18	6536	2062	154354.0	4344.5214	0.032903	9626.235	76.8882	9548.91	521	9703.91	9703.91	9686.3047	12	9609.49
abs5n30	6	 low	30	4	5	OU	 SP	10745.79	243.23	862.56	7676	2138	154354.0	5676.634	0.032903	10806.596	46.8028	10745.79	522	10919.79	10913.79	11060.6907	10	11086.49
abs5n30	6	 low	30	5	5	OU	 SP	11706.01	235.59	870.42	9160	1758	154354.0	7005.2225	0.032903	11964.8267	116.4264	11892.01	522	12024.01	12022.01	12280.4984	12	12552.04
abs5n35	6	 low	35	2	5	OU	 SP	9414.88	259.4	972.48	5572	3453	186176.0	3181.5235	0.031389	9482.8175	53.4134	9414.88	519	10257.88	10257.88	10229.9961	16	9512.88
abs5n35	6	 low	35	3	5	OU	 SP	10755.2	269.98	962.22	7382	2442	186176.0	4568.2552	0.031389	10829.41	56.2707	10755.2	518	11056.2	10961.2	11437.0589	12	10966.08
abs5n35	6	 low	35	4	5	OU	 SP	11859.94	270.89	958.05	8650	2295	186176.0	5959.4459	0.031389	11917.0933	58.2451	11859.94	518	12173.94	12171.94	12523.7914	12	12525.65
abs5n35	6	 low	35	5	5	OU	 SP	13117.27	257.44	970.83	9898	2339	186176.0	7341.7186	0.031389	13270.2736	202.9895	13117.27	516	13465.27	13465.27	13551.1008	11	13583.06
abs5n40	6	 low	40	2	5	OU	 SP	9849.56	332.93	1212.63	5842	3447	180550.5	3365.0175	0.03122	10207.59	179.9421	9849.56	517	10834.56	10834.56	10263.2609	12	10303.29
abs5n40	6	 low	40	3	5	OU	 SP	11126.89	317.57	1225.32	7372	2792	180550.5	4792.0163	0.03122	11468.2792	198.3414	11126.89	512	11706.89	11706.89	11869.2804	13	12058.67
abs5n40	6	 low	40	4	5	OU	 SP	12249.1	327.58	1217.43	8316	2920	180550.5	6219.015	0.03122	12425.3967	39.4855	12376.01	515	12781.01	12748.65	13152.8403	9	12933.86
abs5n40	6	 low	40	5	5	OU	 SP	13599.44	320.21	1223.85	10104	2150	180550.5	7652.651	0.03122	13666.8044	30.5952	13622.06	517	13798.06	13798.06	14336.3871	9	14366.73
abs5n5	6	 low	5	2	5	OU	 SP	3025.22	58.84	148.38	2622	196	33031.0	2242.7839	0.04	3046.471	14.8356	3025.22	7	3025.22	3025.22	3141.073	20	3025.22
abs5n5	6	 low	5	4	5	OU	 SP	5062.75	66.38	143.37	3458	1395	33031.0	4296.2078	0.04	5064.6591	1.5136	5062.75	22	5062.75	5062.75	7848.4304	11	5062.75
abs5n5	6	 low	5	3	5	OU	 SP	4088.88	55.49	150.39	3504	379	33031.0	3261.1486	0.04	4090.5754	1.2918	4088.88	65	4088.88	4088.88	7848.4304	13	4088.88
abs5n5	6	 low	5	5	5	OU	 SP	6447.73	68.5	142.23	5064	1173	33031.0	5365.1134	0.04	6448.605	0.6409	6447.73	63	6447.73	6447.73	3925.8974	8	6447.73
abs5n45	6	 low	45	2	5	OU	 SP	10382.57	287.97	1458.6	2944	15571	163754.0	2618.1895	0.031087	10712.3267	51.5397	10382.57	512	20261.57	11615.85	10374.861	12	10582.14
abs5n45	6	 low	45	3	5	OU	 SP	10715.72	366.27	1398.45	5921	3925	163754.0	3634.5021	0.031087	10921.7333	160.3079	10715.72	508	11611.72	11540.27	10865.798	15	10850.93
abs5n45	6	 low	45	4	5	OU	 SP	11376.49	371.77	1392.72	7470	2456	163754.0	4654.6535	0.031087	11535.7907	81.4155	11392.49	510	11690.49	11690.49	12674.4664	15	11621.12
abs5n45	6	 low	45	5	5	OU	 SP	12122.89	375.15	1389.93	8334	2175	163754.0	5669.5939	0.031087	12311.3233	132.1025	12129.08	505	12274.08	12274.08	13554.654	15	12520.99
abs5n50	6	 low	50	2	5	OU	 SP	11382.17	381.53	1463.64	6684	3927	202575.0	4298.7536	0.03098	11713.499	181.7608	11382.17	507	12456.17	12456.17	12062.6788	20	12024.27
abs5n50	6	 low	50	3	5	OU	 SP	13048.32	371.82	1472.01	8574	3409	202575.0	6140.7113	0.03098	13317.8495	73.2164	13216.83	505	13826.83	13794.91	13734.3082	20	14191.69
abs5n50	6	 low	50	4	5	OU	 SP	14607.55	391.89	1455.9	10854	2894	202575.0	7985.5072	0.03098	15239.5353	116.4285	15091.79	504	15595.79	15595.79	15746.5386	17	16081.71
abs5n50	6	 low	50	5	5	OU	 SP	16469.34	369.11	1473.12	12324	2947	202575.0	9831.2503	0.03098	16816.0895	172.7895	16580.23	506	17113.23	17113.23	17429.8375	19	18018.28
